2026-09-21 07:39:53,177 | INFO | ========================================================================
2026-09-21 07:39:53,177 | INFO | RU IPTV MEGA PARSER
2026-09-21 07:39:53,177 | INFO | TARGET: >= 20000 channels / >= 10000 Russian
2026-09-21 07:39:53,177 | INFO | ALTERNATIVES TARGET: >= 12 per channel, no upper limit
2026-09-21 07:39:53,177 | INFO | ========================================================================
2026-09-21 07:39:53,291 | INFO | SOURCES: 1284
2026-09-21 07:39:54,120 | INFO | SOURCE 1/1284: https://iptv-org.github.io/iptv/cities/arcnq.m3u -> records=1 epg=0
2026-09-21 07:39:54,121 | INFO | SOURCE 2/1284: https://raw.githubusercontent.com/Free-TV/IPTV/master/playlist.m3u8 -> records=2069 epg=101
2026-09-21 07:39:54,121 | INFO | SOURCE 3/1284: https://iptv-org.github.io/iptv/cities/alfie.m3u -> records=1 epg=0
2026-09-21 07:39:54,121 | INFO | SOURCE 4/1284: https://iptv-org.github.io/iptv/categories/weather.m3u -> records=16 epg=0
2026-09-21 07:39:54,121 | INFO | SOURCE 5/1284: https://iptv-org.github.io/iptv/categories/travel.m3u -> records=61 epg=0
2026-09-21 07:39:54,121 | INFO | SOURCE 6/1284: https://iptv-org.github.io/iptv/categories/shop.m3u -> records=80 epg=0
2026-09-21 07:39:54,121 | INFO | SOURCE 7/1284: https://iptv-org.github.io/iptv/categories/science.m3u -> records=22 epg=0
2026-09-21 07:39:54,121 | INFO | SOURCE 8/1284: https://iptv-org.github.io/iptv/cities/arrsa.m3u -> records=1 epg=0
2026-09-21 07:39:54,121 | INFO | SOURCE 9/1284: https://iptv-org.github.io/iptv/cities/bolpb.m3u -> records=1 epg=0
2026-09-21 07:39:54,121 | INFO | SOURCE 10/1284: https://iptv-org.github.io/iptv/cities/aroyo.m3u -> records=1 epg=0
2026-09-21 07:39:54,121 | INFO | SOURCE 11/1284: https://raw.githubusercontent.com/substanc1/iptv-russia/main/streams/ru.m3u -> records=841 epg=0
2026-09-21 07:39:54,121 | INFO | SOURCE 12/1284: https://raw.githubusercontent.com/Free-TV/IPTV/master/playlists/playlist_russia.m3u8 -> records=58 epg=101
2026-09-21 07:39:54,121 | INFO | SOURCE 13/1284: https://iptv-org.github.io/iptv/cities/arsfn.m3u -> records=3 epg=0
2026-09-21 07:39:54,122 | INFO | SOURCE 14/1284: https://iptv-org.github.io/iptv/cities/artdl.m3u -> records=1 epg=0
2026-09-21 07:39:54,122 | INFO | SOURCE 15/1284: https://iptv-org.github.io/iptv/cities/arsfv.m3u -> records=1 epg=0
2026-09-21 07:39:54,122 | INFO | SOURCE 16/1284: https://iptv-org.github.io/iptv/cities/arros.m3u -> records=1 epg=0
2026-09-21 07:39:54,122 | INFO | SOURCE 17/1284: https://iptv-org.github.io/iptv/cities/brbac.m3u -> records=1 epg=0
2026-09-21 07:39:54,161 | INFO | SOURCE 18/1284: https://iptv-org.github.io/iptv/categories/lifestyle.m3u -> records=124 epg=0
2026-09-21 07:39:54,238 | INFO | SOURCE 19/1284: https://dearbulut.github.io/iptv/playlists/country/ru.m3u -> records=462 epg=1
2026-09-21 07:39:54,238 | INFO | SOURCE 20/1284: https://iptv-org.github.io/iptv/cities/arsst.m3u -> records=1 epg=0
2026-09-21 07:39:54,238 | INFO | SOURCE 21/1284: https://iptv-org.github.io/iptv/categories/interactive.m3u -> records=2 epg=0
2026-09-21 07:39:54,238 | INFO | SOURCE 22/1284: https://iptv-org.github.io/iptv/categories/family.m3u -> records=62 epg=0
2026-09-21 07:39:54,238 | INFO | SOURCE 23/1284: https://iptv-org.github.io/iptv/categories/animation.m3u -> records=160 epg=0
2026-09-21 07:39:54,238 | INFO | SOURCE 24/1284: https://iptv-org.github.io/iptv/cities/brarw.m3u -> records=1 epg=0
2026-09-21 07:39:54,239 | INFO | SOURCE 25/1284: https://iptv-org.github.io/iptv/cities/arluq.m3u -> records=1 epg=0
2026-09-21 07:39:54,239 | INFO | SOURCE 26/1284: https://iptv-org.github.io/iptv/cities/brmuu.m3u -> records=1 epg=0
2026-09-21 07:39:54,239 | INFO | SOURCE 27/1284: https://iptv-org.github.io/iptv/cities/arres.m3u -> records=4 epg=0
2026-09-21 07:39:54,239 | INFO | SOURCE 28/1284: https://iptv-org.github.io/iptv/cities/brosa.m3u -> records=1 epg=0
2026-09-21 07:39:54,239 | INFO | SOURCE 29/1284: https://smolnp.github.io/IPTVru/IPTVru.m3u -> records=328 epg=1
2026-09-21 07:39:54,239 | INFO | SOURCE 30/1284: https://iptv-org.github.io/iptv/cities/arfma.m3u -> records=1 epg=0
2026-09-21 07:39:54,239 | INFO | SOURCE 31/1284: https://iptv-org.github.io/iptv/cities/braru.m3u -> records=1 epg=0
2026-09-21 07:39:54,239 | INFO | SOURCE 32/1284: https://iptv-org.github.io/iptv/cities/arsnp.m3u -> records=1 epg=0
2026-09-21 07:39:54,239 | INFO | SOURCE 33/1284: https://iptv-org.github.io/iptv/cities/arrel.m3u -> records=2 epg=0
2026-09-21 07:39:54,239 | INFO | SOURCE 34/1284: https://iptv-org.github.io/iptv/cities/ausyd.m3u -> records=1 epg=0
2026-09-21 07:39:54,239 | INFO | SOURCE 35/1284: https://iptv-org.github.io/iptv/categories/public.m3u -> records=39 epg=0
2026-09-21 07:39:54,239 | INFO | SOURCE 36/1284: https://iptv-org.github.io/iptv/cities/arlhs.m3u -> records=1 epg=0
2026-09-21 07:39:54,249 | INFO | SOURCE 37/1284: https://iptv-org.github.io/iptv/cities/areqs.m3u -> records=1 epg=0
2026-09-21 07:39:54,249 | INFO | SOURCE 38/1284: https://iptv-org.github.io/iptv/cities/arbhi.m3u -> records=1 epg=0
2026-09-21 07:39:54,249 | INFO | SOURCE 39/1284: https://iptv-org.github.io/iptv/categories/xxx.m3u -> records=0 epg=0
2026-09-21 07:39:54,249 | INFO | SOURCE 40/1284: https://iptv-org.github.io/iptv/categories/religious.m3u -> records=775 epg=0
2026-09-21 07:39:54,249 | INFO | SOURCE 41/1284: https://iptv-org.github.io/iptv/cities/boscs.m3u -> records=1 epg=0
2026-09-21 07:39:54,249 | INFO | SOURCE 42/1284: https://iptv-org.github.io/iptv/categories/movies.m3u -> records=754 epg=0
2026-09-21 07:39:54,249 | INFO | SOURCE 43/1284: https://iptv-org.github.io/iptv/categories/auto.m3u -> records=26 epg=0
2026-09-21 07:39:54,249 | INFO | SOURCE 44/1284: https://iptv-org.github.io/iptv/categories/cooking.m3u -> records=50 epg=0
2026-09-21 07:39:54,250 | INFO | SOURCE 45/1284: https://iptv-org.github.io/iptv/cities/arsmg.m3u -> records=2 epg=0
2026-09-21 07:39:54,250 | INFO | SOURCE 46/1284: https://iptv-org.github.io/iptv/cities/brmrc.m3u -> records=1 epg=0
2026-09-21 07:39:54,250 | INFO | SOURCE 47/1284: https://iptv-org.github.io/iptv/cities/atklu.m3u -> records=1 epg=0
2026-09-21 07:39:54,250 | INFO | SOURCE 48/1284: https://iptv-org.github.io/iptv/categories/outdoor.m3u -> records=76 epg=0
2026-09-21 07:39:54,250 | INFO | SOURCE 49/1284: https://iptv-org.github.io/iptv/cities/brcxs.m3u -> records=1 epg=0
2026-09-21 07:39:54,250 | INFO | SOURCE 50/1284: https://iptv-org.github.io/iptv/cities/booru.m3u -> records=1 epg=0
2026-09-21 07:39:54,250 | INFO | SOURCE 51/1284: https://iptv-org.github.io/iptv/cities/bocbb.m3u -> records=1 epg=0
2026-09-21 07:39:54,250 | INFO | SOURCE 52/1284: https://iptv-org.github.io/iptv/categories/legislative.m3u -> records=181 epg=0
2026-09-21 07:39:54,250 | INFO | SOURCE 53/1284: https://iptv-org.github.io/iptv/cities/atgrz.m3u -> records=1 epg=0
2026-09-21 07:39:54,250 | INFO | SOURCE 54/1284: https://iptv-org.github.io/iptv/cities/arlpg.m3u -> records=1 epg=0
2026-09-21 07:39:54,250 | INFO | SOURCE 55/1284: https://iptv-org.github.io/iptv/cities/arnqn.m3u -> records=2 epg=0
2026-09-21 07:39:54,250 | INFO | SOURCE 56/1284: https://iptv-org.github.io/iptv/cities/boalt.m3u -> records=1 epg=0
2026-09-21 07:39:54,251 | INFO | SOURCE 57/1284: https://naggdd.github.io/iptv/ru.m3u -> records=1070 epg=0
2026-09-21 07:39:54,251 | INFO | SOURCE 58/1284: https://iptv-org.github.io/iptv/categories/documentary.m3u -> records=252 epg=0
2026-09-21 07:39:54,251 | INFO | SOURCE 59/1284: https://iptv-org.github.io/iptv/categories/business.m3u -> records=74 epg=0
2026-09-21 07:39:54,251 | INFO | SOURCE 60/1284: https://iptv-org.github.io/iptv/categories/classic.m3u -> records=106 epg=0
2026-09-21 07:39:54,252 | INFO | SOURCE 61/1284: https://iptv-org.github.io/iptv/cities/arsla.m3u -> records=3 epg=0
2026-09-21 07:39:54,252 | INFO | SOURCE 62/1284: https://iptv-org.github.io/iptv/categories/relax.m3u -> records=8 epg=0
2026-09-21 07:39:54,252 | INFO | SOURCE 63/1284: https://iptv-org.github.io/iptv/cities/arvnt.m3u -> records=1 epg=0
2026-09-21 07:39:54,252 | INFO | SOURCE 64/1284: https://iptv-org.github.io/iptv/cities/armdq.m3u -> records=5 epg=0
2026-09-21 07:39:54,252 | INFO | SOURCE 65/1284: https://iptv-org.github.io/iptv/cities/arsde.m3u -> records=1 epg=0
2026-09-21 07:39:54,253 | INFO | SOURCE 66/1284: https://iptv-org.github.io/iptv/cities/briig.m3u -> records=1 epg=0
2026-09-21 07:39:54,253 | INFO | SOURCE 67/1284: https://iptv-org.github.io/iptv/cities/arpss.m3u -> records=3 epg=0
2026-09-21 07:39:54,290 | INFO | SOURCE 68/1284: https://iptv-org.github.io/iptv/cities/brjpa.m3u -> records=1 epg=0
2026-09-21 07:39:54,291 | INFO | SOURCE 69/1284: https://iptv-org.github.io/iptv/cities/brcdi.m3u -> records=1 epg=0
2026-09-21 07:39:54,291 | INFO | SOURCE 70/1284: https://iptv-org.github.io/iptv/cities/arvmr.m3u -> records=1 epg=0
2026-09-21 07:39:54,291 | INFO | SOURCE 71/1284: https://iptv-org.github.io/iptv/cities/arssj.m3u -> records=3 epg=0
2026-09-21 07:39:54,291 | INFO | SOURCE 72/1284: https://iptv-org.github.io/iptv/cities/arsmc.m3u -> records=2 epg=0
2026-09-21 07:39:54,291 | INFO | SOURCE 73/1284: https://iptv-org.github.io/iptv/cities/brbsb.m3u -> records=1 epg=0
2026-09-21 07:39:54,291 | INFO | SOURCE 74/1284: https://iptv-org.github.io/iptv/cities/brssp.m3u -> records=1 epg=0
2026-09-21 07:39:54,291 | INFO | SOURCE 75/1284: https://iptv-org.github.io/iptv/cities/brcba.m3u -> records=1 epg=0
2026-09-21 07:39:54,291 | INFO | SOURCE 76/1284: https://iptv-org.github.io/iptv/cities/brgus.m3u -> records=1 epg=0
2026-09-21 07:39:54,291 | INFO | SOURCE 77/1284: https://iptv-org.github.io/iptv/cities/brpfo.m3u -> records=1 epg=0
2026-09-21 07:39:54,291 | INFO | SOURCE 78/1284: https://iptv-org.github.io/iptv/cities/brudi.m3u -> records=1 epg=0
2026-09-21 07:39:54,291 | INFO | SOURCE 79/1284: https://iptv-org.github.io/iptv/categories/music.m3u -> records=737 epg=0
2026-09-21 07:39:54,291 | INFO | SOURCE 80/1284: https://iptv-org.github.io/iptv/cities/brcas.m3u -> records=1 epg=0
2026-09-21 07:39:54,292 | INFO | SOURCE 81/1284: https://iptv-org.github.io/iptv/cities/casjf.m3u -> records=2 epg=0
2026-09-21 07:39:54,292 | INFO | SOURCE 82/1284: https://iptv-org.github.io/iptv/cities/cahal.m3u -> records=1 epg=0
2026-09-21 07:39:54,292 | INFO | SOURCE 83/1284: https://iptv-org.github.io/iptv/cities/caedm.m3u -> records=3 epg=0
2026-09-21 07:39:54,292 | INFO | SOURCE 84/1284: https://iptv-org.github.io/iptv/cities/brsje.m3u -> records=1 epg=0
2026-09-21 07:39:54,292 | INFO | SOURCE 85/1284: https://iptv-org.github.io/iptv/cities/brfor.m3u -> records=1 epg=0
2026-09-21 07:39:54,292 | INFO | SOURCE 86/1284: https://iptv-org.github.io/iptv/cities/casbr.m3u -> records=1 epg=0
2026-09-21 07:39:54,292 | INFO | SOURCE 87/1284: https://iptv-org.github.io/iptv/cities/canee.m3u -> records=1 epg=0
2026-09-21 07:39:54,292 | INFO | SOURCE 88/1284: https://iptv-org.github.io/iptv/categories/news.m3u -> records=995 epg=0
2026-09-21 07:39:54,292 | INFO | SOURCE 89/1284: https://iptv-org.github.io/iptv/cities/brpoa.m3u -> records=1 epg=0
2026-09-21 07:39:54,292 | INFO | SOURCE 90/1284: https://iptv-org.github.io/iptv/cities/brnfu.m3u -> records=1 epg=0
2026-09-21 07:39:54,320 | INFO | SOURCE 91/1284: https://iptv-org.github.io/iptv/cities/brcfo.m3u -> records=1 epg=0
2026-09-21 07:39:54,320 | INFO | SOURCE 92/1284: https://iptv-org.github.io/iptv/cities/brszo.m3u -> records=1 epg=0
2026-09-21 07:39:54,320 | INFO | SOURCE 93/1284: https://iptv-org.github.io/iptv/cities/cavan.m3u -> records=2 epg=0
2026-09-21 07:39:54,320 | INFO | SOURCE 94/1284: https://iptv-org.github.io/iptv/categories/sports.m3u -> records=423 epg=0
2026-09-21 07:39:54,340 | INFO | SOURCE 95/1284: https://iptv-org.github.io/iptv/cities/brroo.m3u -> records=1 epg=0
2026-09-21 07:39:54,357 | INFO | SOURCE 96/1284: https://iptv-org.github.io/iptv/cities/caiql.m3u -> records=1 epg=0
2026-09-21 07:39:54,377 | INFO | SOURCE 97/1284: https://iptv-org.github.io/iptv/cities/caott.m3u -> records=2 epg=0
2026-09-21 07:39:54,377 | INFO | SOURCE 98/1284: https://iptv-org.github.io/iptv/cities/brprx.m3u -> records=1 epg=0
2026-09-21 07:39:54,377 | INFO | SOURCE 99/1284: https://iptv-org.github.io/iptv/cities/brnat.m3u -> records=2 epg=0
2026-09-21 07:39:54,394 | INFO | SOURCE 100/1284: https://iptv-org.github.io/iptv/cities/brvis.m3u -> records=1 epg=0
2026-09-21 07:39:54,519 | INFO | SOURCE 101/1284: https://iptv-org.github.io/iptv/cities/cafre.m3u -> records=1 epg=0
2026-09-21 07:39:54,556 | INFO | SOURCE 102/1284: https://iptv-org.github.io/iptv/cities/cosac.m3u -> records=1 epg=0
2026-09-21 07:39:54,556 | INFO | SOURCE 103/1284: https://iptv-org.github.io/iptv/cities/bocpb.m3u -> records=1 epg=0
2026-09-21 07:39:54,556 | INFO | SOURCE 104/1284: https://iptv-org.github.io/iptv/cities/cavic.m3u -> records=2 epg=0
2026-09-21 07:39:54,556 | INFO | SOURCE 105/1284: https://iptv-org.github.io/iptv/cities/cawnp.m3u -> records=2 epg=0
2026-09-21 07:39:54,557 | INFO | SOURCE 106/1284: https://iptv-org.github.io/iptv/cities/brrio.m3u -> records=1 epg=0
2026-09-21 07:39:54,557 | INFO | SOURCE 107/1284: https://iptv-org.github.io/iptv/categories/kids.m3u -> records=408 epg=0
2026-09-21 07:39:54,557 | INFO | SOURCE 108/1284: https://iptv-org.github.io/iptv/cities/cacha.m3u -> records=1 epg=0
2026-09-21 07:39:54,557 | INFO | SOURCE 109/1284: https://iptv-org.github.io/iptv/cities/cator.m3u -> records=4 epg=0
2026-09-21 07:39:54,557 | INFO | SOURCE 110/1284: https://iptv-org.github.io/iptv/cities/cayzf.m3u -> records=1 epg=0
2026-09-21 07:39:54,590 | INFO | SOURCE 111/1284: https://iptv-org.github.io/iptv/cities/carim.m3u -> records=1 epg=0
2026-09-21 07:39:54,601 | INFO | SOURCE 112/1284: https://iptv-org.github.io/iptv/cities/comzl.m3u -> records=1 epg=0
2026-09-21 07:39:54,601 | INFO | SOURCE 113/1284: https://iptv-org.github.io/iptv/cities/coulq.m3u -> records=1 epg=0
2026-09-21 07:39:54,601 | INFO | SOURCE 114/1284: https://iptv-org.github.io/iptv/cities/careg.m3u -> records=2 epg=0
2026-09-21 07:39:54,601 | INFO | SOURCE 115/1284: https://iptv-org.github.io/iptv/cities/cacal.m3u -> records=1 epg=0
2026-09-21 07:39:54,601 | INFO | SOURCE 116/1284: https://iptv-org.github.io/iptv/cities/deess.m3u -> records=1 epg=0
2026-09-21 07:39:54,601 | INFO | SOURCE 117/1284: https://iptv-org.github.io/iptv/cities/cawnd.m3u -> records=0 epg=0
2026-09-21 07:39:54,646 | INFO | SOURCE 118/1284: https://iptv-org.github.io/iptv/cities/brsms.m3u -> records=1 epg=0
2026-09-21 07:39:54,646 | INFO | SOURCE 119/1284: https://iptv-org.github.io/iptv/cities/catrr.m3u -> records=1 epg=0
2026-09-21 07:39:54,647 | INFO | SOURCE 120/1284: https://iptv-org.github.io/iptv/cities/clcur.m3u -> records=1 epg=0
2026-09-21 07:39:54,665 | INFO | SOURCE 121/1284: https://iptv-org.github.io/iptv/cities/brsao.m3u -> records=1 epg=0
2026-09-21 07:39:54,665 | INFO | SOURCE 122/1284: https://iptv-org.github.io/iptv/cities/camtr.m3u -> records=6 epg=0
2026-09-21 07:39:54,665 | INFO | SOURCE 123/1284: https://iptv-org.github.io/iptv/cities/coibe.m3u -> records=1 epg=0
2026-09-21 07:39:54,665 | INFO | SOURCE 124/1284: https://iptv-org.github.io/iptv/cities/dedui.m3u -> records=1 epg=0
2026-09-21 07:39:54,665 | INFO | SOURCE 125/1284: https://iptv-org.github.io/iptv/cities/escdd.m3u -> records=1 epg=0
2026-09-21 07:39:54,666 | INFO | SOURCE 126/1284: https://iptv-org.github.io/iptv/cities/deaah.m3u -> records=1 epg=0
2026-09-21 07:39:54,666 | INFO | SOURCE 127/1284: https://iptv-org.github.io/iptv/cities/dedtm.m3u -> records=1 epg=0
2026-09-21 07:39:54,682 | INFO | SOURCE 128/1284: https://iptv-org.github.io/iptv/cities/clqta.m3u -> records=1 epg=0
2026-09-21 07:39:54,682 | INFO | SOURCE 129/1284: https://iptv-org.github.io/iptv/cities/ecloh.m3u -> records=1 epg=0
2026-09-21 07:39:54,682 | INFO | SOURCE 130/1284: https://iptv-org.github.io/iptv/cities/brpmi.m3u -> records=1 epg=0
2026-09-21 07:39:54,682 | INFO | SOURCE 131/1284: https://iptv-org.github.io/iptv/cities/calng.m3u -> records=1 epg=0
2026-09-21 07:39:54,682 | INFO | SOURCE 132/1284: https://iptv-org.github.io/iptv/cities/camnt.m3u -> records=1 epg=0
2026-09-21 07:39:54,683 | INFO | SOURCE 133/1284: https://iptv-org.github.io/iptv/cities/desge.m3u -> records=1 epg=0
2026-09-21 07:39:54,683 | INFO | SOURCE 134/1284: https://iptv-org.github.io/iptv/cities/esmqe.m3u -> records=1 epg=0
2026-09-21 07:39:54,696 | INFO | SOURCE 135/1284: https://iptv-org.github.io/iptv/cities/dopop.m3u -> records=1 epg=0
2026-09-21 07:39:54,696 | INFO | SOURCE 136/1284: https://iptv-org.github.io/iptv/cities/fikyy.m3u -> records=1 epg=0
2026-09-21 07:39:54,696 | INFO | SOURCE 137/1284: https://iptv-org.github.io/iptv/cities/dolvc.m3u -> records=1 epg=0
2026-09-21 07:39:54,696 | INFO | SOURCE 138/1284: https://iptv-org.github.io/iptv/cities/debfe.m3u -> records=1 epg=0
2026-09-21 07:39:54,696 | INFO | SOURCE 139/1284: https://iptv-org.github.io/iptv/cities/esbrb.m3u -> records=1 epg=0
2026-09-21 07:39:54,696 | INFO | SOURCE 140/1284: https://iptv-org.github.io/iptv/cities/conva.m3u -> records=1 epg=0
2026-09-21 07:39:54,696 | INFO | SOURCE 141/1284: https://iptv-org.github.io/iptv/cities/crmtz.m3u -> records=1 epg=0
2026-09-21 07:39:54,696 | INFO | SOURCE 142/1284: https://iptv-org.github.io/iptv/cities/clyum.m3u -> records=1 epg=0
2026-09-21 07:39:54,696 | INFO | SOURCE 143/1284: https://iptv-org.github.io/iptv/cities/clplm.m3u -> records=1 epg=0
2026-09-21 07:39:54,696 | INFO | SOURCE 144/1284: https://iptv-org.github.io/iptv/cities/esazj.m3u -> records=1 epg=0
2026-09-21 07:39:54,696 | INFO | SOURCE 145/1284: https://iptv-org.github.io/iptv/cities/casag.m3u -> records=1 epg=0
2026-09-21 07:39:54,758 | INFO | SOURCE 146/1284: https://iptv-org.github.io/iptv/cities/clcld.m3u -> records=1 epg=0
2026-09-21 07:39:54,759 | INFO | SOURCE 147/1284: https://iptv-org.github.io/iptv/cities/caque.m3u -> records=1 epg=0
2026-09-21 07:39:54,759 | INFO | SOURCE 148/1284: https://iptv-org.github.io/iptv/categories/series.m3u -> records=536 epg=0
2026-09-21 07:39:54,759 | INFO | SOURCE 149/1284: https://iptv-org.github.io/iptv/cities/espna.m3u -> records=1 epg=0
2026-09-21 07:39:54,759 | INFO | SOURCE 150/1284: https://iptv-org.github.io/iptv/cities/crtoo.m3u -> records=1 epg=0
2026-09-21 07:39:54,764 | INFO | SOURCE 151/1284: https://iptv-org.github.io/iptv/cities/esbio.m3u -> records=4 epg=0
2026-09-21 07:39:54,764 | INFO | SOURCE 152/1284: https://iptv-org.github.io/iptv/cities/dedus.m3u -> records=1 epg=0
2026-09-21 07:39:54,764 | INFO | SOURCE 153/1284: https://iptv-org.github.io/iptv/cities/esboi.m3u -> records=1 epg=0
2026-09-21 07:39:54,764 | INFO | SOURCE 154/1284: https://iptv-org.github.io/iptv/cities/eshuv.m3u -> records=1 epg=0
2026-09-21 07:39:54,764 | INFO | SOURCE 155/1284: https://iptv-org.github.io/iptv/cities/espfl.m3u -> records=1 epg=0
2026-09-21 07:39:54,764 | INFO | SOURCE 156/1284: https://iptv-org.github.io/iptv/cities/esgrx.m3u -> records=2 epg=0
2026-09-21 07:39:54,764 | INFO | SOURCE 157/1284: https://iptv-org.github.io/iptv/countries/ru.m3u -> records=517 epg=0
2026-09-21 07:39:54,764 | INFO | SOURCE 158/1284: https://iptv-org.github.io/iptv/cities/esdre.m3u -> records=1 epg=0
2026-09-21 07:39:54,764 | INFO | SOURCE 159/1284: https://iptv-org.github.io/iptv/cities/grioa.m3u -> records=1 epg=0
2026-09-21 07:39:54,764 | INFO | SOURCE 160/1284: https://iptv-org.github.io/iptv/cities/grkkz.m3u -> records=1 epg=0
2026-09-21 07:39:54,765 | INFO | SOURCE 161/1284: https://iptv-org.github.io/iptv/cities/dobno.m3u -> records=1 epg=0
2026-09-21 07:39:54,765 | INFO | SOURCE 162/1284: https://iptv-org.github.io/iptv/cities/debon.m3u -> records=1 epg=0
2026-09-21 07:39:54,778 | INFO | SOURCE 163/1284: https://iptv-org.github.io/iptv/cities/eslpg.m3u -> records=1 epg=0
2026-09-21 07:39:54,813 | INFO | SOURCE 164/1284: https://iptv-org.github.io/iptv/cities/grkzi.m3u -> records=1 epg=0
2026-09-21 07:39:54,823 | INFO | SOURCE 165/1284: https://iptv-org.github.io/iptv/cities/esfgl.m3u -> records=1 epg=0
2026-09-21 07:39:54,840 | INFO | SOURCE 166/1284: https://iptv-org.github.io/iptv/categories/culture.m3u -> records=189 epg=0
2026-09-21 07:39:54,841 | INFO | SOURCE 167/1284: https://iptv-org.github.io/iptv/cities/decgn.m3u -> records=1 epg=0
2026-09-21 07:39:54,841 | INFO | SOURCE 168/1284: https://iptv-org.github.io/iptv/categories/entertainment.m3u -> records=878 epg=0
2026-09-21 07:39:54,860 | INFO | SOURCE 169/1284: https://iptv-org.github.io/iptv/cities/id5ss.m3u -> records=1 epg=0
2026-09-21 07:39:54,860 | INFO | SOURCE 170/1284: https://iptv-org.github.io/iptv/cities/grlam.m3u -> records=1 epg=0
2026-09-21 07:39:54,860 | INFO | SOURCE 171/1284: https://iptv-org.github.io/iptv/cities/dewup.m3u -> records=1 epg=0
2026-09-21 07:39:54,860 | INFO | SOURCE 172/1284: https://iptv-org.github.io/iptv/cities/esalg.m3u -> records=1 epg=0
2026-09-21 07:39:54,860 | INFO | SOURCE 173/1284: https://iptv-org.github.io/iptv/cities/eslgr.m3u -> records=1 epg=0
2026-09-21 07:39:54,860 | INFO | SOURCE 174/1284: https://iptv-org.github.io/iptv/cities/esmto.m3u -> records=1 epg=0
2026-09-21 07:39:54,860 | INFO | SOURCE 175/1284: https://iptv-org.github.io/iptv/cities/demun.m3u -> records=1 epg=0
2026-09-21 07:39:54,861 | INFO | SOURCE 176/1284: https://iptv-org.github.io/iptv/cities/idbpn.m3u -> records=1 epg=0
2026-09-21 07:39:54,861 | INFO | SOURCE 177/1284: https://iptv-org.github.io/iptv/categories/comedy.m3u -> records=217 epg=0
2026-09-21 07:39:54,861 | INFO | SOURCE 178/1284: https://iptv-org.github.io/iptv/cities/idmlg.m3u -> records=3 epg=0
2026-09-21 07:39:54,871 | INFO | SOURCE 179/1284: https://iptv-org.github.io/iptv/cities/estol.m3u -> records=1 epg=0
2026-09-21 07:39:54,879 | INFO | SOURCE 180/1284: https://iptv-org.github.io/iptv/cities/dosti.m3u -> records=1 epg=0
2026-09-21 07:39:54,879 | INFO | SOURCE 181/1284: https://iptv-org.github.io/iptv/cities/eslsl.m3u -> records=1 epg=0
2026-09-21 07:39:54,879 | INFO | SOURCE 182/1284: https://iptv-org.github.io/iptv/cities/idmak.m3u -> records=2 epg=0
2026-09-21 07:39:54,879 | INFO | SOURCE 183/1284: https://iptv-org.github.io/iptv/cities/idjkt.m3u -> records=4 epg=0
2026-09-21 07:39:54,879 | INFO | SOURCE 184/1284: https://iptv-org.github.io/iptv/categories/education.m3u -> records=250 epg=0
2026-09-21 07:39:54,879 | INFO | SOURCE 185/1284: https://iptv-org.github.io/iptv/cities/dohig.m3u -> records=1 epg=0
2026-09-21 07:39:54,880 | INFO | SOURCE 186/1284: https://iptv-org.github.io/iptv/cities/grgak.m3u -> records=1 epg=0
2026-09-21 07:39:54,880 | INFO | SOURCE 187/1284: https://iptv-org.github.io/iptv/cities/esooe.m3u -> records=1 epg=0
2026-09-21 07:39:54,880 | INFO | SOURCE 188/1284: https://iptv-org.github.io/iptv/cities/esjae.m3u -> records=1 epg=0
2026-09-21 07:39:54,880 | INFO | SOURCE 189/1284: https://iptv-org.github.io/iptv/cities/eslle.m3u -> records=1 epg=0
2026-09-21 07:39:54,880 | INFO | SOURCE 190/1284: https://iptv-org.github.io/iptv/cities/idbdj.m3u -> records=2 epg=0
2026-09-21 07:39:54,880 | INFO | SOURCE 191/1284: https://iptv-org.github.io/iptv/cities/eccue.m3u -> records=1 epg=0
2026-09-21 07:39:54,880 | INFO | SOURCE 192/1284: https://iptv-org.github.io/iptv/cities/esvic.m3u -> records=1 epg=0
2026-09-21 07:39:54,880 | INFO | SOURCE 193/1284: https://iptv-org.github.io/iptv/cities/grart.m3u -> records=1 epg=0
2026-09-21 07:39:54,883 | INFO | SOURCE 194/1284: https://iptv-org.github.io/iptv/cities/essbp.m3u -> records=2 epg=0
2026-09-21 07:39:54,886 | INFO | SOURCE 195/1284: https://iptv-org.github.io/iptv/cities/id5su.m3u -> records=2 epg=0
2026-09-21 07:39:54,886 | INFO | SOURCE 196/1284: https://iptv-org.github.io/iptv/categories/undefined.m3u -> records=1447 epg=0
2026-09-21 07:39:54,886 | INFO | SOURCE 197/1284: https://iptv-org.github.io/iptv/cities/idser.m3u -> records=1 epg=0
2026-09-21 07:39:54,888 | INFO | SOURCE 198/1284: https://iptv-org.github.io/iptv/cities/idsub.m3u -> records=3 epg=0
2026-09-21 07:39:54,888 | INFO | SOURCE 199/1284: https://iptv-org.github.io/iptv/cities/idkdr.m3u -> records=2 epg=0
2026-09-21 07:39:54,888 | INFO | SOURCE 200/1284: https://iptv-org.github.io/iptv/cities/gtbab.m3u -> records=1 epg=0
2026-09-21 07:39:54,888 | INFO | SOURCE 201/1284: https://iptv-org.github.io/iptv/cities/idtlu.m3u -> records=1 epg=0
2026-09-21 07:39:54,888 | INFO | SOURCE 202/1284: https://iptv-org.github.io/iptv/cities/idpdg.m3u -> records=1 epg=0
2026-09-21 07:39:54,888 | INFO | SOURCE 203/1284: https://iptv-org.github.io/iptv/cities/inngc.m3u -> records=1 epg=0
2026-09-21 07:39:54,899 | INFO | SOURCE 204/1284: https://iptv-org.github.io/iptv/cities/idsrg.m3u -> records=1 epg=0
2026-09-21 07:39:54,899 | INFO | SOURCE 205/1284: https://iptv-org.github.io/iptv/cities/idabu.m3u -> records=1 epg=0
2026-09-21 07:39:54,899 | INFO | SOURCE 206/1284: https://iptv-org.github.io/iptv/cities/idmdi.m3u -> records=1 epg=0
2026-09-21 07:39:54,899 | INFO | SOURCE 207/1284: https://iptv-org.github.io/iptv/cities/inagu.m3u -> records=1 epg=0
2026-09-21 07:39:54,899 | INFO | SOURCE 208/1284: https://iptv-org.github.io/iptv/cities/idmdc.m3u -> records=1 epg=0
2026-09-21 07:39:54,899 | INFO | SOURCE 209/1284: https://iptv-org.github.io/iptv/cities/krjnj.m3u -> records=2 epg=0
2026-09-21 07:39:54,899 | INFO | SOURCE 210/1284: https://iptv-org.github.io/iptv/cities/gtsol.m3u -> records=1 epg=0
2026-09-21 07:39:54,899 | INFO | SOURCE 211/1284: https://iptv-org.github.io/iptv/cities/idskt.m3u -> records=1 epg=0
2026-09-21 07:39:54,900 | INFO | SOURCE 212/1284: https://iptv-org.github.io/iptv/cities/intks.m3u -> records=3 epg=0
2026-09-21 07:39:54,900 | INFO | SOURCE 213/1284: https://iptv-org.github.io/iptv/cities/peaqp.m3u -> records=1 epg=0
2026-09-21 07:39:54,900 | INFO | SOURCE 214/1284: https://iptv-org.github.io/iptv/cities/krmok.m3u -> records=1 epg=0
2026-09-21 07:39:54,900 | INFO | SOURCE 215/1284: https://iptv-org.github.io/iptv/cities/indpi.m3u -> records=1 epg=0
2026-09-21 07:39:54,900 | INFO | SOURCE 216/1284: https://iptv-org.github.io/iptv/cities/inccj.m3u -> records=1 epg=0
2026-09-21 07:39:54,900 | INFO | SOURCE 217/1284: https://iptv-org.github.io/iptv/cities/idtkg.m3u -> records=3 epg=0
2026-09-21 07:39:54,900 | INFO | SOURCE 218/1284: https://iptv-org.github.io/iptv/cities/idtsy.m3u -> records=1 epg=0
2026-09-21 07:39:54,900 | INFO | SOURCE 219/1284: https://iptv-org.github.io/iptv/cities/intri.m3u -> records=1 epg=0
2026-09-21 07:39:54,900 | INFO | SOURCE 220/1284: https://iptv-org.github.io/iptv/cities/indil.m3u -> records=1 epg=0
2026-09-21 07:39:54,900 | INFO | SOURCE 221/1284: https://iptv-org.github.io/iptv/cities/kryos.m3u -> records=1 epg=0
2026-09-21 07:39:54,900 | INFO | SOURCE 222/1284: https://iptv-org.github.io/iptv/cities/grath.m3u -> records=3 epg=0
2026-09-21 07:39:54,900 | INFO | SOURCE 223/1284: https://iptv-org.github.io/iptv/cities/idpwl.m3u -> records=1 epg=0
2026-09-21 07:39:54,900 | INFO | SOURCE 224/1284: https://iptv-org.github.io/iptv/cities/inkcp.m3u -> records=1 epg=0
2026-09-21 07:39:54,900 | INFO | SOURCE 225/1284: https://iptv-org.github.io/iptv/cities/krchc.m3u -> records=1 epg=0
2026-09-21 07:39:54,901 | INFO | SOURCE 226/1284: https://iptv-org.github.io/iptv/cities/pehnt.m3u -> records=1 epg=0
2026-09-21 07:39:54,901 | INFO | SOURCE 227/1284: https://iptv-org.github.io/iptv/cities/mxsqe.m3u -> records=1 epg=0
2026-09-21 07:39:54,901 | INFO | SOURCE 228/1284: https://iptv-org.github.io/iptv/cities/grskg.m3u -> records=5 epg=0
2026-09-21 07:39:54,901 | INFO | SOURCE 229/1284: https://iptv-org.github.io/iptv/cities/meulc.m3u -> records=1 epg=0
2026-09-21 07:39:54,901 | INFO | SOURCE 230/1284: https://iptv-org.github.io/iptv/cities/peab4.m3u -> records=1 epg=0
2026-09-21 07:39:54,934 | INFO | SOURCE 231/1284: https://iptv-org.github.io/iptv/cities/mxmid.m3u -> records=1 epg=0
2026-09-21 07:39:54,934 | INFO | SOURCE 232/1284: https://iptv-org.github.io/iptv/cities/inpal.m3u -> records=1 epg=0
2026-09-21 07:39:54,968 | INFO | SOURCE 233/1284: https://iptv-org.github.io/iptv/cities/invgh.m3u -> records=1 epg=0
2026-09-21 07:39:54,976 | INFO | SOURCE 234/1284: https://iptv-org.github.io/iptv/cities/krtae.m3u -> records=2 epg=0
2026-09-21 07:39:54,980 | INFO | SOURCE 235/1284: https://iptv-org.github.io/iptv/cities/krtjn.m3u -> records=1 epg=0
2026-09-21 07:39:54,998 | INFO | SOURCE 236/1284: https://iptv-org.github.io/iptv/cities/idjog.m3u -> records=1 epg=0
2026-09-21 07:39:54,998 | INFO | SOURCE 237/1284: https://iptv-org.github.io/iptv/cities/pelim.m3u -> records=4 epg=0
2026-09-21 07:39:54,998 | INFO | SOURCE 238/1284: https://iptv-org.github.io/iptv/cities/pyflm.m3u -> records=1 epg=0
2026-09-21 07:39:54,998 | INFO | SOURCE 239/1284: https://iptv-org.github.io/iptv/cities/pepcl.m3u -> records=2 epg=0
2026-09-21 07:39:54,998 | INFO | SOURCE 240/1284: https://iptv-org.github.io/iptv/cities/mxcjs.m3u -> records=1 epg=0
2026-09-21 07:39:54,998 | INFO | SOURCE 241/1284: https://iptv-org.github.io/iptv/cities/pesip.m3u -> records=3 epg=0
2026-09-21 07:39:54,998 | INFO | SOURCE 242/1284: https://iptv-org.github.io/iptv/cities/intjv.m3u -> records=1 epg=0
2026-09-21 07:39:54,998 | INFO | SOURCE 243/1284: https://iptv-org.github.io/iptv/cities/indel.m3u -> records=1 epg=0
2026-09-21 07:39:54,998 | INFO | SOURCE 244/1284: https://iptv-org.github.io/iptv/cities/mxsbn.m3u -> records=1 epg=0
2026-09-21 07:39:54,998 | INFO | SOURCE 245/1284: https://iptv-org.github.io/iptv/cities/esodb.m3u -> records=1 epg=0
2026-09-21 07:39:54,998 | INFO | SOURCE 246/1284: https://iptv-org.github.io/iptv/cities/inkar.m3u -> records=1 epg=0
2026-09-21 07:39:54,999 | INFO | SOURCE 247/1284: https://iptv-org.github.io/iptv/cities/usact.m3u -> records=1 epg=0
2026-09-21 07:39:54,999 | INFO | SOURCE 248/1284: https://iptv-org.github.io/iptv/cities/usatl.m3u -> records=4 epg=0
2026-09-21 07:39:54,999 | INFO | SOURCE 249/1284: https://iptv-org.github.io/iptv/cities/pycoo.m3u -> records=1 epg=0
2026-09-21 07:39:54,999 | INFO | SOURCE 250/1284: https://iptv-org.github.io/iptv/cities/krbcn.m3u -> records=1 epg=0
2026-09-21 07:39:54,999 | INFO | SOURCE 251/1284: https://iptv-org.github.io/iptv/cities/rotgu.m3u -> records=1 epg=0
2026-09-21 07:39:54,999 | INFO | SOURCE 252/1284: https://iptv-org.github.io/iptv/cities/usahn.m3u -> records=2 epg=0
2026-09-21 07:39:54,999 | INFO | SOURCE 253/1284: https://iptv-org.github.io/iptv/cities/pejhy.m3u -> records=3 epg=0
2026-09-21 07:39:54,999 | INFO | SOURCE 254/1284: https://iptv-org.github.io/iptv/cities/pkisb.m3u -> records=1 epg=0
2026-09-21 07:39:54,999 | INFO | SOURCE 255/1284: https://iptv-org.github.io/iptv/cities/mxtij.m3u -> records=1 epg=0
2026-09-21 07:39:54,999 | INFO | SOURCE 256/1284: https://iptv-org.github.io/iptv/cities/krcha.m3u -> records=2 epg=0
2026-09-21 07:39:55,000 | INFO | SOURCE 257/1284: https://iptv-org.github.io/iptv/cities/krcoj.m3u -> records=1 epg=0
2026-09-21 07:39:55,000 | INFO | SOURCE 258/1284: https://iptv-org.github.io/iptv/cities/usabq.m3u -> records=1 epg=0
2026-09-21 07:39:55,000 | INFO | SOURCE 259/1284: https://iptv-org.github.io/iptv/cities/usaev.m3u -> records=1 epg=0
2026-09-21 07:39:55,000 | INFO | SOURCE 260/1284: https://iptv-org.github.io/iptv/cities/usbl8.m3u -> records=3 epg=0
2026-09-21 07:39:55,000 | INFO | SOURCE 261/1284: https://iptv-org.github.io/iptv/cities/usbal.m3u -> records=3 epg=0
2026-09-21 07:39:55,000 | INFO | SOURCE 262/1284: https://iptv-org.github.io/iptv/cities/usbbi.m3u -> records=1 epg=0
2026-09-21 07:39:55,000 | INFO | SOURCE 263/1284: https://iptv-org.github.io/iptv/cities/mxcun.m3u -> records=2 epg=0
2026-09-21 07:39:55,000 | INFO | SOURCE 264/1284: https://iptv-org.github.io/iptv/cities/usaum.m3u -> records=1 epg=0
2026-09-21 07:39:55,000 | INFO | SOURCE 265/1284: https://iptv-org.github.io/iptv/cities/rugrv.m3u -> records=1 epg=0
2026-09-21 07:39:55,009 | INFO | SOURCE 266/1284: https://iptv-org.github.io/iptv/cities/usaac.m3u -> records=2 epg=0
2026-09-21 07:39:55,028 | INFO | SOURCE 267/1284: https://iptv-org.github.io/iptv/cities/pebag.m3u -> records=1 epg=0
2026-09-21 07:39:55,033 | INFO | SOURCE 268/1284: https://iptv-org.github.io/iptv/cities/rukrr.m3u -> records=1 epg=0
2026-09-21 07:39:55,033 | INFO | SOURCE 269/1284: https://iptv-org.github.io/iptv/cities/usbtl.m3u -> records=2 epg=0
2026-09-21 07:39:55,033 | INFO | SOURCE 270/1284: https://iptv-org.github.io/iptv/cities/peiqt.m3u -> records=1 epg=0
2026-09-21 07:39:55,033 | INFO | SOURCE 271/1284: https://iptv-org.github.io/iptv/cities/usbos.m3u -> records=5 epg=0
2026-09-21 07:39:55,033 | INFO | SOURCE 272/1284: https://iptv-org.github.io/iptv/cities/usbdr.m3u -> records=1 epg=0
2026-09-21 07:39:55,033 | INFO | SOURCE 273/1284: https://iptv-org.github.io/iptv/cities/usbma.m3u -> records=2 epg=0
2026-09-21 07:39:55,034 | INFO | SOURCE 274/1284: https://iptv-org.github.io/iptv/cities/usanp.m3u -> records=2 epg=0
2026-09-21 07:39:55,034 | INFO | SOURCE 275/1284: https://iptv-org.github.io/iptv/cities/usbtr.m3u -> records=1 epg=0
2026-09-21 07:39:55,034 | INFO | SOURCE 276/1284: https://iptv-org.github.io/iptv/cities/krpus.m3u -> records=2 epg=0
2026-09-21 07:39:55,034 | INFO | SOURCE 277/1284: https://iptv-org.github.io/iptv/cities/usbgk.m3u -> records=1 epg=0
2026-09-21 07:39:55,034 | INFO | SOURCE 278/1284: https://iptv-org.github.io/iptv/cities/usdab.m3u -> records=1 epg=0
2026-09-21 07:39:55,034 | INFO | SOURCE 279/1284: https://iptv-org.github.io/iptv/cities/pyeno.m3u -> records=1 epg=0
2026-09-21 07:39:55,034 | INFO | SOURCE 280/1284: https://iptv-org.github.io/iptv/cities/krusn.m3u -> records=1 epg=0
2026-09-21 07:39:55,034 | INFO | SOURCE 281/1284: https://iptv-org.github.io/iptv/cities/usbun.m3u -> records=1 epg=0
2026-09-21 07:39:55,034 | INFO | SOURCE 282/1284: https://iptv-org.github.io/iptv/cities/kradg.m3u -> records=1 epg=0
2026-09-21 07:39:55,034 | INFO | SOURCE 283/1284: https://iptv-org.github.io/iptv/cities/uscmh.m3u -> records=1 epg=0
2026-09-21 07:39:55,034 | INFO | SOURCE 284/1284: https://iptv-org.github.io/iptv/cities/usapf.m3u -> records=1 epg=0
2026-09-21 07:39:55,034 | INFO | SOURCE 285/1284: https://iptv-org.github.io/iptv/cities/usbur.m3u -> records=1 epg=0
2026-09-21 07:39:55,039 | INFO | SOURCE 286/1284: https://iptv-org.github.io/iptv/cities/uscha.m3u -> records=1 epg=0
2026-09-21 07:39:55,039 | INFO | SOURCE 287/1284: https://iptv-org.github.io/iptv/cities/uscsl.m3u -> records=1 epg=0
2026-09-21 07:39:55,052 | INFO | SOURCE 288/1284: https://iptv-org.github.io/iptv/cities/usclt.m3u -> records=2 epg=0
2026-09-21 07:39:55,052 | INFO | SOURCE 289/1284: https://iptv-org.github.io/iptv/cities/usbms.m3u -> records=4 epg=0
2026-09-21 07:39:55,054 | INFO | SOURCE 290/1284: https://iptv-org.github.io/iptv/cities/usch3.m3u -> records=1 epg=0
2026-09-21 07:39:55,054 | INFO | SOURCE 291/1284: https://iptv-org.github.io/iptv/cities/peyms.m3u -> records=1 epg=0
2026-09-21 07:39:55,054 | INFO | SOURCE 292/1284: https://iptv-org.github.io/iptv/cities/usauc.m3u -> records=1 epg=0
2026-09-21 07:39:55,061 | INFO | SOURCE 293/1284: https://iptv-org.github.io/iptv/cities/usd5w.m3u -> records=2 epg=0
2026-09-21 07:39:55,063 | INFO | SOURCE 294/1284: https://iptv-org.github.io/iptv/cities/usbvh.m3u -> records=3 epg=0
2026-09-21 07:39:55,073 | INFO | SOURCE 295/1284: https://iptv-org.github.io/iptv/cities/usbfl.m3u -> records=2 epg=0
2026-09-21 07:39:55,073 | INFO | SOURCE 296/1284: https://iptv-org.github.io/iptv/categories/general.m3u -> records=2709 epg=0
2026-09-21 07:39:55,080 | INFO | SOURCE 297/1284: https://iptv-org.github.io/iptv/cities/useka.m3u -> records=1 epg=0
2026-09-21 07:39:55,080 | INFO | SOURCE 298/1284: https://iptv-org.github.io/iptv/cities/usash.m3u -> records=4 epg=0
2026-09-21 07:39:55,080 | INFO | SOURCE 299/1284: https://iptv-org.github.io/iptv/cities/usazo.m3u -> records=1 epg=0
2026-09-21 07:39:55,084 | INFO | SOURCE 300/1284: https://iptv-org.github.io/iptv/cities/ruvms.m3u -> records=1 epg=0
2026-09-21 07:39:55,084 | INFO | SOURCE 301/1284: https://iptv-org.github.io/iptv/cities/usccr.m3u -> records=1 epg=0
2026-09-21 07:39:55,084 | INFO | SOURCE 302/1284: https://iptv-org.github.io/iptv/cities/usdet.m3u -> records=6 epg=0
2026-09-21 07:39:55,084 | INFO | SOURCE 303/1284: https://iptv-org.github.io/iptv/cities/usaus.m3u -> records=5 epg=0
2026-09-21 07:39:55,084 | INFO | SOURCE 304/1284: https://iptv-org.github.io/iptv/cities/usalb.m3u -> records=1 epg=0
2026-09-21 07:39:55,088 | INFO | SOURCE 305/1284: https://iptv-org.github.io/iptv/cities/uscmi.m3u -> records=1 epg=0
2026-09-21 07:39:55,088 | INFO | SOURCE 306/1284: https://iptv-org.github.io/iptv/cities/usclb.m3u -> records=1 epg=0
2026-09-21 07:39:55,089 | INFO | SOURCE 307/1284: https://iptv-org.github.io/iptv/cities/uscgi.m3u -> records=1 epg=0
2026-09-21 07:39:55,090 | INFO | SOURCE 308/1284: https://iptv-org.github.io/iptv/cities/uscc2.m3u -> records=1 epg=0
2026-09-21 07:39:55,100 | INFO | SOURCE 309/1284: https://iptv-org.github.io/iptv/cities/uschi.m3u -> records=7 epg=0
2026-09-21 07:39:55,100 | INFO | SOURCE 310/1284: https://iptv-org.github.io/iptv/cities/uscrp.m3u -> records=3 epg=0
2026-09-21 07:39:55,100 | INFO | SOURCE 311/1284: https://iptv-org.github.io/iptv/cities/uschs.m3u -> records=1 epg=0
2026-09-21 07:39:55,100 | INFO | SOURCE 312/1284: https://iptv-org.github.io/iptv/cities/usdal.m3u -> records=1 epg=0
2026-09-21 07:39:55,100 | INFO | SOURCE 313/1284: https://iptv-org.github.io/iptv/cities/usdmo.m3u -> records=1 epg=0
2026-09-21 07:39:55,107 | INFO | SOURCE 314/1284: https://iptv-org.github.io/iptv/cities/uscek.m3u -> records=1 epg=0
2026-09-21 07:39:55,107 | INFO | SOURCE 315/1284: https://iptv-org.github.io/iptv/cities/uscqv.m3u -> records=1 epg=0
2026-09-21 07:39:55,107 | INFO | SOURCE 316/1284: https://iptv-org.github.io/iptv/cities/uscrz.m3u -> records=1 epg=0
2026-09-21 07:39:55,107 | INFO | SOURCE 317/1284: https://iptv-org.github.io/iptv/cities/uscvg.m3u -> records=1 epg=0
2026-09-21 07:39:55,108 | INFO | SOURCE 318/1284: https://iptv-org.github.io/iptv/cities/usdlh.m3u -> records=1 epg=0
2026-09-21 07:39:55,109 | INFO | SOURCE 319/1284: https://iptv-org.github.io/iptv/cities/uscyi.m3u -> records=1 epg=0
2026-09-21 07:39:55,110 | INFO | SOURCE 320/1284: https://iptv-org.github.io/iptv/cities/usasi.m3u -> records=3 epg=0
2026-09-21 07:39:55,111 | INFO | SOURCE 321/1284: https://iptv-org.github.io/iptv/cities/usfpr.m3u -> records=1 epg=0
2026-09-21 07:39:55,111 | INFO | SOURCE 322/1284: https://iptv-org.github.io/iptv/cities/usflo.m3u -> records=1 epg=0
2026-09-21 07:39:55,111 | INFO | SOURCE 323/1284: https://iptv-org.github.io/iptv/cities/usfmy.m3u -> records=1 epg=0
2026-09-21 07:39:55,111 | INFO | SOURCE 324/1284: https://iptv-org.github.io/iptv/cities/usday.m3u -> records=2 epg=0
2026-09-21 07:39:55,111 | INFO | SOURCE 325/1284: https://iptv-org.github.io/iptv/cities/usdsm.m3u -> records=1 epg=0
2026-09-21 07:39:55,113 | INFO | SOURCE 326/1284: https://iptv-org.github.io/iptv/cities/usczm.m3u -> records=1 epg=0
2026-09-21 07:39:55,113 | INFO | SOURCE 327/1284: https://iptv-org.github.io/iptv/cities/usgir.m3u -> records=4 epg=0
2026-09-21 07:39:55,113 | INFO | SOURCE 328/1284: https://iptv-org.github.io/iptv/cities/usjgt.m3u -> records=1 epg=0
2026-09-21 07:39:55,113 | INFO | SOURCE 329/1284: https://iptv-org.github.io/iptv/cities/usilm.m3u -> records=1 epg=0
2026-09-21 07:39:55,113 | INFO | SOURCE 330/1284: https://iptv-org.github.io/iptv/cities/usint.m3u -> records=1 epg=0
2026-09-21 07:39:55,113 | INFO | SOURCE 331/1284: https://iptv-org.github.io/iptv/cities/usden.m3u -> records=2 epg=0
2026-09-21 07:39:55,113 | INFO | SOURCE 332/1284: https://iptv-org.github.io/iptv/cities/usgv9.m3u -> records=2 epg=0
2026-09-21 07:39:55,113 | INFO | SOURCE 333/1284: https://iptv-org.github.io/iptv/cities/usgls.m3u -> records=1 epg=0
2026-09-21 07:39:55,114 | INFO | SOURCE 334/1284: https://iptv-org.github.io/iptv/cities/uselp.m3u -> records=4 epg=0
2026-09-21 07:39:55,114 | INFO | SOURCE 335/1284: https://iptv-org.github.io/iptv/cities/ushdu.m3u -> records=3 epg=0
2026-09-21 07:39:55,115 | INFO | SOURCE 336/1284: https://iptv-org.github.io/iptv/cities/usgrb.m3u -> records=2 epg=0
2026-09-21 07:39:55,115 | INFO | SOURCE 337/1284: https://iptv-org.github.io/iptv/cities/uscld.m3u -> records=1 epg=0
2026-09-21 07:39:55,115 | INFO | SOURCE 338/1284: https://iptv-org.github.io/iptv/cities/usfxg.m3u -> records=1 epg=0
2026-09-21 07:39:55,115 | INFO | SOURCE 339/1284: https://iptv-org.github.io/iptv/cities/usewr.m3u -> records=2 epg=0
2026-09-21 07:39:55,115 | INFO | SOURCE 340/1284: https://iptv-org.github.io/iptv/cities/usilg.m3u -> records=1 epg=0
2026-09-21 07:39:55,115 | INFO | SOURCE 341/1284: https://iptv-org.github.io/iptv/cities/usjnu.m3u -> records=1 epg=0
2026-09-21 07:39:55,115 | INFO | SOURCE 342/1284: https://iptv-org.github.io/iptv/cities/usdnp.m3u -> records=2 epg=0
2026-09-21 07:39:55,116 | INFO | SOURCE 343/1284: https://iptv-org.github.io/iptv/cities/ushnl.m3u -> records=2 epg=0
2026-09-21 07:39:55,116 | INFO | SOURCE 344/1284: https://iptv-org.github.io/iptv/cities/uslex.m3u -> records=2 epg=0
2026-09-21 07:39:55,120 | INFO | SOURCE 345/1284: https://iptv-org.github.io/iptv/cities/usfwt.m3u -> records=1 epg=0
2026-09-21 07:39:55,120 | INFO | SOURCE 346/1284: https://iptv-org.github.io/iptv/cities/uskck.m3u -> records=1 epg=0
2026-09-21 07:39:55,127 | INFO | SOURCE 347/1284: https://iptv-org.github.io/iptv/cities/usfat.m3u -> records=3 epg=0
2026-09-21 07:39:55,131 | INFO | SOURCE 348/1284: https://iptv-org.github.io/iptv/cities/usfeb.m3u -> records=1 epg=0
2026-09-21 07:39:55,131 | INFO | SOURCE 349/1284: https://iptv-org.github.io/iptv/cities/usgcc.m3u -> records=3 epg=0
2026-09-21 07:39:55,131 | INFO | SOURCE 350/1284: https://iptv-org.github.io/iptv/cities/uscyq.m3u -> records=1 epg=0
2026-09-21 07:39:55,131 | INFO | SOURCE 351/1284: https://iptv-org.github.io/iptv/cities/uslcb.m3u -> records=1 epg=0
2026-09-21 07:39:55,131 | INFO | SOURCE 352/1284: https://iptv-org.github.io/iptv/cities/ushtd.m3u -> records=1 epg=0
2026-09-21 07:39:55,131 | INFO | SOURCE 353/1284: https://iptv-org.github.io/iptv/cities/ushvn.m3u -> records=1 epg=0
2026-09-21 07:39:55,131 | INFO | SOURCE 354/1284: https://iptv-org.github.io/iptv/cities/usjgx.m3u -> records=1 epg=0
2026-09-21 07:39:55,131 | INFO | SOURCE 355/1284: https://iptv-org.github.io/iptv/cities/usjst.m3u -> records=1 epg=0
2026-09-21 07:39:55,132 | INFO | SOURCE 356/1284: https://iptv-org.github.io/iptv/cities/usgpt.m3u -> records=1 epg=0
2026-09-21 07:39:55,132 | INFO | SOURCE 357/1284: https://iptv-org.github.io/iptv/cities/usgnv.m3u -> records=1 epg=0
2026-09-21 07:39:55,132 | INFO | SOURCE 358/1284: https://iptv-org.github.io/iptv/cities/usict.m3u -> records=1 epg=0
2026-09-21 07:39:55,132 | INFO | SOURCE 359/1284: https://iptv-org.github.io/iptv/cities/ushig.m3u -> records=1 epg=0
2026-09-21 07:39:55,132 | INFO | SOURCE 360/1284: https://iptv-org.github.io/iptv/cities/uslbj.m3u -> records=1 epg=0
2026-09-21 07:39:55,132 | INFO | SOURCE 361/1284: https://iptv-org.github.io/iptv/cities/usjax.m3u -> records=2 epg=0
2026-09-21 07:39:55,132 | INFO | SOURCE 362/1284: https://iptv-org.github.io/iptv/cities/usfnl.m3u -> records=3 epg=0
2026-09-21 07:39:55,134 | INFO | SOURCE 363/1284: https://iptv-org.github.io/iptv/cities/usknl.m3u -> records=1 epg=0
2026-09-21 07:39:55,137 | INFO | SOURCE 364/1284: https://iptv-org.github.io/iptv/cities/ushou.m3u -> records=3 epg=0
2026-09-21 07:39:55,137 | INFO | SOURCE 365/1284: https://iptv-org.github.io/iptv/cities/uslpc.m3u -> records=3 epg=0
2026-09-21 07:39:55,138 | INFO | SOURCE 366/1284: https://iptv-org.github.io/iptv/cities/usgda.m3u -> records=1 epg=0
2026-09-21 07:39:55,138 | INFO | SOURCE 367/1284: https://iptv-org.github.io/iptv/cities/useyw.m3u -> records=2 epg=0
2026-09-21 07:39:55,138 | INFO | SOURCE 368/1284: https://iptv-org.github.io/iptv/cities/usfhm.m3u -> records=1 epg=0
2026-09-21 07:39:55,144 | INFO | SOURCE 369/1284: https://iptv-org.github.io/iptv/cities/usifp.m3u -> records=1 epg=0
2026-09-21 07:39:55,147 | INFO | SOURCE 370/1284: https://iptv-org.github.io/iptv/cities/uskft.m3u -> records=1 epg=0
2026-09-21 07:39:55,147 | INFO | SOURCE 371/1284: https://iptv-org.github.io/iptv/cities/uslmr.m3u -> records=3 epg=0
2026-09-21 07:39:55,147 | INFO | SOURCE 372/1284: https://iptv-org.github.io/iptv/cities/usljk.m3u -> records=1 epg=0
2026-09-21 07:39:55,148 | INFO | SOURCE 373/1284: https://iptv-org.github.io/iptv/cities/uslas.m3u -> records=10 epg=0
2026-09-21 07:39:55,151 | INFO | SOURCE 374/1284: https://iptv-org.github.io/iptv/cities/uslax.m3u -> records=7 epg=0
2026-09-21 07:39:55,151 | INFO | SOURCE 375/1284: https://iptv-org.github.io/iptv/cities/usmcn.m3u -> records=1 epg=0
2026-09-21 07:39:55,155 | INFO | SOURCE 376/1284: https://iptv-org.github.io/iptv/cities/usmsy.m3u -> records=1 epg=0
2026-09-21 07:39:55,156 | INFO | SOURCE 377/1284: https://iptv-org.github.io/iptv/cities/uslxi.m3u -> records=1 epg=0
2026-09-21 07:39:55,156 | INFO | SOURCE 378/1284: https://iptv-org.github.io/iptv/cities/uslft.m3u -> records=1 epg=0
2026-09-21 07:39:55,158 | INFO | SOURCE 379/1284: https://iptv-org.github.io/iptv/cities/usmkl.m3u -> records=1 epg=0
2026-09-21 07:39:55,159 | INFO | SOURCE 380/1284: https://iptv-org.github.io/iptv/cities/usiyh.m3u -> records=1 epg=0
2026-09-21 07:39:55,161 | INFO | SOURCE 381/1284: https://iptv-org.github.io/iptv/cities/uslit.m3u -> records=1 epg=0
2026-09-21 07:39:55,162 | INFO | SOURCE 382/1284: https://iptv-org.github.io/iptv/cities/usmob.m3u -> records=1 epg=0
2026-09-21 07:39:55,164 | INFO | SOURCE 383/1284: https://iptv-org.github.io/iptv/cities/uslnk.m3u -> records=1 epg=0
2026-09-21 07:39:55,167 | INFO | SOURCE 384/1284: https://iptv-org.github.io/iptv/cities/usjot.m3u -> records=1 epg=0
2026-09-21 07:39:55,168 | INFO | SOURCE 385/1284: https://iptv-org.github.io/iptv/cities/usmkc.m3u -> records=1 epg=0
2026-09-21 07:39:55,168 | INFO | SOURCE 386/1284: https://iptv-org.github.io/iptv/cities/usnwn.m3u -> records=1 epg=0
2026-09-21 07:39:55,171 | INFO | SOURCE 387/1284: https://iptv-org.github.io/iptv/cities/usgrx.m3u -> records=1 epg=0
2026-09-21 07:39:55,173 | INFO | SOURCE 388/1284: https://iptv-org.github.io/iptv/cities/usnfc.m3u -> records=3 epg=0
2026-09-21 07:39:55,175 | INFO | SOURCE 389/1284: https://iptv-org.github.io/iptv/cities/uslui.m3u -> records=2 epg=0
2026-09-21 07:39:55,178 | INFO | SOURCE 390/1284: https://iptv-org.github.io/iptv/cities/usmoi.m3u -> records=3 epg=0
2026-09-21 07:39:55,180 | INFO | SOURCE 391/1284: https://iptv-org.github.io/iptv/cities/usmjk.m3u -> records=1 epg=0
2026-09-21 07:39:55,184 | INFO | SOURCE 392/1284: https://iptv-org.github.io/iptv/cities/usmem.m3u -> records=1 epg=0
2026-09-21 07:39:55,187 | INFO | SOURCE 393/1284: https://iptv-org.github.io/iptv/cities/usnwc.m3u -> records=1 epg=0
2026-09-21 07:39:55,191 | INFO | SOURCE 394/1284: https://iptv-org.github.io/iptv/cities/usocn.m3u -> records=2 epg=0
2026-09-21 07:39:55,195 | INFO | SOURCE 395/1284: https://iptv-org.github.io/iptv/cities/usmke.m3u -> records=3 epg=0
2026-09-21 07:39:55,196 | INFO | SOURCE 396/1284: https://iptv-org.github.io/iptv/cities/usogg.m3u -> records=3 epg=0
2026-09-21 07:39:55,197 | INFO | SOURCE 397/1284: https://iptv-org.github.io/iptv/cities/usgoe.m3u -> records=1 epg=0
2026-09-21 07:39:55,205 | INFO | SOURCE 398/1284: https://iptv-org.github.io/iptv/cities/uslto.m3u -> records=1 epg=0
2026-09-21 07:39:55,208 | INFO | SOURCE 399/1284: https://iptv-org.github.io/iptv/cities/usorb.m3u -> records=1 epg=0
2026-09-21 07:39:55,215 | INFO | SOURCE 400/1284: https://iptv-org.github.io/iptv/cities/usont.m3u -> records=2 epg=0
2026-09-21 07:39:55,216 | INFO | SOURCE 401/1284: https://iptv-org.github.io/iptv/cities/usoak.m3u -> records=1 epg=0
2026-09-21 07:39:55,218 | INFO | SOURCE 402/1284: https://iptv-org.github.io/iptv/cities/usmes.m3u -> records=3 epg=0
2026-09-21 07:39:55,219 | INFO | SOURCE 403/1284: https://iptv-org.github.io/iptv/cities/usorl.m3u -> records=2 epg=0
2026-09-21 07:39:55,219 | INFO | SOURCE 404/1284: https://iptv-org.github.io/iptv/cities/uslia.m3u -> records=1 epg=0
2026-09-21 07:39:55,220 | INFO | SOURCE 405/1284: https://iptv-org.github.io/iptv/cities/usnwt.m3u -> records=1 epg=0
2026-09-21 07:39:55,221 | INFO | SOURCE 406/1284: https://iptv-org.github.io/iptv/cities/uslns.m3u -> records=1 epg=0
2026-09-21 07:39:55,223 | INFO | SOURCE 407/1284: https://iptv-org.github.io/iptv/cities/uspdx.m3u -> records=1 epg=0
2026-09-21 07:39:55,223 | INFO | SOURCE 408/1284: https://iptv-org.github.io/iptv/cities/usokc.m3u -> records=2 epg=0
2026-09-21 07:39:55,225 | INFO | SOURCE 409/1284: https://iptv-org.github.io/iptv/cities/uspbf.m3u -> records=1 epg=0
2026-09-21 07:39:55,225 | INFO | SOURCE 410/1284: https://iptv-org.github.io/iptv/cities/uslee.m3u -> records=1 epg=0
2026-09-21 07:39:55,228 | INFO | SOURCE 411/1284: https://iptv-org.github.io/iptv/cities/uspao.m3u -> records=5 epg=0
2026-09-21 07:39:55,230 | INFO | SOURCE 412/1284: https://iptv-org.github.io/iptv/cities/uslov.m3u -> records=1 epg=0
2026-09-21 07:39:55,235 | INFO | SOURCE 413/1284: https://iptv-org.github.io/iptv/cities/usphx.m3u -> records=3 epg=0
2026-09-21 07:39:55,235 | INFO | SOURCE 414/1284: https://iptv-org.github.io/iptv/cities/uspqc.m3u -> records=2 epg=0
2026-09-21 07:39:55,237 | INFO | SOURCE 415/1284: https://iptv-org.github.io/iptv/cities/usndz.m3u -> records=2 epg=0
2026-09-21 07:39:55,238 | INFO | SOURCE 416/1284: https://iptv-org.github.io/iptv/cities/uspfq.m3u -> records=1 epg=0
2026-09-21 07:39:55,243 | INFO | SOURCE 417/1284: https://iptv-org.github.io/iptv/cities/uspat.m3u -> records=1 epg=0
2026-09-21 07:39:55,247 | INFO | SOURCE 418/1284: https://iptv-org.github.io/iptv/cities/usral.m3u -> records=1 epg=0
2026-09-21 07:39:55,252 | INFO | SOURCE 419/1284: https://iptv-org.github.io/iptv/cities/usppm.m3u -> records=1 epg=0
2026-09-21 07:39:55,256 | INFO | SOURCE 420/1284: https://iptv-org.github.io/iptv/cities/usrcu.m3u -> records=1 epg=0
2026-09-21 07:39:55,258 | INFO | SOURCE 421/1284: https://iptv-org.github.io/iptv/cities/usmht.m3u -> records=1 epg=0
2026-09-21 07:39:55,259 | INFO | SOURCE 422/1284: https://iptv-org.github.io/iptv/cities/usric.m3u -> records=1 epg=0
2026-09-21 07:39:55,262 | INFO | SOURCE 423/1284: https://iptv-org.github.io/iptv/cities/usrok.m3u -> records=1 epg=0
2026-09-21 07:39:55,264 | INFO | SOURCE 424/1284: https://iptv-org.github.io/iptv/cities/ussac.m3u -> records=3 epg=0
2026-09-21 07:39:55,265 | INFO | SOURCE 425/1284: https://iptv-org.github.io/iptv/cities/uslxx.m3u -> records=1 epg=0
2026-09-21 07:39:55,266 | INFO | SOURCE 426/1284: https://iptv-org.github.io/iptv/cities/uspbi.m3u -> records=3 epg=0
2026-09-21 07:39:55,268 | INFO | SOURCE 427/1284: https://iptv-org.github.io/iptv/cities/usmy3.m3u -> records=5 epg=0
2026-09-21 07:39:55,269 | INFO | SOURCE 428/1284: https://iptv-org.github.io/iptv/cities/uslqq.m3u -> records=1 epg=0
2026-09-21 07:39:55,271 | INFO | SOURCE 429/1284: https://iptv-org.github.io/iptv/cities/usmia.m3u -> records=3 epg=0
2026-09-21 07:39:55,275 | INFO | SOURCE 430/1284: https://iptv-org.github.io/iptv/cities/ussjj.m3u -> records=1 epg=0
2026-09-21 07:39:55,276 | INFO | SOURCE 431/1284: https://iptv-org.github.io/iptv/cities/ussby.m3u -> records=1 epg=0
2026-09-21 07:39:55,277 | INFO | SOURCE 432/1284: https://iptv-org.github.io/iptv/cities/usnak.m3u -> records=3 epg=0
2026-09-21 07:39:55,279 | INFO | SOURCE 433/1284: https://iptv-org.github.io/iptv/cities/usslc.m3u -> records=1 epg=0
2026-09-21 07:39:55,280 | INFO | SOURCE 434/1284: https://iptv-org.github.io/iptv/cities/usrdg.m3u -> records=1 epg=0
2026-09-21 07:39:55,281 | INFO | SOURCE 435/1284: https://iptv-org.github.io/iptv/cities/ussbn.m3u -> records=1 epg=0
2026-09-21 07:39:55,283 | INFO | SOURCE 436/1284: https://iptv-org.github.io/iptv/cities/usrkv.m3u -> records=2 epg=0
2026-09-21 07:39:55,287 | INFO | SOURCE 437/1284: https://iptv-org.github.io/iptv/cities/usssk.m3u -> records=1 epg=0
2026-09-21 07:39:55,290 | INFO | SOURCE 438/1284: https://iptv-org.github.io/iptv/cities/usnyc.m3u -> records=7 epg=0
2026-09-21 07:39:55,293 | INFO | SOURCE 439/1284: https://iptv-org.github.io/iptv/cities/ussfo.m3u -> records=5 epg=0
2026-09-21 07:39:55,293 | INFO | SOURCE 440/1284: https://iptv-org.github.io/iptv/cities/usoaj.m3u -> records=1 epg=0
2026-09-21 07:39:55,294 | INFO | SOURCE 441/1284: https://iptv-org.github.io/iptv/cities/usuyj.m3u -> records=1 epg=0
2026-09-21 07:39:55,296 | INFO | SOURCE 442/1284: https://iptv-org.github.io/iptv/cities/usnrh.m3u -> records=1 epg=0
2026-09-21 07:39:55,299 | INFO | SOURCE 443/1284: https://iptv-org.github.io/iptv/cities/ussea.m3u -> records=2 epg=0
2026-09-21 07:39:55,300 | INFO | SOURCE 444/1284: https://iptv-org.github.io/iptv/countries/ad.m3u -> records=8 epg=0
2026-09-21 07:39:55,302 | INFO | SOURCE 445/1284: https://iptv-org.github.io/iptv/cities/ustuz.m3u -> records=1 epg=0
2026-09-21 07:39:55,302 | INFO | SOURCE 446/1284: https://iptv-org.github.io/iptv/cities/usp2c.m3u -> records=2 epg=0
2026-09-21 07:39:55,303 | INFO | SOURCE 447/1284: https://iptv-org.github.io/iptv/cities/usoma.m3u -> records=1 epg=0
2026-09-21 07:39:55,313 | INFO | SOURCE 448/1284: https://iptv-org.github.io/iptv/cities/usphl.m3u -> records=5 epg=0
2026-09-21 07:39:55,313 | INFO | SOURCE 449/1284: https://iptv-org.github.io/iptv/cities/usvbr.m3u -> records=2 epg=0
2026-09-21 07:39:55,314 | INFO | SOURCE 450/1284: https://iptv-org.github.io/iptv/cities/ussmo.m3u -> records=1 epg=0
2026-09-21 07:39:55,316 | INFO | SOURCE 451/1284: https://iptv-org.github.io/iptv/cities/ussfb.m3u -> records=1 epg=0
2026-09-21 07:39:55,317 | INFO | SOURCE 452/1284: https://iptv-org.github.io/iptv/countries/ao.m3u -> records=3 epg=0
2026-09-21 07:39:55,317 | INFO | SOURCE 453/1284: https://iptv-org.github.io/iptv/cities/usvlo.m3u -> records=1 epg=0
2026-09-21 07:39:55,324 | INFO | SOURCE 454/1284: https://iptv-org.github.io/iptv/countries/au.m3u -> records=74 epg=0
2026-09-21 07:39:55,327 | INFO | SOURCE 455/1284: https://iptv-org.github.io/iptv/cities/ussns.m3u -> records=1 epg=0
2026-09-21 07:39:55,327 | INFO | SOURCE 456/1284: https://iptv-org.github.io/iptv/cities/uswhr.m3u -> records=1 epg=0
2026-09-21 07:39:55,332 | INFO | SOURCE 457/1284: https://iptv-org.github.io/iptv/countries/az.m3u -> records=18 epg=0
2026-09-21 07:39:55,332 | INFO | SOURCE 458/1284: https://iptv-org.github.io/iptv/cities/uspvd.m3u -> records=1 epg=0
2026-09-21 07:39:55,336 | INFO | SOURCE 459/1284: https://iptv-org.github.io/iptv/cities/uspit.m3u -> records=1 epg=0
2026-09-21 07:39:55,337 | INFO | SOURCE 460/1284: https://iptv-org.github.io/iptv/cities/ussmx.m3u -> records=3 epg=0
2026-09-21 07:39:55,339 | INFO | SOURCE 461/1284: https://iptv-org.github.io/iptv/cities/uswmx.m3u -> records=1 epg=0
2026-09-21 07:39:55,339 | INFO | SOURCE 462/1284: https://iptv-org.github.io/iptv/cities/usril.m3u -> records=1 epg=0
2026-09-21 07:39:55,341 | INFO | SOURCE 463/1284: https://iptv-org.github.io/iptv/cities/ussat.m3u -> records=3 epg=0
2026-09-21 07:39:55,357 | INFO | SOURCE 464/1284: https://iptv-org.github.io/iptv/cities/ussor.m3u -> records=1 epg=0
2026-09-21 07:39:55,357 | INFO | SOURCE 465/1284: https://iptv-org.github.io/iptv/cities/usstz.m3u -> records=1 epg=0
2026-09-21 07:39:55,357 | INFO | SOURCE 466/1284: https://iptv-org.github.io/iptv/countries/ag.m3u -> records=1 epg=0
2026-09-21 07:39:55,357 | INFO | SOURCE 467/1284: https://iptv-org.github.io/iptv/cities/usszg.m3u -> records=1 epg=0
2026-09-21 07:39:55,357 | INFO | SOURCE 468/1284: https://iptv-org.github.io/iptv/countries/ar.m3u -> records=176 epg=0
2026-09-21 07:39:55,361 | INFO | SOURCE 469/1284: https://iptv-org.github.io/iptv/cities/usroc.m3u -> records=1 epg=0
2026-09-21 07:39:55,361 | INFO | SOURCE 470/1284: https://iptv-org.github.io/iptv/cities/ustht.m3u -> records=1 epg=0
2026-09-21 07:39:55,366 | INFO | SOURCE 471/1284: https://iptv-org.github.io/iptv/countries/be.m3u -> records=47 epg=0
2026-09-21 07:39:55,366 | INFO | SOURCE 472/1284: https://iptv-org.github.io/iptv/countries/am.m3u -> records=8 epg=0
2026-09-21 07:39:55,366 | INFO | SOURCE 473/1284: https://iptv-org.github.io/iptv/cities/ussck.m3u -> records=1 epg=0
2026-09-21 07:39:55,368 | INFO | SOURCE 474/1284: https://iptv-org.github.io/iptv/cities/ustol.m3u -> records=1 epg=0
2026-09-21 07:39:55,375 | INFO | SOURCE 475/1284: https://iptv-org.github.io/iptv/cities/usxlu.m3u -> records=1 epg=0
2026-09-21 07:39:55,375 | INFO | SOURCE 476/1284: https://iptv-org.github.io/iptv/cities/uspzl.m3u -> records=1 epg=0
2026-09-21 07:39:55,375 | INFO | SOURCE 477/1284: https://iptv-org.github.io/iptv/cities/usstp.m3u -> records=1 epg=0
2026-09-21 07:39:55,376 | INFO | SOURCE 478/1284: https://iptv-org.github.io/iptv/countries/bh.m3u -> records=4 epg=0
2026-09-21 07:39:55,380 | INFO | SOURCE 479/1284: https://iptv-org.github.io/iptv/cities/ustiw.m3u -> records=1 epg=0
2026-09-21 07:39:55,382 | INFO | SOURCE 480/1284: https://iptv-org.github.io/iptv/countries/bb.m3u -> records=1 epg=0
2026-09-21 07:39:55,382 | INFO | SOURCE 481/1284: https://iptv-org.github.io/iptv/cities/ussan.m3u -> records=3 epg=0
2026-09-21 07:39:55,382 | INFO | SOURCE 482/1284: https://iptv-org.github.io/iptv/cities/usscz.m3u -> records=1 epg=0
2026-09-21 07:39:55,382 | INFO | SOURCE 483/1284: https://iptv-org.github.io/iptv/cities/ussjc.m3u -> records=5 epg=0
2026-09-21 07:39:55,392 | INFO | SOURCE 484/1284: https://iptv-org.github.io/iptv/countries/bj.m3u -> records=9 epg=0
2026-09-21 07:39:55,392 | INFO | SOURCE 485/1284: https://iptv-org.github.io/iptv/countries/by.m3u -> records=23 epg=0
2026-09-21 07:39:55,393 | INFO | SOURCE 486/1284: https://iptv-org.github.io/iptv/cities/ustul.m3u -> records=1 epg=0
2026-09-21 07:39:55,393 | INFO | SOURCE 487/1284: https://iptv-org.github.io/iptv/cities/ustlh.m3u -> records=2 epg=0
2026-09-21 07:39:55,393 | INFO | SOURCE 488/1284: https://iptv-org.github.io/iptv/cities/ussbt.m3u -> records=1 epg=0
2026-09-21 07:39:55,406 | INFO | SOURCE 489/1284: https://iptv-org.github.io/iptv/countries/bf.m3u -> records=6 epg=0
2026-09-21 07:39:55,406 | INFO | SOURCE 490/1284: https://iptv-org.github.io/iptv/countries/bq.m3u -> records=6 epg=0
2026-09-21 07:39:55,406 | INFO | SOURCE 491/1284: https://iptv-org.github.io/iptv/countries/bs.m3u -> records=4 epg=0
2026-09-21 07:39:55,406 | INFO | SOURCE 492/1284: https://iptv-org.github.io/iptv/cities/usttn.m3u -> records=1 epg=0
2026-09-21 07:39:55,409 | INFO | SOURCE 493/1284: https://iptv-org.github.io/iptv/cities/usspi.m3u -> records=2 epg=0
2026-09-21 07:39:55,413 | INFO | SOURCE 494/1284: https://iptv-org.github.io/iptv/cities/ustpa.m3u -> records=3 epg=0
2026-09-21 07:39:55,414 | INFO | SOURCE 495/1284: https://iptv-org.github.io/iptv/countries/cv.m3u -> records=1 epg=0
2026-09-21 07:39:55,414 | INFO | SOURCE 496/1284: https://iptv-org.github.io/iptv/countries/cu.m3u -> records=2 epg=0
2026-09-21 07:39:55,414 | INFO | SOURCE 497/1284: https://iptv-org.github.io/iptv/cities/ussru.m3u -> records=3 epg=0
2026-09-21 07:39:55,418 | INFO | SOURCE 498/1284: https://iptv-org.github.io/iptv/cities/ussnk.m3u -> records=1 epg=0
2026-09-21 07:39:55,418 | INFO | SOURCE 499/1284: https://iptv-org.github.io/iptv/cities/usuyk.m3u -> records=1 epg=0
2026-09-21 07:39:55,418 | INFO | SOURCE 500/1284: https://iptv-org.github.io/iptv/cities/uswko.m3u -> records=2 epg=0
2026-09-21 07:39:55,448 | INFO | SOURCE 501/1284: https://iptv-org.github.io/iptv/countries/dz.m3u -> records=8 epg=0
2026-09-21 07:39:55,470 | INFO | SOURCE 502/1284: https://iptv-org.github.io/iptv/cities/ussuu.m3u -> records=1 epg=0
2026-09-21 07:39:55,470 | INFO | SOURCE 503/1284: https://iptv-org.github.io/iptv/cities/ustvc.m3u -> records=1 epg=0
2026-09-21 07:39:55,475 | INFO | SOURCE 504/1284: https://iptv-org.github.io/iptv/cities/usubs.m3u -> records=1 epg=0
2026-09-21 07:39:55,475 | INFO | SOURCE 505/1284: https://iptv-org.github.io/iptv/countries/bg.m3u -> records=74 epg=0
2026-09-21 07:39:55,475 | INFO | SOURCE 506/1284: https://iptv-org.github.io/iptv/countries/co.m3u -> records=117 epg=0
2026-09-21 07:39:55,476 | INFO | SOURCE 507/1284: https://iptv-org.github.io/iptv/countries/cw.m3u -> records=5 epg=0
2026-09-21 07:39:55,476 | INFO | SOURCE 508/1284: https://iptv-org.github.io/iptv/countries/cm.m3u -> records=15 epg=0
2026-09-21 07:39:55,476 | INFO | SOURCE 509/1284: https://iptv-org.github.io/iptv/cities/ustmc.m3u -> records=1 epg=0
2026-09-21 07:39:55,498 | INFO | SOURCE 510/1284: https://iptv-org.github.io/iptv/countries/fi.m3u -> records=26 epg=0
2026-09-21 07:39:55,514 | INFO | SOURCE 511/1284: https://iptv-org.github.io/iptv/countries/cy.m3u -> records=16 epg=0
2026-09-21 07:39:55,515 | INFO | SOURCE 512/1284: https://iptv-org.github.io/iptv/countries/ae.m3u -> records=19 epg=0
2026-09-21 07:39:55,519 | INFO | SOURCE 513/1284: https://iptv-org.github.io/iptv/cities/uswai.m3u -> records=2 epg=0
2026-09-21 07:39:55,610 | INFO | SOURCE 514/1284: https://iptv-org.github.io/iptv/countries/at.m3u -> records=134 epg=0
2026-09-21 07:39:55,610 | INFO | SOURCE 515/1284: https://iptv-org.github.io/iptv/countries/eg.m3u -> records=19 epg=0
2026-09-21 07:39:55,610 | INFO | SOURCE 516/1284: https://iptv-org.github.io/iptv/countries/et.m3u -> records=4 epg=0
2026-09-21 07:39:55,610 | INFO | SOURCE 517/1284: https://iptv-org.github.io/iptv/cities/uswwu.m3u -> records=1 epg=0
2026-09-21 07:39:55,610 | INFO | SOURCE 518/1284: https://iptv-org.github.io/iptv/countries/cd.m3u -> records=16 epg=0
2026-09-21 07:39:55,610 | INFO | SOURCE 519/1284: https://iptv-org.github.io/iptv/countries/bn.m3u -> records=5 epg=0
2026-09-21 07:39:55,610 | INFO | SOURCE 520/1284: https://iptv-org.github.io/iptv/countries/ba.m3u -> records=20 epg=0
2026-09-21 07:39:55,611 | INFO | SOURCE 521/1284: https://iptv-org.github.io/iptv/countries/cr.m3u -> records=65 epg=0
2026-09-21 07:39:55,611 | INFO | SOURCE 522/1284: https://iptv-org.github.io/iptv/countries/ch.m3u -> records=149 epg=0
2026-09-21 07:39:55,611 | INFO | SOURCE 523/1284: https://iptv-org.github.io/iptv/cities/usyum.m3u -> records=3 epg=0
2026-09-21 07:39:55,611 | INFO | SOURCE 524/1284: https://iptv-org.github.io/iptv/cities/usxmg.m3u -> records=1 epg=0
2026-09-21 07:39:55,611 | INFO | SOURCE 525/1284: https://iptv-org.github.io/iptv/cities/uswct.m3u -> records=2 epg=0
2026-09-21 07:39:55,611 | INFO | SOURCE 526/1284: https://iptv-org.github.io/iptv/countries/ge.m3u -> records=22 epg=0
2026-09-21 07:39:55,611 | INFO | SOURCE 527/1284: https://iptv-org.github.io/iptv/cities/usvis.m3u -> records=1 epg=0
2026-09-21 07:39:55,611 | INFO | SOURCE 528/1284: https://iptv-org.github.io/iptv/cities/usxfx.m3u -> records=1 epg=0
2026-09-21 07:39:55,679 | INFO | SOURCE 529/1284: https://iptv-org.github.io/iptv/cities/uszgv.m3u -> records=1 epg=0
2026-09-21 07:39:55,679 | INFO | SOURCE 530/1284: https://iptv-org.github.io/iptv/countries/eh.m3u -> records=1 epg=0
2026-09-21 07:39:55,679 | INFO | SOURCE 531/1284: https://iptv-org.github.io/iptv/cities/usxfr.m3u -> records=1 epg=0
2026-09-21 07:39:55,679 | INFO | SOURCE 532/1284: https://iptv-org.github.io/iptv/cities/uswas.m3u -> records=5 epg=0
2026-09-21 07:39:55,679 | INFO | SOURCE 533/1284: https://iptv-org.github.io/iptv/countries/gu.m3u -> records=2 epg=0
2026-09-21 07:39:55,679 | INFO | SOURCE 534/1284: https://iptv-org.github.io/iptv/countries/er.m3u -> records=1 epg=0
2026-09-21 07:39:55,679 | INFO | SOURCE 535/1284: https://iptv-org.github.io/iptv/countries/gg.m3u -> records=1 epg=0
2026-09-21 07:39:55,680 | INFO | SOURCE 536/1284: https://iptv-org.github.io/iptv/cities/vemyc.m3u -> records=1 epg=0
2026-09-21 07:39:55,680 | INFO | SOURCE 537/1284: https://iptv-org.github.io/iptv/countries/gn.m3u -> records=5 epg=0
2026-09-21 07:39:55,680 | INFO | SOURCE 538/1284: https://iptv-org.github.io/iptv/countries/cz.m3u -> records=85 epg=0
2026-09-21 07:39:55,680 | INFO | SOURCE 539/1284: https://iptv-org.github.io/iptv/countries/ee.m3u -> records=26 epg=0
2026-09-21 07:39:55,680 | INFO | SOURCE 540/1284: https://iptv-org.github.io/iptv/countries/aw.m3u -> records=12 epg=0
2026-09-21 07:39:55,680 | INFO | SOURCE 541/1284: https://iptv-org.github.io/iptv/countries/hn.m3u -> records=76 epg=0
2026-09-21 07:39:55,685 | INFO | SOURCE 542/1284: https://iptv-org.github.io/iptv/countries/bd.m3u -> records=41 epg=0
2026-09-21 07:39:55,685 | INFO | SOURCE 543/1284: https://iptv-org.github.io/iptv/countries/gr.m3u -> records=71 epg=0
2026-09-21 07:39:55,685 | INFO | SOURCE 544/1284: https://iptv-org.github.io/iptv/countries/ec.m3u -> records=96 epg=0
2026-09-21 07:39:55,686 | INFO | SOURCE 545/1284: https://iptv-org.github.io/iptv/countries/cg.m3u -> records=5 epg=0
2026-09-21 07:39:55,686 | INFO | SOURCE 546/1284: https://iptv-org.github.io/iptv/countries/gh.m3u -> records=11 epg=0
2026-09-21 07:39:55,686 | INFO | SOURCE 547/1284: https://iptv-org.github.io/iptv/countries/al.m3u -> records=28 epg=0
2026-09-21 07:39:55,686 | INFO | SOURCE 548/1284: https://iptv-org.github.io/iptv/countries/hk.m3u -> records=18 epg=0
2026-09-21 07:39:55,686 | INFO | SOURCE 549/1284: https://iptv-org.github.io/iptv/countries/gm.m3u -> records=1 epg=0
2026-09-21 07:39:55,686 | INFO | SOURCE 550/1284: https://iptv-org.github.io/iptv/countries/ca.m3u -> records=258 epg=0
2026-09-21 07:39:55,686 | INFO | SOURCE 551/1284: https://iptv-org.github.io/iptv/countries/br.m3u -> records=385 epg=0
2026-09-21 07:39:55,686 | INFO | SOURCE 552/1284: https://iptv-org.github.io/iptv/countries/bt.m3u -> records=1 epg=0
2026-09-21 07:39:55,686 | INFO | SOURCE 553/1284: https://iptv-org.github.io/iptv/countries/hr.m3u -> records=29 epg=0
2026-09-21 07:39:55,686 | INFO | SOURCE 554/1284: https://iptv-org.github.io/iptv/countries/jm.m3u -> records=7 epg=0
2026-09-21 07:39:55,686 | INFO | SOURCE 555/1284: https://iptv-org.github.io/iptv/countries/bz.m3u -> records=2 epg=0
2026-09-21 07:39:55,686 | INFO | SOURCE 556/1284: https://iptv-org.github.io/iptv/countries/gy.m3u -> records=8 epg=0
2026-09-21 07:39:55,687 | INFO | SOURCE 557/1284: https://iptv-org.github.io/iptv/countries/is.m3u -> records=6 epg=0
2026-09-21 07:39:55,687 | INFO | SOURCE 558/1284: https://iptv-org.github.io/iptv/countries/gf.m3u -> records=1 epg=0
2026-09-21 07:39:55,687 | INFO | SOURCE 559/1284: https://iptv-org.github.io/iptv/countries/kh.m3u -> records=27 epg=0
2026-09-21 07:39:55,687 | INFO | SOURCE 560/1284: https://iptv-org.github.io/iptv/countries/kn.m3u -> records=3 epg=0
2026-09-21 07:39:55,687 | INFO | SOURCE 561/1284: https://iptv-org.github.io/iptv/countries/af.m3u -> records=24 epg=0
2026-09-21 07:39:55,687 | INFO | SOURCE 562/1284: https://iptv-org.github.io/iptv/countries/gq.m3u -> records=2 epg=0
2026-09-21 07:39:55,687 | INFO | SOURCE 563/1284: https://iptv-org.github.io/iptv/countries/kg.m3u -> records=8 epg=0
2026-09-21 07:39:55,687 | INFO | SOURCE 564/1284: https://iptv-org.github.io/iptv/countries/ht.m3u -> records=27 epg=0
2026-09-21 07:39:55,687 | INFO | SOURCE 565/1284: https://iptv-org.github.io/iptv/countries/de.m3u -> records=301 epg=0
2026-09-21 07:39:55,687 | INFO | SOURCE 566/1284: https://iptv-org.github.io/iptv/countries/kw.m3u -> records=11 epg=0
2026-09-21 07:39:55,687 | INFO | SOURCE 567/1284: https://iptv-org.github.io/iptv/countries/jo.m3u -> records=19 epg=0
2026-09-21 07:39:55,687 | INFO | SOURCE 568/1284: https://iptv-org.github.io/iptv/countries/cn.m3u -> records=143 epg=0
2026-09-21 07:39:55,688 | INFO | SOURCE 569/1284: https://iptv-org.github.io/iptv/countries/dk.m3u -> records=154 epg=0
2026-09-21 07:39:55,688 | INFO | SOURCE 570/1284: https://iptv-org.github.io/iptv/countries/gt.m3u -> records=64 epg=0
2026-09-21 07:39:55,688 | INFO | SOURCE 571/1284: https://iptv-org.github.io/iptv/countries/gp.m3u -> records=5 epg=0
2026-09-21 07:39:55,719 | INFO | SOURCE 572/1284: https://iptv-org.github.io/iptv/countries/iq.m3u -> records=59 epg=0
2026-09-21 07:39:55,754 | INFO | SOURCE 573/1284: https://iptv-org.github.io/iptv/countries/ci.m3u -> records=19 epg=0
2026-09-21 07:39:55,763 | INFO | SOURCE 574/1284: https://iptv-org.github.io/iptv/countries/bo.m3u -> records=85 epg=0
2026-09-21 07:39:55,763 | INFO | SOURCE 575/1284: https://iptv-org.github.io/iptv/countries/kp.m3u -> records=4 epg=0
2026-09-21 07:39:55,788 | INFO | SOURCE 576/1284: https://iptv-org.github.io/iptv/countries/kr.m3u -> records=73 epg=0
2026-09-21 07:39:55,802 | INFO | SOURCE 577/1284: https://iptv-org.github.io/iptv/countries/il.m3u -> records=37 epg=0
2026-09-21 07:39:55,802 | INFO | SOURCE 578/1284: https://iptv-org.github.io/iptv/countries/kz.m3u -> records=49 epg=0
2026-09-21 07:39:55,802 | INFO | SOURCE 579/1284: https://iptv-org.github.io/iptv/countries/km.m3u -> records=1 epg=0
2026-09-21 07:39:55,802 | INFO | SOURCE 580/1284: https://iptv-org.github.io/iptv/countries/jp.m3u -> records=7 epg=0
2026-09-21 07:39:55,802 | INFO | SOURCE 581/1284: https://iptv-org.github.io/iptv/countries/li.m3u -> records=2 epg=0
2026-09-21 07:39:55,802 | INFO | SOURCE 582/1284: https://iptv-org.github.io/iptv/countries/mc.m3u -> records=4 epg=0
2026-09-21 07:39:55,802 | INFO | SOURCE 583/1284: https://iptv-org.github.io/iptv/countries/ly.m3u -> records=6 epg=0
2026-09-21 07:39:55,803 | INFO | SOURCE 584/1284: https://iptv-org.github.io/iptv/countries/ma.m3u -> records=12 epg=0
2026-09-21 07:39:55,822 | INFO | SOURCE 585/1284: https://iptv-org.github.io/iptv/countries/es.m3u -> records=336 epg=0
2026-09-21 07:39:55,822 | INFO | SOURCE 586/1284: https://iptv-org.github.io/iptv/countries/pg.m3u -> records=1 epg=0
2026-09-21 07:39:55,822 | INFO | SOURCE 587/1284: https://iptv-org.github.io/iptv/countries/nz.m3u -> records=27 epg=0
2026-09-21 07:39:55,851 | INFO | SOURCE 588/1284: https://iptv-org.github.io/iptv/countries/it.m3u -> records=320 epg=0
2026-09-21 07:39:55,876 | INFO | SOURCE 589/1284: https://iptv-org.github.io/iptv/countries/cl.m3u -> records=242 epg=0
2026-09-21 07:39:55,876 | INFO | SOURCE 590/1284: https://iptv-org.github.io/iptv/countries/lu.m3u -> records=14 epg=0
2026-09-21 07:39:55,877 | INFO | SOURCE 591/1284: https://iptv-org.github.io/iptv/countries/mz.m3u -> records=5 epg=0
2026-09-21 07:39:55,877 | INFO | SOURCE 592/1284: https://iptv-org.github.io/iptv/countries/mg.m3u -> records=1 epg=0
2026-09-21 07:39:55,877 | INFO | SOURCE 593/1284: https://iptv-org.github.io/iptv/countries/ke.m3u -> records=38 epg=0
2026-09-21 07:39:55,877 | INFO | SOURCE 594/1284: https://iptv-org.github.io/iptv/countries/lb.m3u -> records=31 epg=0
2026-09-21 07:39:55,877 | INFO | SOURCE 595/1284: https://iptv-org.github.io/iptv/countries/ne.m3u -> records=6 epg=0
2026-09-21 07:39:55,877 | INFO | SOURCE 596/1284: https://iptv-org.github.io/iptv/countries/lc.m3u -> records=2 epg=0
2026-09-21 07:39:55,877 | INFO | SOURCE 597/1284: https://iptv-org.github.io/iptv/countries/mo.m3u -> records=7 epg=0
2026-09-21 07:39:55,877 | INFO | SOURCE 598/1284: https://iptv-org.github.io/iptv/countries/lt.m3u -> records=25 epg=0
2026-09-21 07:39:55,877 | INFO | SOURCE 599/1284: https://iptv-org.github.io/iptv/countries/me.m3u -> records=8 epg=0
2026-09-21 07:39:55,877 | INFO | SOURCE 600/1284: https://iptv-org.github.io/iptv/countries/la.m3u -> records=12 epg=0
2026-09-21 07:39:55,877 | INFO | SOURCE 601/1284: https://iptv-org.github.io/iptv/countries/mn.m3u -> records=38 epg=0
2026-09-21 07:39:55,877 | INFO | SOURCE 602/1284: https://iptv-org.github.io/iptv/countries/mu.m3u -> records=2 epg=0
2026-09-21 07:39:55,878 | INFO | SOURCE 603/1284: https://iptv-org.github.io/iptv/countries/mq.m3u -> records=6 epg=0
2026-09-21 07:39:55,878 | INFO | SOURCE 604/1284: https://iptv-org.github.io/iptv/countries/pf.m3u -> records=2 epg=0
2026-09-21 07:39:55,878 | INFO | SOURCE 605/1284: https://iptv-org.github.io/iptv/countries/mm.m3u -> records=18 epg=0
2026-09-21 07:39:55,878 | INFO | SOURCE 606/1284: https://iptv-org.github.io/iptv/countries/ml.m3u -> records=4 epg=0
2026-09-21 07:39:55,878 | INFO | SOURCE 607/1284: https://iptv-org.github.io/iptv/countries/pa.m3u -> records=25 epg=0
2026-09-21 07:39:55,878 | INFO | SOURCE 608/1284: https://iptv-org.github.io/iptv/countries/mv.m3u -> records=11 epg=0
2026-09-21 07:39:55,878 | INFO | SOURCE 609/1284: https://iptv-org.github.io/iptv/countries/lk.m3u -> records=17 epg=0
2026-09-21 07:39:55,878 | INFO | SOURCE 610/1284: https://iptv-org.github.io/iptv/countries/mt.m3u -> records=7 epg=0
2026-09-21 07:39:55,878 | INFO | SOURCE 611/1284: https://iptv-org.github.io/iptv/countries/lv.m3u -> records=25 epg=0
2026-09-21 07:39:55,878 | INFO | SOURCE 612/1284: https://iptv-org.github.io/iptv/countries/mr.m3u -> records=1 epg=0
2026-09-21 07:39:55,878 | INFO | SOURCE 613/1284: https://iptv-org.github.io/iptv/countries/ir.m3u -> records=184 epg=0
2026-09-21 07:39:55,878 | INFO | SOURCE 614/1284: https://iptv-org.github.io/iptv/countries/ph.m3u -> records=19 epg=0
2026-09-21 07:39:55,879 | INFO | SOURCE 615/1284: https://iptv-org.github.io/iptv/countries/ng.m3u -> records=53 epg=0
2026-09-21 07:39:55,917 | INFO | SOURCE 616/1284: https://iptv-org.github.io/iptv/countries/ni.m3u -> records=19 epg=0
2026-09-21 07:39:55,970 | INFO | SOURCE 617/1284: https://iptv-org.github.io/iptv/countries/na.m3u -> records=2 epg=0
2026-09-21 07:39:55,990 | INFO | SOURCE 618/1284: https://iptv-org.github.io/iptv/countries/om.m3u -> records=5 epg=0
2026-09-21 07:39:55,990 | INFO | SOURCE 619/1284: https://iptv-org.github.io/iptv/countries/ie.m3u -> records=86 epg=0
2026-09-21 07:39:55,998 | INFO | SOURCE 620/1284: https://iptv-org.github.io/iptv/countries/mk.m3u -> records=28 epg=0
2026-09-21 07:39:55,998 | INFO | SOURCE 621/1284: https://iptv-org.github.io/iptv/countries/do.m3u -> records=255 epg=0
2026-09-21 07:39:56,033 | INFO | SOURCE 622/1284: https://iptv-org.github.io/iptv/countries/np.m3u -> records=20 epg=0
2026-09-21 07:39:56,094 | INFO | SOURCE 623/1284: https://iptv-org.github.io/iptv/countries/pt.m3u -> records=62 epg=0
2026-09-21 07:39:56,104 | INFO | SOURCE 624/1284: https://iptv-org.github.io/iptv/countries/id.m3u -> records=175 epg=0
2026-09-21 07:39:56,104 | INFO | SOURCE 625/1284: https://iptv-org.github.io/iptv/countries/re.m3u -> records=1 epg=0
2026-09-21 07:39:56,104 | INFO | SOURCE 626/1284: https://iptv-org.github.io/iptv/countries/sg.m3u -> records=12 epg=0
2026-09-21 07:39:56,105 | INFO | SOURCE 627/1284: https://iptv-org.github.io/iptv/countries/sy.m3u -> records=11 epg=0
2026-09-21 07:39:56,105 | INFO | SOURCE 628/1284: https://iptv-org.github.io/iptv/countries/sd.m3u -> records=3 epg=0
2026-09-21 07:39:56,105 | INFO | SOURCE 629/1284: https://iptv-org.github.io/iptv/countries/sr.m3u -> records=2 epg=0
2026-09-21 07:39:56,105 | INFO | SOURCE 630/1284: https://iptv-org.github.io/iptv/countries/sl.m3u -> records=1 epg=0
2026-09-21 07:39:56,105 | INFO | SOURCE 631/1284: https://iptv-org.github.io/iptv/countries/pr.m3u -> records=28 epg=0
2026-09-21 07:39:56,105 | INFO | SOURCE 632/1284: https://iptv-org.github.io/iptv/countries/ps.m3u -> records=19 epg=0
2026-09-21 07:39:56,105 | INFO | SOURCE 633/1284: https://iptv-org.github.io/iptv/countries/tn.m3u -> records=5 epg=0
2026-09-21 07:39:56,105 | INFO | SOURCE 634/1284: https://iptv-org.github.io/iptv/countries/rs.m3u -> records=49 epg=0
2026-09-21 07:39:56,105 | INFO | SOURCE 635/1284: https://iptv-org.github.io/iptv/countries/tm.m3u -> records=8 epg=0
2026-09-21 07:39:56,105 | INFO | SOURCE 636/1284: https://iptv-org.github.io/iptv/countries/sm.m3u -> records=3 epg=0
2026-09-21 07:39:56,105 | INFO | SOURCE 637/1284: https://iptv-org.github.io/iptv/countries/sn.m3u -> records=16 epg=0
2026-09-21 07:39:56,105 | INFO | SOURCE 638/1284: https://iptv-org.github.io/iptv/countries/vc.m3u -> records=1 epg=0
2026-09-21 07:39:56,106 | INFO | SOURCE 639/1284: https://iptv-org.github.io/iptv/countries/rw.m3u -> records=8 epg=0
2026-09-21 07:39:56,106 | INFO | SOURCE 640/1284: https://iptv-org.github.io/iptv/countries/tg.m3u -> records=11 epg=0
2026-09-21 07:39:56,106 | INFO | SOURCE 641/1284: https://iptv-org.github.io/iptv/countries/so.m3u -> records=7 epg=0
2026-09-21 07:39:56,106 | INFO | SOURCE 642/1284: https://iptv-org.github.io/iptv/countries/int.m3u -> records=986 epg=0
2026-09-21 07:39:56,106 | INFO | SOURCE 643/1284: https://iptv-org.github.io/iptv/countries/tt.m3u -> records=6 epg=0
2026-09-21 07:39:56,106 | INFO | SOURCE 644/1284: https://iptv-org.github.io/iptv/countries/sv.m3u -> records=36 epg=0
2026-09-21 07:39:56,106 | INFO | SOURCE 645/1284: https://iptv-org.github.io/iptv/countries/za.m3u -> records=21 epg=0
2026-09-21 07:39:56,106 | INFO | SOURCE 646/1284: https://iptv-org.github.io/iptv/countries/my.m3u -> records=22 epg=0
2026-09-21 07:39:56,106 | INFO | SOURCE 647/1284: https://iptv-org.github.io/iptv/countries/uz.m3u -> records=33 epg=0
2026-09-21 07:39:56,106 | INFO | SOURCE 648/1284: https://iptv-org.github.io/iptv/countries/td.m3u -> records=1 epg=0
2026-09-21 07:39:56,106 | INFO | SOURCE 649/1284: https://iptv-org.github.io/iptv/countries/va.m3u -> records=2 epg=0
2026-09-21 07:39:56,114 | INFO | SOURCE 650/1284: https://iptv-org.github.io/iptv/countries/uk.m3u -> records=311 epg=0
2026-09-21 07:39:56,114 | INFO | SOURCE 651/1284: https://iptv-org.github.io/iptv/languages/aii.m3u -> records=1 epg=0
2026-09-21 07:39:56,114 | INFO | SOURCE 652/1284: https://iptv-org.github.io/iptv/countries/tj.m3u -> records=14 epg=0
2026-09-21 07:39:56,114 | INFO | SOURCE 653/1284: https://iptv-org.github.io/iptv/countries/md.m3u -> records=31 epg=0
2026-09-21 07:39:56,114 | INFO | SOURCE 654/1284: https://iptv-org.github.io/iptv/countries/no.m3u -> records=116 epg=0
2026-09-21 07:39:56,114 | INFO | SOURCE 655/1284: https://iptv-org.github.io/iptv/languages/abk.m3u -> records=1 epg=0
2026-09-21 07:39:56,114 | INFO | SOURCE 656/1284: https://iptv-org.github.io/iptv/countries/vg.m3u -> records=2 epg=0
2026-09-21 07:39:56,114 | INFO | SOURCE 657/1284: https://iptv-org.github.io/iptv/countries/sx.m3u -> records=6 epg=0
2026-09-21 07:39:56,115 | INFO | SOURCE 658/1284: https://iptv-org.github.io/iptv/countries/pk.m3u -> records=103 epg=0
2026-09-21 07:39:56,115 | INFO | SOURCE 659/1284: https://iptv-org.github.io/iptv/countries/py.m3u -> records=75 epg=0
2026-09-21 07:39:56,115 | INFO | SOURCE 660/1284: https://iptv-org.github.io/iptv/languages/afr.m3u -> records=5 epg=0
2026-09-21 07:39:56,125 | INFO | SOURCE 661/1284: https://iptv-org.github.io/iptv/countries/ws.m3u -> records=1 epg=0
2026-09-21 07:39:56,135 | INFO | SOURCE 662/1284: https://iptv-org.github.io/iptv/countries/sk.m3u -> records=76 epg=0
2026-09-21 07:39:56,153 | INFO | SOURCE 663/1284: https://iptv-org.github.io/iptv/countries/zw.m3u -> records=1 epg=0
2026-09-21 07:39:56,153 | INFO | SOURCE 664/1284: https://iptv-org.github.io/iptv/languages/alz.m3u -> records=1 epg=0
2026-09-21 07:39:56,153 | INFO | SOURCE 665/1284: https://iptv-org.github.io/iptv/languages/aho.m3u -> records=1 epg=0
2026-09-21 07:39:56,169 | INFO | SOURCE 666/1284: https://iptv-org.github.io/iptv/countries/sa.m3u -> records=53 epg=0
2026-09-21 07:39:56,234 | INFO | SOURCE 667/1284: https://iptv-org.github.io/iptv/countries/qa.m3u -> records=10 epg=0
2026-09-21 07:39:56,234 | INFO | SOURCE 668/1284: https://iptv-org.github.io/iptv/countries/pl.m3u -> records=81 epg=0
2026-09-21 07:39:56,267 | INFO | SOURCE 669/1284: https://iptv-org.github.io/iptv/countries/si.m3u -> records=24 epg=0
2026-09-21 07:39:56,304 | INFO | SOURCE 670/1284: https://iptv-org.github.io/iptv/countries/pe.m3u -> records=189 epg=0
2026-09-21 07:39:56,304 | INFO | SOURCE 671/1284: https://iptv-org.github.io/iptv/languages/asm.m3u -> records=17 epg=0
2026-09-21 07:39:56,305 | INFO | SOURCE 672/1284: https://iptv-org.github.io/iptv/countries/tz.m3u -> records=8 epg=0
2026-09-21 07:39:56,305 | INFO | SOURCE 673/1284: https://iptv-org.github.io/iptv/countries/uy.m3u -> records=16 epg=0
2026-09-21 07:39:56,305 | INFO | SOURCE 674/1284: https://iptv-org.github.io/iptv/countries/tw.m3u -> records=25 epg=0
2026-09-21 07:39:56,305 | INFO | SOURCE 675/1284: https://iptv-org.github.io/iptv/countries/undefined.m3u -> records=0 epg=0
2026-09-21 07:39:56,305 | INFO | SOURCE 676/1284: https://iptv-org.github.io/iptv/languages/ach.m3u -> records=1 epg=0
2026-09-21 07:39:56,305 | INFO | SOURCE 677/1284: https://iptv-org.github.io/iptv/languages/bak.m3u -> records=1 epg=0
2026-09-21 07:39:56,305 | INFO | SOURCE 678/1284: https://iptv-org.github.io/iptv/languages/amh.m3u -> records=6 epg=0
2026-09-21 07:39:56,305 | INFO | SOURCE 679/1284: https://iptv-org.github.io/iptv/countries/th.m3u -> records=78 epg=0
2026-09-21 07:39:56,305 | INFO | SOURCE 680/1284: https://iptv-org.github.io/iptv/languages/asp.m3u -> records=1 epg=0
2026-09-21 07:39:56,349 | INFO | SOURCE 681/1284: https://iptv-org.github.io/iptv/languages/bam.m3u -> records=1 epg=0
2026-09-21 07:39:56,357 | INFO | SOURCE 682/1284: https://iptv-org.github.io/iptv/countries/ug.m3u -> records=21 epg=0
2026-09-21 07:39:56,357 | INFO | SOURCE 683/1284: https://iptv-org.github.io/iptv/languages/bgc.m3u -> records=1 epg=0
2026-09-21 07:39:56,373 | INFO | SOURCE 684/1284: https://iptv-org.github.io/iptv/languages/ayb.m3u -> records=1 epg=0
2026-09-21 07:39:56,373 | INFO | SOURCE 685/1284: https://iptv-org.github.io/iptv/languages/bbo.m3u -> records=1 epg=0
2026-09-21 07:39:56,373 | INFO | SOURCE 686/1284: https://iptv-org.github.io/iptv/countries/se.m3u -> records=141 epg=0
2026-09-21 07:39:56,373 | INFO | SOURCE 687/1284: https://iptv-org.github.io/iptv/languages/aze.m3u -> records=20 epg=0
2026-09-21 07:39:56,373 | INFO | SOURCE 688/1284: https://iptv-org.github.io/iptv/languages/adh.m3u -> records=1 epg=0
2026-09-21 07:39:56,373 | INFO | SOURCE 689/1284: https://iptv-org.github.io/iptv/countries/mx.m3u -> records=159 epg=0
2026-09-21 07:39:56,468 | INFO | SOURCE 690/1284: https://iptv-org.github.io/iptv/countries/nl.m3u -> records=162 epg=0
2026-09-21 07:39:56,477 | INFO | SOURCE 691/1284: https://iptv-org.github.io/iptv/languages/ceb.m3u -> records=2 epg=0
2026-09-21 07:39:56,477 | INFO | SOURCE 692/1284: https://iptv-org.github.io/iptv/languages/bos.m3u -> records=14 epg=0
2026-09-21 07:39:56,477 | INFO | SOURCE 693/1284: https://iptv-org.github.io/iptv/languages/arz.m3u -> records=1 epg=0
2026-09-21 07:39:56,478 | INFO | SOURCE 694/1284: https://iptv-org.github.io/iptv/languages/ewe.m3u -> records=1 epg=0
2026-09-21 07:39:56,478 | INFO | SOURCE 695/1284: https://iptv-org.github.io/iptv/countries/hu.m3u -> records=143 epg=0
2026-09-21 07:39:56,478 | INFO | SOURCE 696/1284: https://iptv-org.github.io/iptv/countries/ye.m3u -> records=4 epg=0
2026-09-21 07:39:56,478 | INFO | SOURCE 697/1284: https://iptv-org.github.io/iptv/languages/bod.m3u -> records=0 epg=0
2026-09-21 07:39:56,478 | INFO | SOURCE 698/1284: https://iptv-org.github.io/iptv/countries/fr.m3u -> records=214 epg=0
2026-09-21 07:39:56,478 | INFO | SOURCE 699/1284: https://iptv-org.github.io/iptv/languages/czh.m3u -> records=1 epg=0
2026-09-21 07:39:56,488 | INFO | SOURCE 700/1284: https://iptv-org.github.io/iptv/languages/far.m3u -> records=1 epg=0
2026-09-21 07:39:56,497 | INFO | SOURCE 701/1284: https://iptv-org.github.io/iptv/languages/bho.m3u -> records=13 epg=0
2026-09-21 07:39:56,497 | INFO | SOURCE 702/1284: https://iptv-org.github.io/iptv/languages/ful.m3u -> records=1 epg=0
2026-09-21 07:39:56,498 | INFO | SOURCE 703/1284: https://iptv-org.github.io/iptv/countries/vn.m3u -> records=81 epg=0
2026-09-21 07:39:56,498 | INFO | SOURCE 704/1284: https://iptv-org.github.io/iptv/languages/dje.m3u -> records=1 epg=0
2026-09-21 07:39:56,498 | INFO | SOURCE 705/1284: https://iptv-org.github.io/iptv/languages/fon.m3u -> records=1 epg=0
2026-09-21 07:39:56,520 | INFO | SOURCE 706/1284: https://iptv-org.github.io/iptv/languages/fry.m3u -> records=1 epg=0
2026-09-21 07:39:56,520 | INFO | SOURCE 707/1284: https://iptv-org.github.io/iptv/languages/acf.m3u -> records=1 epg=0
2026-09-21 07:39:56,520 | INFO | SOURCE 708/1284: https://iptv-org.github.io/iptv/languages/est.m3u -> records=10 epg=0
2026-09-21 07:39:56,539 | INFO | SOURCE 709/1284: https://iptv-org.github.io/iptv/languages/cmn.m3u -> records=3 epg=0
2026-09-21 07:39:56,560 | INFO | SOURCE 710/1284: https://iptv-org.github.io/iptv/languages/cgg.m3u -> records=2 epg=0
2026-09-21 07:39:56,573 | INFO | SOURCE 711/1284: https://iptv-org.github.io/iptv/languages/aym.m3u -> records=1 epg=0
2026-09-21 07:39:56,574 | INFO | SOURCE 712/1284: https://iptv-org.github.io/iptv/languages/bib.m3u -> records=1 epg=0
2026-09-21 07:39:56,574 | INFO | SOURCE 713/1284: https://iptv-org.github.io/iptv/languages/ben.m3u -> records=95 epg=0
2026-09-21 07:39:56,574 | INFO | SOURCE 714/1284: https://iptv-org.github.io/iptv/countries/tr.m3u -> records=174 epg=0
2026-09-21 07:39:56,577 | INFO | SOURCE 715/1284: https://iptv-org.github.io/iptv/languages/cnr.m3u -> records=1 epg=0
2026-09-21 07:39:56,613 | INFO | SOURCE 716/1284: https://iptv-org.github.io/iptv/languages/hmo.m3u -> records=1 epg=0
2026-09-21 07:39:56,642 | INFO | SOURCE 717/1284: https://iptv-org.github.io/iptv/languages/hne.m3u -> records=1 epg=0
2026-09-21 07:39:56,642 | INFO | SOURCE 718/1284: https://iptv-org.github.io/iptv/languages/gla.m3u -> records=2 epg=0
2026-09-21 07:39:56,642 | INFO | SOURCE 719/1284: https://iptv-org.github.io/iptv/languages/her.m3u -> records=1 epg=0
2026-09-21 07:39:56,642 | INFO | SOURCE 720/1284: https://iptv-org.github.io/iptv/languages/dgi.m3u -> records=1 epg=0
2026-09-21 07:39:56,642 | INFO | SOURCE 721/1284: https://iptv-org.github.io/iptv/languages/gle.m3u -> records=4 epg=0
2026-09-21 07:39:56,642 | INFO | SOURCE 722/1284: https://iptv-org.github.io/iptv/languages/cym.m3u -> records=1 epg=0
2026-09-21 07:39:56,655 | INFO | SOURCE 723/1284: https://iptv-org.github.io/iptv/languages/hau.m3u -> records=3 epg=0
2026-09-21 07:39:56,694 | INFO | SOURCE 724/1284: https://iptv-org.github.io/iptv/countries/in.m3u -> records=793 epg=0
2026-09-21 07:39:56,694 | INFO | SOURCE 725/1284: https://iptv-org.github.io/iptv/languages/bel.m3u -> records=12 epg=0
2026-09-21 07:39:56,694 | INFO | SOURCE 726/1284: https://iptv-org.github.io/iptv/languages/gcf.m3u -> records=1 epg=0
2026-09-21 07:39:56,694 | INFO | SOURCE 727/1284: https://iptv-org.github.io/iptv/languages/div.m3u -> records=9 epg=0
2026-09-21 07:39:56,694 | INFO | SOURCE 728/1284: https://iptv-org.github.io/iptv/languages/grn.m3u -> records=1 epg=0
2026-09-21 07:39:56,694 | INFO | SOURCE 729/1284: https://iptv-org.github.io/iptv/languages/heb.m3u -> records=31 epg=0
2026-09-21 07:39:56,694 | INFO | SOURCE 730/1284: https://iptv-org.github.io/iptv/languages/hrv.m3u -> records=30 epg=0
2026-09-21 07:39:56,694 | INFO | SOURCE 731/1284: https://iptv-org.github.io/iptv/languages/guj.m3u -> records=19 epg=0
2026-09-21 07:39:56,694 | INFO | SOURCE 732/1284: https://iptv-org.github.io/iptv/languages/eus.m3u -> records=8 epg=0
2026-09-21 07:39:56,694 | INFO | SOURCE 733/1284: https://iptv-org.github.io/iptv/languages/box.m3u -> records=1 epg=0
2026-09-21 07:39:56,695 | INFO | SOURCE 734/1284: https://iptv-org.github.io/iptv/countries/ve.m3u -> records=80 epg=0
2026-09-21 07:39:56,695 | INFO | SOURCE 735/1284: https://iptv-org.github.io/iptv/languages/glg.m3u -> records=2 epg=0
2026-09-21 07:39:56,695 | INFO | SOURCE 736/1284: https://iptv-org.github.io/iptv/languages/icr.m3u -> records=1 epg=0
2026-09-21 07:39:56,695 | INFO | SOURCE 737/1284: https://iptv-org.github.io/iptv/languages/hye.m3u -> records=13 epg=0
2026-09-21 07:39:56,695 | INFO | SOURCE 738/1284: https://iptv-org.github.io/iptv/languages/gug.m3u -> records=1 epg=0
2026-09-21 07:39:56,695 | INFO | SOURCE 739/1284: https://iptv-org.github.io/iptv/languages/jpn.m3u -> records=13 epg=0
2026-09-21 07:39:56,695 | INFO | SOURCE 740/1284: https://iptv-org.github.io/iptv/languages/gux.m3u -> records=1 epg=0
2026-09-21 07:39:56,696 | INFO | SOURCE 741/1284: https://iptv-org.github.io/iptv/languages/bul.m3u -> records=82 epg=0
2026-09-21 07:39:56,696 | INFO | SOURCE 742/1284: https://iptv-org.github.io/iptv/languages/dan.m3u -> records=155 epg=0
2026-09-21 07:39:56,696 | INFO | SOURCE 743/1284: https://iptv-org.github.io/iptv/languages/iku.m3u -> records=1 epg=0
2026-09-21 07:39:56,696 | INFO | SOURCE 744/1284: https://iptv-org.github.io/iptv/languages/gom.m3u -> records=1 epg=0
2026-09-21 07:39:56,696 | INFO | SOURCE 745/1284: https://iptv-org.github.io/iptv/languages/hat.m3u -> records=14 epg=0
2026-09-21 07:39:56,696 | INFO | SOURCE 746/1284: https://iptv-org.github.io/iptv/languages/ara.m3u -> records=349 epg=0
2026-09-21 07:39:56,696 | INFO | SOURCE 747/1284: https://iptv-org.github.io/iptv/languages/cat.m3u -> records=56 epg=0
2026-09-21 07:39:56,696 | INFO | SOURCE 748/1284: https://iptv-org.github.io/iptv/languages/ces.m3u -> records=69 epg=0
2026-09-21 07:39:56,696 | INFO | SOURCE 749/1284: https://iptv-org.github.io/iptv/languages/kab.m3u -> records=1 epg=0
2026-09-21 07:39:56,697 | INFO | SOURCE 750/1284: https://iptv-org.github.io/iptv/languages/dyu.m3u -> records=1 epg=0
2026-09-21 07:39:56,697 | INFO | SOURCE 751/1284: https://iptv-org.github.io/iptv/languages/hmn.m3u -> records=2 epg=0
2026-09-21 07:39:56,697 | INFO | SOURCE 752/1284: https://iptv-org.github.io/iptv/languages/fin.m3u -> records=25 epg=0
2026-09-21 07:39:56,697 | INFO | SOURCE 753/1284: https://iptv-org.github.io/iptv/countries/xk.m3u -> records=15 epg=0
2026-09-21 07:39:56,697 | INFO | SOURCE 754/1284: https://iptv-org.github.io/iptv/languages/kat.m3u -> records=20 epg=0
2026-09-21 07:39:56,697 | INFO | SOURCE 755/1284: https://iptv-org.github.io/iptv/languages/fil.m3u -> records=2 epg=0
2026-09-21 07:39:56,738 | INFO | SOURCE 756/1284: https://iptv-org.github.io/iptv/languages/kmz.m3u -> records=1 epg=0
2026-09-21 07:39:56,763 | INFO | SOURCE 757/1284: https://iptv-org.github.io/iptv/languages/kok.m3u -> records=2 epg=0
2026-09-21 07:39:56,792 | INFO | SOURCE 758/1284: https://iptv-org.github.io/iptv/languages/kdi.m3u -> records=1 epg=0
2026-09-21 07:39:56,804 | INFO | SOURCE 759/1284: https://iptv-org.github.io/iptv/languages/mai.m3u -> records=9 epg=0
2026-09-21 07:39:56,804 | INFO | SOURCE 760/1284: https://iptv-org.github.io/iptv/languages/fuc.m3u -> records=1 epg=0
2026-09-21 07:39:56,804 | INFO | SOURCE 761/1284: https://iptv-org.github.io/iptv/languages/lee.m3u -> records=1 epg=0
2026-09-21 07:39:56,805 | INFO | SOURCE 762/1284: https://iptv-org.github.io/iptv/countries/ro.m3u -> records=139 epg=0
2026-09-21 07:39:56,805 | INFO | SOURCE 763/1284: https://iptv-org.github.io/iptv/languages/kir.m3u -> records=11 epg=0
2026-09-21 07:39:56,805 | INFO | SOURCE 764/1284: https://iptv-org.github.io/iptv/languages/ell.m3u -> records=86 epg=0
2026-09-21 07:39:56,805 | INFO | SOURCE 765/1284: https://iptv-org.github.io/iptv/languages/kik.m3u -> records=3 epg=0
2026-09-21 07:39:56,805 | INFO | SOURCE 766/1284: https://iptv-org.github.io/iptv/languages/jav.m3u -> records=6 epg=0
2026-09-21 07:39:56,805 | INFO | SOURCE 767/1284: https://iptv-org.github.io/iptv/languages/deu.m3u -> records=340 epg=0
2026-09-21 07:39:56,805 | INFO | SOURCE 768/1284: https://iptv-org.github.io/iptv/languages/khm.m3u -> records=24 epg=0
2026-09-21 07:39:56,805 | INFO | SOURCE 769/1284: https://iptv-org.github.io/iptv/languages/lat.m3u -> records=2 epg=0
2026-09-21 07:39:56,805 | INFO | SOURCE 770/1284: https://iptv-org.github.io/iptv/languages/kbp.m3u -> records=1 epg=0
2026-09-21 07:39:56,805 | INFO | SOURCE 771/1284: https://iptv-org.github.io/iptv/languages/isl.m3u -> records=6 epg=0
2026-09-21 07:39:56,819 | INFO | SOURCE 772/1284: https://iptv-org.github.io/iptv/languages/kin.m3u -> records=7 epg=0
2026-09-21 07:39:56,852 | INFO | SOURCE 773/1284: https://iptv-org.github.io/iptv/languages/its.m3u -> records=1 epg=0
2026-09-21 07:39:56,852 | INFO | SOURCE 774/1284: https://iptv-org.github.io/iptv/languages/fas.m3u -> records=202 epg=0
2026-09-21 07:39:56,852 | INFO | SOURCE 775/1284: https://iptv-org.github.io/iptv/languages/koo.m3u -> records=1 epg=0
2026-09-21 07:39:56,852 | INFO | SOURCE 776/1284: https://iptv-org.github.io/iptv/languages/mnk.m3u -> records=1 epg=0
2026-09-21 07:39:56,852 | INFO | SOURCE 777/1284: https://iptv-org.github.io/iptv/languages/lin.m3u -> records=4 epg=0
2026-09-21 07:39:56,889 | INFO | SOURCE 778/1284: https://iptv-org.github.io/iptv/languages/lit.m3u -> records=19 epg=0
2026-09-21 07:39:56,904 | INFO | SOURCE 779/1284: https://iptv-org.github.io/iptv/languages/ltz.m3u -> records=8 epg=0
2026-09-21 07:39:56,904 | INFO | SOURCE 780/1284: https://iptv-org.github.io/iptv/languages/ita.m3u -> records=324 epg=0
2026-09-21 07:39:56,904 | INFO | SOURCE 781/1284: https://iptv-org.github.io/iptv/languages/mkw.m3u -> records=1 epg=0
2026-09-21 07:39:56,904 | INFO | SOURCE 782/1284: https://iptv-org.github.io/iptv/languages/lus.m3u -> records=1 epg=0
2026-09-21 07:39:56,904 | INFO | SOURCE 783/1284: https://iptv-org.github.io/iptv/languages/mar.m3u -> records=31 epg=0
2026-09-21 07:39:56,904 | INFO | SOURCE 784/1284: https://iptv-org.github.io/iptv/languages/lao.m3u -> records=5 epg=0
2026-09-21 07:39:56,904 | INFO | SOURCE 785/1284: https://iptv-org.github.io/iptv/languages/ory.m3u -> records=2 epg=0
2026-09-21 07:39:56,907 | INFO | SOURCE 786/1284: https://iptv-org.github.io/iptv/countries/us.m3u -> records=1462 epg=0
2026-09-21 07:39:56,907 | INFO | SOURCE 787/1284: https://iptv-org.github.io/iptv/languages/laj.m3u -> records=1 epg=0
2026-09-21 07:39:56,910 | INFO | SOURCE 788/1284: https://iptv-org.github.io/iptv/languages/fra.m3u -> records=458 epg=0
2026-09-21 07:39:56,913 | INFO | SOURCE 789/1284: https://iptv-org.github.io/iptv/languages/kan.m3u -> records=33 epg=0
2026-09-21 07:39:56,913 | INFO | SOURCE 790/1284: https://iptv-org.github.io/iptv/languages/nyo.m3u -> records=1 epg=0
2026-09-21 07:39:56,913 | INFO | SOURCE 791/1284: https://iptv-org.github.io/iptv/languages/kur.m3u -> records=34 epg=0
2026-09-21 07:39:56,913 | INFO | SOURCE 792/1284: https://iptv-org.github.io/iptv/languages/hun.m3u -> records=146 epg=0
2026-09-21 07:39:56,913 | INFO | SOURCE 793/1284: https://iptv-org.github.io/iptv/languages/mos.m3u -> records=2 epg=0
2026-09-21 07:39:56,920 | INFO | SOURCE 794/1284: https://iptv-org.github.io/iptv/languages/msa.m3u -> records=18 epg=0
2026-09-21 07:39:56,939 | INFO | SOURCE 795/1284: https://iptv-org.github.io/iptv/languages/kon.m3u -> records=1 epg=0
2026-09-21 07:39:56,939 | INFO | SOURCE 796/1284: https://iptv-org.github.io/iptv/languages/nyn.m3u -> records=1 epg=0
2026-09-21 07:39:56,939 | INFO | SOURCE 797/1284: https://iptv-org.github.io/iptv/languages/lav.m3u -> records=15 epg=0
2026-09-21 07:39:56,939 | INFO | SOURCE 798/1284: https://iptv-org.github.io/iptv/languages/hin.m3u -> records=368 epg=0
2026-09-21 07:39:56,939 | INFO | SOURCE 799/1284: https://iptv-org.github.io/iptv/languages/pan.m3u -> records=47 epg=0
2026-09-21 07:39:56,939 | INFO | SOURCE 800/1284: https://iptv-org.github.io/iptv/languages/lua.m3u -> records=1 epg=0
2026-09-21 07:39:56,940 | INFO | SOURCE 801/1284: https://iptv-org.github.io/iptv/languages/man.m3u -> records=1 epg=0
2026-09-21 07:39:56,940 | INFO | SOURCE 802/1284: https://iptv-org.github.io/iptv/languages/ind.m3u -> records=177 epg=0
2026-09-21 07:39:56,940 | INFO | SOURCE 803/1284: https://iptv-org.github.io/iptv/languages/mlt.m3u -> records=9 epg=0
2026-09-21 07:39:56,940 | INFO | SOURCE 804/1284: https://iptv-org.github.io/iptv/languages/ori.m3u -> records=15 epg=0
2026-09-21 07:39:56,940 | INFO | SOURCE 805/1284: https://iptv-org.github.io/iptv/countries/ua.m3u -> records=196 epg=0
2026-09-21 07:39:56,940 | INFO | SOURCE 806/1284: https://iptv-org.github.io/iptv/languages/mri.m3u -> records=2 epg=0
2026-09-21 07:39:56,940 | INFO | SOURCE 807/1284: https://iptv-org.github.io/iptv/languages/kaz.m3u -> records=48 epg=0
2026-09-21 07:39:56,940 | INFO | SOURCE 808/1284: https://iptv-org.github.io/iptv/languages/nan.m3u -> records=1 epg=0
2026-09-21 07:39:56,940 | INFO | SOURCE 809/1284: https://iptv-org.github.io/iptv/languages/lah.m3u -> records=2 epg=0
2026-09-21 07:39:56,940 | INFO | SOURCE 810/1284: https://iptv-org.github.io/iptv/languages/que.m3u -> records=1 epg=0
2026-09-21 07:39:56,940 | INFO | SOURCE 811/1284: https://iptv-org.github.io/iptv/languages/luo.m3u -> records=1 epg=0
2026-09-21 07:39:56,940 | INFO | SOURCE 812/1284: https://iptv-org.github.io/iptv/languages/mon.m3u -> records=39 epg=0
2026-09-21 07:39:56,940 | INFO | SOURCE 813/1284: https://iptv-org.github.io/iptv/languages/mkd.m3u -> records=25 epg=0
2026-09-21 07:39:56,940 | INFO | SOURCE 814/1284: https://iptv-org.github.io/iptv/languages/mal.m3u -> records=71 epg=0
2026-09-21 07:39:56,940 | INFO | SOURCE 815/1284: https://iptv-org.github.io/iptv/languages/kor.m3u -> records=82 epg=0
2026-09-21 07:39:56,941 | INFO | SOURCE 816/1284: https://iptv-org.github.io/iptv/languages/rif.m3u -> records=1 epg=0
2026-09-21 07:39:56,941 | INFO | SOURCE 817/1284: https://iptv-org.github.io/iptv/languages/pam.m3u -> records=1 epg=0
2026-09-21 07:39:56,941 | INFO | SOURCE 818/1284: https://iptv-org.github.io/iptv/languages/nor.m3u -> records=116 epg=0
2026-09-21 07:39:56,941 | INFO | SOURCE 819/1284: https://iptv-org.github.io/iptv/languages/lug.m3u -> records=8 epg=0
2026-09-21 07:39:56,942 | INFO | SOURCE 820/1284: https://iptv-org.github.io/iptv/languages/rom.m3u -> records=2 epg=0
2026-09-21 07:39:56,942 | INFO | SOURCE 821/1284: https://iptv-org.github.io/iptv/languages/tir.m3u -> records=1 epg=0
2026-09-21 07:39:56,942 | INFO | SOURCE 822/1284: https://iptv-org.github.io/iptv/languages/mya.m3u -> records=17 epg=0
2026-09-21 07:39:56,942 | INFO | SOURCE 823/1284: https://iptv-org.github.io/iptv/languages/prd.m3u -> records=13 epg=0
2026-09-21 07:39:56,942 | INFO | SOURCE 824/1284: https://iptv-org.github.io/iptv/languages/shi.m3u -> records=1 epg=0
2026-09-21 07:39:56,942 | INFO | SOURCE 825/1284: https://iptv-org.github.io/iptv/languages/sbd.m3u -> records=1 epg=0
2026-09-21 07:39:56,942 | INFO | SOURCE 826/1284: https://iptv-org.github.io/iptv/languages/pap.m3u -> records=20 epg=0
2026-09-21 07:39:56,942 | INFO | SOURCE 827/1284: https://iptv-org.github.io/iptv/languages/tah.m3u -> records=1 epg=0
2026-09-21 07:39:56,942 | INFO | SOURCE 828/1284: https://iptv-org.github.io/iptv/languages/slv.m3u -> records=21 epg=0
2026-09-21 07:39:56,942 | INFO | SOURCE 829/1284: https://iptv-org.github.io/iptv/languages/pus.m3u -> records=22 epg=0
2026-09-21 07:39:56,943 | INFO | SOURCE 830/1284: https://iptv-org.github.io/iptv/languages/pol.m3u -> records=63 epg=0
2026-09-21 07:39:56,943 | INFO | SOURCE 831/1284: https://iptv-org.github.io/iptv/languages/lob.m3u -> records=1 epg=0
2026-09-21 07:39:56,943 | INFO | SOURCE 832/1284: https://iptv-org.github.io/iptv/languages/tmh.m3u -> records=1 epg=0
2026-09-21 07:39:56,943 | INFO | SOURCE 833/1284: https://iptv-org.github.io/iptv/languages/sah.m3u -> records=1 epg=0
2026-09-21 07:39:56,943 | INFO | SOURCE 834/1284: https://iptv-org.github.io/iptv/languages/shy.m3u -> records=1 epg=0
2026-09-21 07:39:56,943 | INFO | SOURCE 835/1284: https://iptv-org.github.io/iptv/languages/sin.m3u -> records=8 epg=0
2026-09-21 07:39:56,943 | INFO | SOURCE 836/1284: https://iptv-org.github.io/iptv/languages/tuk.m3u -> records=9 epg=0
2026-09-21 07:39:56,943 | INFO | SOURCE 837/1284: https://iptv-org.github.io/iptv/languages/snd.m3u -> records=1 epg=0
2026-09-21 07:39:56,943 | INFO | SOURCE 838/1284: https://iptv-org.github.io/iptv/languages/sqi.m3u -> records=56 epg=0
2026-09-21 07:39:56,943 | INFO | SOURCE 839/1284: https://iptv-org.github.io/iptv/languages/srp.m3u -> records=55 epg=0
2026-09-21 07:39:56,943 | INFO | SOURCE 840/1284: https://iptv-org.github.io/iptv/languages/nep.m3u -> records=16 epg=0
2026-09-21 07:39:56,950 | INFO | SOURCE 841/1284: https://iptv-org.github.io/iptv/languages/tel.m3u -> records=81 epg=0
2026-09-21 07:39:56,961 | INFO | SOURCE 842/1284: https://iptv-org.github.io/iptv/languages/tgk.m3u -> records=15 epg=0
2026-09-21 07:39:56,962 | INFO | SOURCE 843/1284: https://iptv-org.github.io/iptv/languages/nbl.m3u -> records=1 epg=0
2026-09-21 07:39:56,962 | INFO | SOURCE 844/1284: https://iptv-org.github.io/iptv/languages/taq.m3u -> records=1 epg=0
2026-09-21 07:39:57,023 | INFO | SOURCE 845/1284: https://iptv-org.github.io/iptv/languages/stj.m3u -> records=1 epg=0
2026-09-21 07:39:57,060 | INFO | SOURCE 846/1284: https://iptv-org.github.io/iptv/languages/ttj.m3u -> records=1 epg=0
2026-09-21 07:39:57,060 | INFO | SOURCE 847/1284: https://iptv-org.github.io/iptv/languages/ven.m3u -> records=1 epg=0
2026-09-21 07:39:57,060 | INFO | SOURCE 848/1284: https://iptv-org.github.io/iptv/languages/swa.m3u -> records=22 epg=0
2026-09-21 07:39:57,060 | INFO | SOURCE 849/1284: https://iptv-org.github.io/iptv/languages/tig.m3u -> records=1 epg=0
2026-09-21 07:39:57,061 | INFO | SOURCE 850/1284: https://iptv-org.github.io/iptv/languages/sym.m3u -> records=1 epg=0
2026-09-21 07:39:57,061 | INFO | SOURCE 851/1284: https://iptv-org.github.io/iptv/languages/slk.m3u -> records=55 epg=0
2026-09-21 07:39:57,061 | INFO | SOURCE 852/1284: https://iptv-org.github.io/iptv/languages/ssw.m3u -> records=1 epg=0
2026-09-21 07:39:57,061 | INFO | SOURCE 853/1284: https://iptv-org.github.io/iptv/languages/uzb.m3u -> records=33 epg=0
2026-09-21 07:39:57,061 | INFO | SOURCE 854/1284: https://iptv-org.github.io/iptv/languages/som.m3u -> records=10 epg=0
2026-09-21 07:39:57,061 | INFO | SOURCE 855/1284: https://iptv-org.github.io/iptv/languages/smo.m3u -> records=1 epg=0
2026-09-21 07:39:57,074 | INFO | SOURCE 856/1284: https://iptv-org.github.io/iptv/languages/svc.m3u -> records=1 epg=0
2026-09-21 07:39:57,075 | INFO | SOURCE 857/1284: https://iptv-org.github.io/iptv/languages/wol.m3u -> records=5 epg=0
2026-09-21 07:39:57,075 | INFO | SOURCE 858/1284: https://iptv-org.github.io/iptv/languages/tgl.m3u -> records=11 epg=0
2026-09-21 07:39:57,075 | INFO | SOURCE 859/1284: https://iptv-org.github.io/iptv/languages/xms.m3u -> records=1 epg=0
2026-09-21 07:39:57,083 | INFO | SOURCE 860/1284: https://iptv-org.github.io/iptv/languages/undefined.m3u -> records=18 epg=0
2026-09-21 07:39:57,083 | INFO | SOURCE 861/1284: https://iptv-org.github.io/iptv/languages/tso.m3u -> records=1 epg=0
2026-09-21 07:39:57,084 | INFO | SOURCE 862/1284: https://iptv-org.github.io/iptv/languages/sfs.m3u -> records=1 epg=0
2026-09-21 07:39:57,084 | INFO | SOURCE 863/1284: https://iptv-org.github.io/iptv/languages/sat.m3u -> records=1 epg=0
2026-09-21 07:39:57,084 | INFO | SOURCE 864/1284: https://iptv-org.github.io/iptv/languages/yor.m3u -> records=2 epg=0
2026-09-21 07:39:57,084 | INFO | SOURCE 865/1284: https://iptv-org.github.io/iptv/languages/zza.m3u -> records=4 epg=0
2026-09-21 07:39:57,084 | INFO | SOURCE 866/1284: https://iptv-org.github.io/iptv/languages/tat.m3u -> records=1 epg=0
2026-09-21 07:39:57,112 | INFO | SOURCE 867/1284: https://iptv-org.github.io/iptv/languages/xho.m3u -> records=1 epg=0
2026-09-21 07:39:57,112 | INFO | SOURCE 868/1284: https://iptv-org.github.io/iptv/languages/sun.m3u -> records=4 epg=0
2026-09-21 07:39:57,124 | INFO | SOURCE 869/1284: https://iptv-org.github.io/iptv/languages/vie.m3u -> records=85 epg=0
2026-09-21 07:39:57,125 | INFO | SOURCE 870/1284: https://iptv-org.github.io/iptv/languages/tzm.m3u -> records=1 epg=0
2026-09-21 07:39:57,125 | INFO | SOURCE 871/1284: https://iptv-org.github.io/iptv/languages/yue.m3u -> records=9 epg=0
2026-09-21 07:39:57,125 | INFO | SOURCE 872/1284: https://iptv-org.github.io/iptv/languages/tpi.m3u -> records=1 epg=0
2026-09-21 07:39:57,125 | INFO | SOURCE 873/1284: https://iptv-org.github.io/iptv/languages/zul.m3u -> records=1 epg=0
2026-09-21 07:39:57,125 | INFO | SOURCE 874/1284: https://iptv-org.github.io/iptv/languages/rkm.m3u -> records=1 epg=0
2026-09-21 07:39:57,125 | INFO | SOURCE 875/1284: https://iptv-org.github.io/iptv/languages/uig.m3u -> records=1 epg=0
2026-09-21 07:39:57,152 | INFO | SOURCE 876/1284: https://iptv-org.github.io/iptv/languages/yua.m3u -> records=1 epg=0
2026-09-21 07:39:57,152 | INFO | SOURCE 877/1284: https://iptv-org.github.io/iptv/languages/ron.m3u -> records=149 epg=0
2026-09-21 07:39:57,152 | INFO | SOURCE 878/1284: https://iptv-org.github.io/iptv/languages/por.m3u -> records=462 epg=0
2026-09-21 07:39:57,170 | INFO | SOURCE 879/1284: https://iptv-org.github.io/iptv/languages/tha.m3u -> records=81 epg=0
2026-09-21 07:39:57,170 | WARNING | SOURCE FAIL [880/1284] https://iptv-org.github.io/iptv/raw/<FILENAME>.m3u :: <HTTPError 404: 'Not Found'>
2026-09-21 07:39:57,208 | INFO | SOURCE 881/1284: https://iptv-org.github.io/iptv/languages/nld.m3u -> records=191 epg=0
2026-09-21 07:39:57,302 | INFO | SOURCE 882/1284: https://iptv-org.github.io/iptv/languages/rus.m3u -> records=664 epg=0
2026-09-21 07:39:57,324 | INFO | SOURCE 883/1284: https://iptv-org.github.io/iptv/regions/afr.m3u -> records=505 epg=0
2026-09-21 07:39:57,325 | INFO | SOURCE 884/1284: https://iptv-org.github.io/iptv/languages/urd.m3u -> records=84 epg=0
2026-09-21 07:39:57,338 | INFO | SOURCE 885/1284: https://iptv-org.github.io/iptv/languages/tam.m3u -> records=120 epg=0
2026-09-21 07:39:57,389 | INFO | SOURCE 886/1284: https://iptv-org.github.io/iptv/subdivisions/ar-a.m3u -> records=3 epg=0
2026-09-21 07:39:57,389 | INFO | SOURCE 887/1284: https://iptv-org.github.io/iptv/languages/swe.m3u -> records=133 epg=0
2026-09-21 07:39:57,389 | INFO | SOURCE 888/1284: https://iptv-org.github.io/iptv/subdivisions/ar-g.m3u -> records=1 epg=0
2026-09-21 07:39:57,389 | INFO | SOURCE 889/1284: https://iptv-org.github.io/iptv/languages/tur.m3u -> records=176 epg=0
2026-09-21 07:39:57,389 | INFO | SOURCE 890/1284: https://iptv-org.github.io/iptv/subdivisions/al-04.m3u -> records=1 epg=0
2026-09-21 07:39:57,390 | WARNING | SOURCE FAIL [891/1284] https://iptv-org.github.io/iptv/sources/<FILENAME>.m3u :: <HTTPError 404: 'Not Found'>
2026-09-21 07:39:57,390 | INFO | SOURCE 892/1284: https://iptv-org.github.io/iptv/subdivisions/ar-b.m3u -> records=18 epg=0
2026-09-21 07:39:57,390 | INFO | SOURCE 893/1284: https://iptv-org.github.io/iptv/subdivisions/ar-k.m3u -> records=1 epg=0
2026-09-21 07:39:57,425 | INFO | SOURCE 894/1284: https://iptv-org.github.io/iptv/subdivisions/ar-h.m3u -> records=5 epg=0
2026-09-21 07:39:57,425 | INFO | SOURCE 895/1284: https://iptv-org.github.io/iptv/subdivisions/ar-j.m3u -> records=5 epg=0
2026-09-21 07:39:57,425 | INFO | SOURCE 896/1284: https://iptv-org.github.io/iptv/regions/ssa.m3u -> records=459 epg=0
2026-09-21 07:39:57,450 | INFO | SOURCE 897/1284: https://iptv-org.github.io/iptv/subdivisions/ar-f.m3u -> records=1 epg=0
2026-09-21 07:39:57,450 | INFO | SOURCE 898/1284: https://iptv-org.github.io/iptv/subdivisions/ar-s.m3u -> records=9 epg=0
2026-09-21 07:39:57,450 | INFO | SOURCE 899/1284: https://iptv-org.github.io/iptv/subdivisions/ar-n.m3u -> records=4 epg=0
2026-09-21 07:39:57,466 | INFO | SOURCE 900/1284: https://iptv-org.github.io/iptv/regions/asean.m3u -> records=540 epg=0
2026-09-21 07:39:57,466 | INFO | SOURCE 901/1284: https://iptv-org.github.io/iptv/subdivisions/ar-p.m3u -> records=1 epg=0
2026-09-21 07:39:57,524 | INFO | SOURCE 902/1284: https://iptv-org.github.io/iptv/subdivisions/ar-q.m3u -> records=3 epg=0
2026-09-21 07:39:57,562 | INFO | SOURCE 903/1284: https://iptv-org.github.io/iptv/subdivisions/ar-z.m3u -> records=1 epg=0
2026-09-21 07:39:57,562 | INFO | SOURCE 904/1284: https://iptv-org.github.io/iptv/subdivisions/ar-u.m3u -> records=3 epg=0
2026-09-21 07:39:57,562 | INFO | SOURCE 905/1284: https://iptv-org.github.io/iptv/subdivisions/ar-t.m3u -> records=2 epg=0
2026-09-21 07:39:57,562 | INFO | SOURCE 906/1284: https://iptv-org.github.io/iptv/subdivisions/ar-x.m3u -> records=2 epg=0
2026-09-21 07:39:57,576 | INFO | SOURCE 907/1284: https://iptv-org.github.io/iptv/subdivisions/at-2.m3u -> records=1 epg=0
2026-09-21 07:39:57,576 | INFO | SOURCE 908/1284: https://iptv-org.github.io/iptv/subdivisions/ar-d.m3u -> records=1 epg=0
2026-09-21 07:39:57,576 | INFO | SOURCE 909/1284: https://iptv-org.github.io/iptv/regions/nord.m3u -> records=595 epg=0
2026-09-21 07:39:57,576 | INFO | SOURCE 910/1284: https://iptv-org.github.io/iptv/subdivisions/ar-l.m3u -> records=1 epg=0
2026-09-21 07:39:57,576 | INFO | SOURCE 911/1284: https://iptv-org.github.io/iptv/languages/zho.m3u -> records=212 epg=0
2026-09-21 07:39:57,715 | INFO | SOURCE 912/1284: https://iptv-org.github.io/iptv/subdivisions/ar-w.m3u -> records=1 epg=0
2026-09-21 07:39:57,786 | INFO | SOURCE 913/1284: https://iptv-org.github.io/iptv/subdivisions/ar-e.m3u -> records=3 epg=0
2026-09-21 07:39:57,786 | INFO | SOURCE 914/1284: https://iptv-org.github.io/iptv/subdivisions/au-act.m3u -> records=1 epg=0
2026-09-21 07:39:57,786 | INFO | SOURCE 915/1284: https://iptv-org.github.io/iptv/regions/saf.m3u -> records=129 epg=0
2026-09-21 07:39:57,787 | INFO | SOURCE 916/1284: https://iptv-org.github.io/iptv/subdivisions/ar-y.m3u -> records=3 epg=0
2026-09-21 07:39:57,787 | INFO | SOURCE 917/1284: https://iptv-org.github.io/iptv/subdivisions/at-6.m3u -> records=1 epg=0
2026-09-21 07:39:57,787 | INFO | SOURCE 918/1284: https://iptv-org.github.io/iptv/languages/eng.m3u -> records=2958 epg=0
2026-09-21 07:39:57,907 | INFO | SOURCE 919/1284: https://iptv-org.github.io/iptv/subdivisions/au-wa.m3u -> records=2 epg=0
2026-09-21 07:39:58,010 | INFO | SOURCE 920/1284: https://iptv-org.github.io/iptv/regions/eas.m3u -> records=401 epg=0
2026-09-21 07:39:58,218 | INFO | SOURCE 921/1284: https://iptv-org.github.io/iptv/languages/ukr.m3u -> records=175 epg=0
2026-09-21 07:39:58,271 | INFO | SOURCE 922/1284: https://iptv-org.github.io/iptv/subdivisions/au-nt.m3u -> records=1 epg=0
2026-09-21 07:39:58,276 | INFO | SOURCE 923/1284: https://iptv-org.github.io/iptv/subdivisions/au-qld.m3u -> records=2 epg=0
2026-09-21 07:39:58,276 | INFO | SOURCE 924/1284: https://iptv-org.github.io/iptv/regions/oce.m3u -> records=172 epg=0
2026-09-21 07:39:58,276 | INFO | SOURCE 925/1284: https://iptv-org.github.io/iptv/subdivisions/br-am.m3u -> records=1 epg=0
2026-09-21 07:39:58,276 | INFO | SOURCE 926/1284: https://iptv-org.github.io/iptv/subdivisions/bo-l.m3u -> records=5 epg=0
2026-09-21 07:39:58,311 | INFO | SOURCE 927/1284: https://iptv-org.github.io/iptv/subdivisions/be-vlg.m3u -> records=1 epg=0
2026-09-21 07:39:58,311 | INFO | SOURCE 928/1284: https://iptv-org.github.io/iptv/subdivisions/ar-v.m3u -> records=2 epg=0
2026-09-21 07:39:58,311 | INFO | SOURCE 929/1284: https://iptv-org.github.io/iptv/regions/carib.m3u -> records=637 epg=0
2026-09-21 07:39:58,311 | INFO | SOURCE 930/1284: https://iptv-org.github.io/iptv/regions/eaf.m3u -> records=245 epg=0
2026-09-21 07:39:58,311 | INFO | SOURCE 931/1284: https://iptv-org.github.io/iptv/subdivisions/au-vic.m3u -> records=1 epg=0
2026-09-21 07:39:58,311 | INFO | SOURCE 932/1284: https://iptv-org.github.io/iptv/subdivisions/be-van.m3u -> records=1 epg=0
2026-09-21 07:39:58,466 | INFO | SOURCE 933/1284: https://iptv-org.github.io/iptv/subdivisions/au-tas.m3u -> records=1 epg=0
2026-09-21 07:39:58,497 | INFO | SOURCE 934/1284: https://iptv-org.github.io/iptv/subdivisions/br-ma.m3u -> records=1 epg=0
2026-09-21 07:39:58,497 | INFO | SOURCE 935/1284: https://iptv-org.github.io/iptv/subdivisions/bo-c.m3u -> records=1 epg=0
2026-09-21 07:39:58,497 | INFO | SOURCE 936/1284: https://iptv-org.github.io/iptv/subdivisions/au-nsw.m3u -> records=11 epg=0
2026-09-21 07:39:58,497 | INFO | SOURCE 937/1284: https://iptv-org.github.io/iptv/subdivisions/br-pb.m3u -> records=2 epg=0
2026-09-21 07:39:58,497 | INFO | SOURCE 938/1284: https://iptv-org.github.io/iptv/subdivisions/au-sa.m3u -> records=2 epg=0
2026-09-21 07:39:58,497 | INFO | SOURCE 939/1284: https://iptv-org.github.io/iptv/subdivisions/bo-o.m3u -> records=1 epg=0
2026-09-21 07:39:58,497 | INFO | SOURCE 940/1284: https://iptv-org.github.io/iptv/subdivisions/br-rj.m3u -> records=7 epg=0
2026-09-21 07:39:58,498 | INFO | SOURCE 941/1284: https://iptv-org.github.io/iptv/regions/benelux.m3u -> records=369 epg=0
2026-09-21 07:39:58,498 | INFO | SOURCE 942/1284: https://iptv-org.github.io/iptv/subdivisions/br-rs.m3u -> records=4 epg=0
2026-09-21 07:39:58,498 | INFO | SOURCE 943/1284: https://iptv-org.github.io/iptv/subdivisions/ca-mb.m3u -> records=3 epg=0
2026-09-21 07:39:58,498 | INFO | SOURCE 944/1284: https://iptv-org.github.io/iptv/regions/cenamer.m3u -> records=556 epg=0
2026-09-21 07:39:58,508 | INFO | SOURCE 945/1284: https://iptv-org.github.io/iptv/subdivisions/br-to.m3u -> records=1 epg=0
2026-09-21 07:39:58,563 | INFO | SOURCE 946/1284: https://iptv-org.github.io/iptv/subdivisions/br-rn.m3u -> records=3 epg=0
2026-09-21 07:39:58,563 | INFO | SOURCE 947/1284: https://iptv-org.github.io/iptv/regions/mideast.m3u -> records=903 epg=0
2026-09-21 07:39:58,563 | INFO | SOURCE 948/1284: https://iptv-org.github.io/iptv/subdivisions/br-mt.m3u -> records=2 epg=0
2026-09-21 07:39:58,564 | INFO | SOURCE 949/1284: https://iptv-org.github.io/iptv/regions/waf.m3u -> records=287 epg=0
2026-09-21 07:39:58,564 | INFO | SOURCE 950/1284: https://iptv-org.github.io/iptv/subdivisions/ca-nb.m3u -> records=3 epg=0
2026-09-21 07:39:58,564 | INFO | SOURCE 951/1284: https://iptv-org.github.io/iptv/subdivisions/cl-ar.m3u -> records=1 epg=0
2026-09-21 07:39:58,564 | INFO | SOURCE 952/1284: https://iptv-org.github.io/iptv/subdivisions/ca-ab.m3u -> records=4 epg=0
2026-09-21 07:39:58,564 | INFO | SOURCE 953/1284: https://iptv-org.github.io/iptv/subdivisions/br-mg.m3u -> records=6 epg=0
2026-09-21 07:39:58,623 | INFO | SOURCE 954/1284: https://iptv-org.github.io/iptv/subdivisions/br-df.m3u -> records=1 epg=0
2026-09-21 07:39:58,714 | INFO | SOURCE 955/1284: https://iptv-org.github.io/iptv/subdivisions/ca-nl.m3u -> records=2 epg=0
2026-09-21 07:39:58,714 | INFO | SOURCE 956/1284: https://iptv-org.github.io/iptv/subdivisions/cl-at.m3u -> records=1 epg=0
2026-09-21 07:39:58,742 | INFO | SOURCE 957/1284: https://iptv-org.github.io/iptv/subdivisions/bo-s.m3u -> records=1 epg=0
2026-09-21 07:39:58,748 | INFO | SOURCE 958/1284: https://iptv-org.github.io/iptv/regions/balkan.m3u -> records=817 epg=0
2026-09-21 07:39:58,748 | INFO | SOURCE 959/1284: https://iptv-org.github.io/iptv/subdivisions/cl-bi.m3u -> records=2 epg=0
2026-09-21 07:39:58,862 | INFO | SOURCE 960/1284: https://iptv-org.github.io/iptv/subdivisions/br-ba.m3u -> records=2 epg=0
2026-09-21 07:39:58,863 | INFO | SOURCE 961/1284: https://iptv-org.github.io/iptv/regions/southam.m3u -> records=1610 epg=0
2026-09-21 07:39:58,863 | INFO | SOURCE 962/1284: https://iptv-org.github.io/iptv/subdivisions/cl-ma.m3u -> records=1 epg=0
2026-09-21 07:39:58,863 | INFO | SOURCE 963/1284: https://iptv-org.github.io/iptv/subdivisions/br-pr.m3u -> records=3 epg=0
2026-09-21 07:39:58,863 | INFO | SOURCE 964/1284: https://iptv-org.github.io/iptv/subdivisions/co-cau.m3u -> records=1 epg=0
2026-09-21 07:39:58,863 | INFO | SOURCE 965/1284: https://iptv-org.github.io/iptv/subdivisions/ca-nu.m3u -> records=1 epg=0
2026-09-21 07:39:58,863 | INFO | SOURCE 966/1284: https://iptv-org.github.io/iptv/subdivisions/ca-on.m3u -> records=6 epg=0
2026-09-21 07:39:58,863 | INFO | SOURCE 967/1284: https://iptv-org.github.io/iptv/subdivisions/br-ce.m3u -> records=2 epg=0
2026-09-21 07:39:58,863 | INFO | SOURCE 968/1284: https://iptv-org.github.io/iptv/subdivisions/ca-bc.m3u -> records=5 epg=0
2026-09-21 07:39:58,863 | INFO | SOURCE 969/1284: https://iptv-org.github.io/iptv/subdivisions/co-sap.m3u -> records=1 epg=0
2026-09-21 07:39:58,863 | INFO | SOURCE 970/1284: https://iptv-org.github.io/iptv/subdivisions/br-pa.m3u -> records=1 epg=0
2026-09-21 07:39:58,863 | INFO | SOURCE 971/1284: https://iptv-org.github.io/iptv/subdivisions/br-es.m3u -> records=2 epg=0
2026-09-21 07:39:58,923 | INFO | SOURCE 972/1284: https://iptv-org.github.io/iptv/subdivisions/ca-sk.m3u -> records=2 epg=0
2026-09-21 07:39:58,943 | INFO | SOURCE 973/1284: https://iptv-org.github.io/iptv/subdivisions/cr-c.m3u -> records=1 epg=0
2026-09-21 07:39:58,943 | INFO | SOURCE 974/1284: https://iptv-org.github.io/iptv/subdivisions/br-sp.m3u -> records=16 epg=0
2026-09-21 07:39:58,943 | INFO | SOURCE 975/1284: https://iptv-org.github.io/iptv/regions/gcc.m3u -> records=240 epg=0
2026-09-21 07:39:58,943 | INFO | SOURCE 976/1284: https://iptv-org.github.io/iptv/regions/neu.m3u -> records=649 epg=0
2026-09-21 07:39:58,943 | INFO | SOURCE 977/1284: https://iptv-org.github.io/iptv/subdivisions/ca-ns.m3u -> records=1 epg=0
2026-09-21 07:39:58,943 | INFO | SOURCE 978/1284: https://iptv-org.github.io/iptv/subdivisions/br-sc.m3u -> records=4 epg=0
2026-09-21 07:39:58,943 | INFO | SOURCE 979/1284: https://iptv-org.github.io/iptv/subdivisions/cl-li.m3u -> records=1 epg=0
2026-09-21 07:39:58,943 | INFO | SOURCE 980/1284: https://iptv-org.github.io/iptv/subdivisions/de-be.m3u -> records=1 epg=0
2026-09-21 07:39:58,943 | INFO | SOURCE 981/1284: https://iptv-org.github.io/iptv/subdivisions/co-nar.m3u -> records=1 epg=0
2026-09-21 07:39:58,943 | INFO | SOURCE 982/1284: https://iptv-org.github.io/iptv/regions/mena.m3u -> records=932 epg=0
2026-09-21 07:39:58,944 | INFO | SOURCE 983/1284: https://iptv-org.github.io/iptv/subdivisions/ca-nt.m3u -> records=1 epg=0
2026-09-21 07:39:58,944 | INFO | SOURCE 984/1284: https://iptv-org.github.io/iptv/subdivisions/cr-p.m3u -> records=1 epg=0
2026-09-21 07:39:58,944 | INFO | SOURCE 985/1284: https://iptv-org.github.io/iptv/regions/ser.m3u -> records=1148 epg=0
2026-09-21 07:39:58,944 | INFO | SOURCE 986/1284: https://iptv-org.github.io/iptv/regions/arab.m3u -> records=467 epg=0
2026-09-21 07:39:59,020 | INFO | SOURCE 987/1284: https://iptv-org.github.io/iptv/subdivisions/do-22.m3u -> records=1 epg=0
2026-09-21 07:39:59,020 | INFO | SOURCE 988/1284: https://iptv-org.github.io/iptv/regions/cis.m3u -> records=847 epg=0
2026-09-21 07:39:59,020 | INFO | SOURCE 989/1284: https://iptv-org.github.io/iptv/subdivisions/co-cho.m3u -> records=1 epg=0
2026-09-21 07:39:59,066 | INFO | SOURCE 990/1284: https://iptv-org.github.io/iptv/regions/maghreb.m3u -> records=186 epg=0
2026-09-21 07:39:59,121 | INFO | SOURCE 991/1284: https://iptv-org.github.io/iptv/regions/apac.m3u -> records=1906 epg=0
2026-09-21 07:39:59,121 | INFO | SOURCE 992/1284: https://iptv-org.github.io/iptv/subdivisions/ca-pe.m3u -> records=1 epg=0
2026-09-21 07:39:59,121 | INFO | SOURCE 993/1284: https://iptv-org.github.io/iptv/subdivisions/co-hui.m3u -> records=2 epg=0
2026-09-21 07:39:59,170 | INFO | SOURCE 994/1284: https://iptv-org.github.io/iptv/subdivisions/cr-sj.m3u -> records=1 epg=0
2026-09-21 07:39:59,170 | INFO | SOURCE 995/1284: https://iptv-org.github.io/iptv/regions/wer.m3u -> records=1264 epg=0
2026-09-21 07:39:59,299 | INFO | SOURCE 996/1284: https://iptv-org.github.io/iptv/subdivisions/de-st.m3u -> records=1 epg=0
2026-09-21 07:39:59,400 | INFO | SOURCE 997/1284: https://iptv-org.github.io/iptv/subdivisions/do-25.m3u -> records=1 epg=0
2026-09-21 07:39:59,400 | INFO | SOURCE 998/1284: https://iptv-org.github.io/iptv/subdivisions/cl-vs.m3u -> records=1 epg=0
2026-09-21 07:39:59,400 | INFO | SOURCE 999/1284: https://iptv-org.github.io/iptv/subdivisions/de-mv.m3u -> records=1 epg=0
2026-09-21 07:39:59,400 | INFO | SOURCE 1000/1284: https://iptv-org.github.io/iptv/subdivisions/cl-ml.m3u -> records=1 epg=0
2026-09-21 07:39:59,400 | INFO | SOURCE 1001/1284: https://iptv-org.github.io/iptv/subdivisions/do-11.m3u -> records=2 epg=0
2026-09-21 07:39:59,400 | INFO | SOURCE 1002/1284: https://iptv-org.github.io/iptv/subdivisions/ca-qc.m3u -> records=11 epg=0
2026-09-21 07:39:59,400 | INFO | SOURCE 1003/1284: https://iptv-org.github.io/iptv/subdivisions/de-sh.m3u -> records=1 epg=0
2026-09-21 07:39:59,400 | INFO | SOURCE 1004/1284: https://iptv-org.github.io/iptv/subdivisions/de-nw.m3u -> records=10 epg=0
2026-09-21 07:39:59,400 | INFO | SOURCE 1005/1284: https://iptv-org.github.io/iptv/subdivisions/do-18.m3u -> records=1 epg=0
2026-09-21 07:39:59,400 | INFO | SOURCE 1006/1284: https://iptv-org.github.io/iptv/subdivisions/do-13.m3u -> records=3 epg=0
2026-09-21 07:39:59,400 | INFO | SOURCE 1007/1284: https://iptv-org.github.io/iptv/subdivisions/de-bb.m3u -> records=1 epg=0
2026-09-21 07:39:59,400 | INFO | SOURCE 1008/1284: https://iptv-org.github.io/iptv/subdivisions/co-vac.m3u -> records=2 epg=0
2026-09-21 07:39:59,400 | INFO | SOURCE 1009/1284: https://iptv-org.github.io/iptv/subdivisions/de-by.m3u -> records=2 epg=0
2026-09-21 07:39:59,401 | INFO | SOURCE 1010/1284: https://iptv-org.github.io/iptv/subdivisions/es-hu.m3u -> records=1 epg=0
2026-09-21 07:39:59,401 | INFO | SOURCE 1011/1284: https://iptv-org.github.io/iptv/subdivisions/es-ar.m3u -> records=1 epg=0
2026-09-21 07:39:59,401 | INFO | SOURCE 1012/1284: https://iptv-org.github.io/iptv/subdivisions/de-sn.m3u -> records=1 epg=0
2026-09-21 07:39:59,481 | INFO | SOURCE 1013/1284: https://iptv-org.github.io/iptv/subdivisions/es-ib.m3u -> records=1 epg=0
2026-09-21 07:39:59,481 | INFO | SOURCE 1014/1284: https://iptv-org.github.io/iptv/subdivisions/de-th.m3u -> records=2 epg=0
2026-09-21 07:39:59,481 | INFO | SOURCE 1015/1284: https://iptv-org.github.io/iptv/subdivisions/de-ni.m3u -> records=2 epg=0
2026-09-21 07:39:59,481 | INFO | SOURCE 1016/1284: https://iptv-org.github.io/iptv/subdivisions/do-42.m3u -> records=3 epg=0
2026-09-21 07:39:59,481 | INFO | SOURCE 1017/1284: https://iptv-org.github.io/iptv/subdivisions/ec-l.m3u -> records=2 epg=0
2026-09-21 07:39:59,481 | INFO | SOURCE 1018/1284: https://iptv-org.github.io/iptv/subdivisions/ec-d.m3u -> records=1 epg=0
2026-09-21 07:39:59,481 | INFO | SOURCE 1019/1284: https://iptv-org.github.io/iptv/subdivisions/co-cal.m3u -> records=1 epg=0
2026-09-21 07:39:59,481 | INFO | SOURCE 1020/1284: https://iptv-org.github.io/iptv/regions/sea.m3u -> records=540 epg=0
2026-09-21 07:39:59,481 | INFO | SOURCE 1021/1284: https://iptv-org.github.io/iptv/subdivisions/do-01.m3u -> records=2 epg=0
2026-09-21 07:39:59,481 | INFO | SOURCE 1022/1284: https://iptv-org.github.io/iptv/subdivisions/do-34.m3u -> records=1 epg=0
2026-09-21 07:39:59,482 | INFO | SOURCE 1023/1284: https://iptv-org.github.io/iptv/subdivisions/do-28.m3u -> records=1 epg=0
2026-09-21 07:39:59,482 | INFO | SOURCE 1024/1284: https://iptv-org.github.io/iptv/subdivisions/do-08.m3u -> records=1 epg=0
2026-09-21 07:39:59,482 | INFO | SOURCE 1025/1284: https://iptv-org.github.io/iptv/regions/cas.m3u -> records=264 epg=0
2026-09-21 07:39:59,586 | INFO | SOURCE 1026/1284: https://iptv-org.github.io/iptv/subdivisions/es-cm.m3u -> records=3 epg=0
2026-09-21 07:39:59,586 | INFO | SOURCE 1027/1284: https://iptv-org.github.io/iptv/subdivisions/de-hh.m3u -> records=1 epg=0
2026-09-21 07:39:59,586 | INFO | SOURCE 1028/1284: https://iptv-org.github.io/iptv/subdivisions/es-ga.m3u -> records=2 epg=0
2026-09-21 07:39:59,586 | INFO | SOURCE 1029/1284: https://iptv-org.github.io/iptv/subdivisions/es-ca.m3u -> records=1 epg=0
2026-09-21 07:39:59,586 | INFO | SOURCE 1030/1284: https://iptv-org.github.io/iptv/subdivisions/co-tol.m3u -> records=1 epg=0
2026-09-21 07:39:59,611 | INFO | SOURCE 1031/1284: https://iptv-org.github.io/iptv/regions/lac.m3u -> records=2415 epg=0
2026-09-21 07:39:59,611 | INFO | SOURCE 1032/1284: https://iptv-org.github.io/iptv/subdivisions/es-b.m3u -> records=5 epg=0
2026-09-21 07:39:59,611 | INFO | SOURCE 1033/1284: https://iptv-org.github.io/iptv/subdivisions/es-j.m3u -> records=1 epg=0
2026-09-21 07:39:59,612 | INFO | SOURCE 1034/1284: https://iptv-org.github.io/iptv/subdivisions/es-co.m3u -> records=1 epg=0
2026-09-21 07:39:59,612 | INFO | SOURCE 1035/1284: https://iptv-org.github.io/iptv/subdivisions/es-bi.m3u -> records=4 epg=0
2026-09-21 07:39:59,670 | INFO | SOURCE 1036/1284: https://iptv-org.github.io/iptv/subdivisions/do-27.m3u -> records=1 epg=0
2026-09-21 07:39:59,675 | INFO | SOURCE 1037/1284: https://iptv-org.github.io/iptv/languages/spa.m3u -> records=2275 epg=0
2026-09-21 07:39:59,804 | INFO | SOURCE 1038/1284: https://iptv-org.github.io/iptv/subdivisions/do-37.m3u -> records=1 epg=0
2026-09-21 07:39:59,804 | INFO | SOURCE 1039/1284: https://iptv-org.github.io/iptv/subdivisions/ec-a.m3u -> records=1 epg=0
2026-09-21 07:39:59,804 | INFO | SOURCE 1040/1284: https://iptv-org.github.io/iptv/subdivisions/do-40.m3u -> records=2 epg=0
2026-09-21 07:39:59,804 | INFO | SOURCE 1041/1284: https://iptv-org.github.io/iptv/subdivisions/es-gr.m3u -> records=3 epg=0
2026-09-21 07:39:59,804 | INFO | SOURCE 1042/1284: https://iptv-org.github.io/iptv/subdivisions/es-an.m3u -> records=34 epg=0
2026-09-21 07:39:59,804 | INFO | SOURCE 1043/1284: https://iptv-org.github.io/iptv/subdivisions/es-mc.m3u -> records=2 epg=0
2026-09-21 07:39:59,804 | INFO | SOURCE 1044/1284: https://iptv-org.github.io/iptv/subdivisions/es-ma.m3u -> records=2 epg=0
2026-09-21 07:39:59,804 | INFO | SOURCE 1045/1284: https://iptv-org.github.io/iptv/subdivisions/do-35.m3u -> records=2 epg=0
2026-09-21 07:39:59,804 | INFO | SOURCE 1046/1284: https://iptv-org.github.io/iptv/subdivisions/es-ct.m3u -> records=43 epg=0
2026-09-21 07:39:59,883 | INFO | SOURCE 1047/1284: https://iptv-org.github.io/iptv/subdivisions/do-36.m3u -> records=4 epg=0
2026-09-21 07:39:59,938 | INFO | SOURCE 1048/1284: https://iptv-org.github.io/iptv/subdivisions/es-na.m3u -> records=1 epg=0
2026-09-21 07:39:59,938 | INFO | SOURCE 1049/1284: https://iptv-org.github.io/iptv/subdivisions/es-to.m3u -> records=1 epg=0
2026-09-21 07:39:59,938 | INFO | SOURCE 1050/1284: https://iptv-org.github.io/iptv/subdivisions/gr-b.m3u -> records=8 epg=0
2026-09-21 07:39:59,938 | INFO | SOURCE 1051/1284: https://iptv-org.github.io/iptv/subdivisions/es-h.m3u -> records=1 epg=0
2026-09-21 07:39:59,938 | INFO | SOURCE 1052/1284: https://iptv-org.github.io/iptv/subdivisions/gb-wls.m3u -> records=2 epg=0
2026-09-21 07:39:59,938 | INFO | SOURCE 1053/1284: https://iptv-org.github.io/iptv/subdivisions/es-t.m3u -> records=1 epg=0
2026-09-21 07:39:59,963 | INFO | SOURCE 1054/1284: https://iptv-org.github.io/iptv/regions/was.m3u -> records=966 epg=0
2026-09-21 07:39:59,963 | INFO | SOURCE 1055/1284: https://iptv-org.github.io/iptv/subdivisions/id-bb.m3u -> records=1 epg=0
2026-09-21 07:39:59,963 | INFO | SOURCE 1056/1284: https://iptv-org.github.io/iptv/regions/ceu.m3u -> records=1195 epg=0
2026-09-21 07:39:59,963 | INFO | SOURCE 1057/1284: https://iptv-org.github.io/iptv/subdivisions/gt-06.m3u -> records=1 epg=0
2026-09-21 07:39:59,963 | INFO | SOURCE 1058/1284: https://iptv-org.github.io/iptv/subdivisions/es-gi.m3u -> records=2 epg=0
2026-09-21 07:40:00,073 | INFO | SOURCE 1059/1284: https://iptv-org.github.io/iptv/subdivisions/gt-08.m3u -> records=1 epg=0
2026-09-21 07:40:00,276 | INFO | SOURCE 1060/1284: https://iptv-org.github.io/iptv/subdivisions/es-nc.m3u -> records=1 epg=0
2026-09-21 07:40:00,277 | INFO | SOURCE 1061/1284: https://iptv-org.github.io/iptv/subdivisions/es-l.m3u -> records=2 epg=0
2026-09-21 07:40:00,277 | INFO | SOURCE 1062/1284: https://iptv-org.github.io/iptv/subdivisions/fi-08.m3u -> records=1 epg=0
2026-09-21 07:40:00,277 | INFO | SOURCE 1063/1284: https://iptv-org.github.io/iptv/regions/nam.m3u -> records=1780 epg=0
2026-09-21 07:40:00,366 | INFO | SOURCE 1064/1284: https://iptv-org.github.io/iptv/subdivisions/gr-h.m3u -> records=1 epg=0
2026-09-21 07:40:00,455 | INFO | SOURCE 1065/1284: https://iptv-org.github.io/iptv/subdivisions/es-pv.m3u -> records=6 epg=0
2026-09-21 07:40:00,455 | INFO | SOURCE 1066/1284: https://iptv-org.github.io/iptv/subdivisions/gr-e.m3u -> records=2 epg=0
2026-09-21 07:40:00,470 | INFO | SOURCE 1067/1284: https://iptv-org.github.io/iptv/subdivisions/gr-f.m3u -> records=3 epg=0
2026-09-21 07:40:00,491 | INFO | SOURCE 1068/1284: https://iptv-org.github.io/iptv/subdivisions/es-tf.m3u -> records=1 epg=0
2026-09-21 07:40:00,491 | INFO | SOURCE 1069/1284: https://iptv-org.github.io/iptv/subdivisions/es-v.m3u -> records=2 epg=0
2026-09-21 07:40:00,491 | INFO | SOURCE 1070/1284: https://iptv-org.github.io/iptv/subdivisions/es-md.m3u -> records=2 epg=0
2026-09-21 07:40:00,491 | INFO | SOURCE 1071/1284: https://iptv-org.github.io/iptv/subdivisions/id-be.m3u -> records=1 epg=0
2026-09-21 07:40:00,491 | INFO | SOURCE 1072/1284: https://iptv-org.github.io/iptv/subdivisions/gr-i.m3u -> records=7 epg=0
2026-09-21 07:40:00,491 | INFO | SOURCE 1073/1284: https://iptv-org.github.io/iptv/subdivisions/gt-14.m3u -> records=1 epg=0
2026-09-21 07:40:00,571 | INFO | SOURCE 1074/1284: https://iptv-org.github.io/iptv/subdivisions/id-kb.m3u -> records=2 epg=0
2026-09-21 07:40:00,571 | INFO | SOURCE 1075/1284: https://iptv-org.github.io/iptv/subdivisions/gr-l.m3u -> records=1 epg=0
2026-09-21 07:40:00,571 | INFO | SOURCE 1076/1284: https://iptv-org.github.io/iptv/subdivisions/id-ji.m3u -> records=14 epg=0
2026-09-21 07:40:00,571 | INFO | SOURCE 1077/1284: https://iptv-org.github.io/iptv/subdivisions/id-ac.m3u -> records=2 epg=0
2026-09-21 07:40:00,572 | INFO | SOURCE 1078/1284: https://iptv-org.github.io/iptv/subdivisions/gr-d.m3u -> records=5 epg=0
2026-09-21 07:40:00,572 | INFO | SOURCE 1079/1284: https://iptv-org.github.io/iptv/subdivisions/gr-g.m3u -> records=3 epg=0
2026-09-21 07:40:00,572 | INFO | SOURCE 1080/1284: https://iptv-org.github.io/iptv/subdivisions/fi-12.m3u -> records=1 epg=0
2026-09-21 07:40:00,572 | INFO | SOURCE 1081/1284: https://iptv-org.github.io/iptv/subdivisions/id-ka.m3u -> records=10 epg=0
2026-09-21 07:40:00,572 | INFO | SOURCE 1082/1284: https://iptv-org.github.io/iptv/subdivisions/id-nt.m3u -> records=3 epg=0
2026-09-21 07:40:00,572 | INFO | SOURCE 1083/1284: https://iptv-org.github.io/iptv/subdivisions/gt-07.m3u -> records=3 epg=0
2026-09-21 07:40:00,572 | INFO | SOURCE 1084/1284: https://iptv-org.github.io/iptv/subdivisions/gr-c.m3u -> records=1 epg=0
2026-09-21 07:40:00,572 | INFO | SOURCE 1085/1284: https://iptv-org.github.io/iptv/regions/sas.m3u -> records=1086 epg=0
2026-09-21 07:40:00,572 | INFO | SOURCE 1086/1284: https://iptv-org.github.io/iptv/subdivisions/gt-05.m3u -> records=2 epg=0
2026-09-21 07:40:00,572 | INFO | SOURCE 1087/1284: https://iptv-org.github.io/iptv/subdivisions/id-sb.m3u -> records=2 epg=0
2026-09-21 07:40:00,572 | INFO | SOURCE 1088/1284: https://iptv-org.github.io/iptv/subdivisions/id-jb.m3u -> records=15 epg=0
2026-09-21 07:40:00,572 | INFO | SOURCE 1089/1284: https://iptv-org.github.io/iptv/subdivisions/in-kl.m3u -> records=3 epg=0
2026-09-21 07:40:00,573 | INFO | SOURCE 1090/1284: https://iptv-org.github.io/iptv/subdivisions/id-ri.m3u -> records=3 epg=0
2026-09-21 07:40:00,573 | INFO | SOURCE 1091/1284: https://iptv-org.github.io/iptv/subdivisions/id-go.m3u -> records=1 epg=0
2026-09-21 07:40:00,573 | INFO | SOURCE 1092/1284: https://iptv-org.github.io/iptv/subdivisions/id-sn.m3u -> records=3 epg=0
2026-09-21 07:40:00,573 | INFO | SOURCE 1093/1284: https://iptv-org.github.io/iptv/subdivisions/id-ba.m3u -> records=1 epg=0
2026-09-21 07:40:00,573 | INFO | SOURCE 1094/1284: https://iptv-org.github.io/iptv/subdivisions/id-ja.m3u -> records=4 epg=0
2026-09-21 07:40:00,573 | INFO | SOURCE 1095/1284: https://iptv-org.github.io/iptv/subdivisions/id-mu.m3u -> records=1 epg=0
2026-09-21 07:40:00,579 | INFO | SOURCE 1096/1284: https://iptv-org.github.io/iptv/subdivisions/gt-12.m3u -> records=1 epg=0
2026-09-21 07:40:00,579 | INFO | SOURCE 1097/1284: https://iptv-org.github.io/iptv/subdivisions/id-ki.m3u -> records=4 epg=0
2026-09-21 07:40:00,579 | INFO | SOURCE 1098/1284: https://iptv-org.github.io/iptv/subdivisions/id-sr.m3u -> records=1 epg=0
2026-09-21 07:40:00,579 | INFO | SOURCE 1099/1284: https://iptv-org.github.io/iptv/subdivisions/id-sg.m3u -> records=2 epg=0
2026-09-21 07:40:00,579 | INFO | SOURCE 1100/1284: https://iptv-org.github.io/iptv/subdivisions/id-nb.m3u -> records=2 epg=0
2026-09-21 07:40:00,579 | INFO | SOURCE 1101/1284: https://iptv-org.github.io/iptv/subdivisions/es-vc.m3u -> records=16 epg=0
2026-09-21 07:40:00,579 | INFO | SOURCE 1102/1284: https://iptv-org.github.io/iptv/subdivisions/es-ri.m3u -> records=1 epg=0
2026-09-21 07:40:00,579 | INFO | SOURCE 1103/1284: https://iptv-org.github.io/iptv/subdivisions/id-ks.m3u -> records=3 epg=0
2026-09-21 07:40:00,580 | INFO | SOURCE 1104/1284: https://iptv-org.github.io/iptv/subdivisions/id-sa.m3u -> records=2 epg=0
2026-09-21 07:40:00,580 | INFO | SOURCE 1105/1284: https://iptv-org.github.io/iptv/subdivisions/id-jt.m3u -> records=5 epg=0
2026-09-21 07:40:00,580 | INFO | SOURCE 1106/1284: https://iptv-org.github.io/iptv/subdivisions/id-pp.m3u -> records=2 epg=0
2026-09-21 07:40:00,580 | INFO | SOURCE 1107/1284: https://iptv-org.github.io/iptv/regions/hispam.m3u -> records=1944 epg=0
2026-09-21 07:40:00,580 | INFO | SOURCE 1108/1284: https://iptv-org.github.io/iptv/subdivisions/id-bt.m3u -> records=1 epg=0
2026-09-21 07:40:00,580 | INFO | SOURCE 1109/1284: https://iptv-org.github.io/iptv/subdivisions/in-tn.m3u -> records=14 epg=0
2026-09-21 07:40:00,580 | INFO | SOURCE 1110/1284: https://iptv-org.github.io/iptv/subdivisions/kr-42.m3u -> records=3 epg=0
2026-09-21 07:40:00,621 | INFO | SOURCE 1111/1284: https://iptv-org.github.io/iptv/subdivisions/id-st.m3u -> records=1 epg=0
2026-09-21 07:40:00,621 | INFO | SOURCE 1112/1284: https://iptv-org.github.io/iptv/regions/noram.m3u -> records=2737 epg=0
2026-09-21 07:40:00,621 | INFO | SOURCE 1113/1284: https://iptv-org.github.io/iptv/subdivisions/id-sl.m3u -> records=10 epg=0
2026-09-21 07:40:00,666 | INFO | SOURCE 1114/1284: https://iptv-org.github.io/iptv/subdivisions/id-pb.m3u -> records=1 epg=0
2026-09-21 07:40:00,697 | INFO | SOURCE 1115/1284: https://iptv-org.github.io/iptv/subdivisions/id-yo.m3u -> records=3 epg=0
2026-09-21 07:40:00,697 | INFO | SOURCE 1116/1284: https://iptv-org.github.io/iptv/subdivisions/in-dl.m3u -> records=1 epg=0
2026-09-21 07:40:00,697 | INFO | SOURCE 1117/1284: https://iptv-org.github.io/iptv/subdivisions/in-mh.m3u -> records=1 epg=0
2026-09-21 07:40:00,697 | INFO | SOURCE 1118/1284: https://iptv-org.github.io/iptv/subdivisions/id-la.m3u -> records=4 epg=0
2026-09-21 07:40:00,697 | INFO | SOURCE 1119/1284: https://iptv-org.github.io/iptv/subdivisions/es-cn.m3u -> records=7 epg=0
2026-09-21 07:40:00,697 | INFO | SOURCE 1120/1284: https://iptv-org.github.io/iptv/subdivisions/kr-27.m3u -> records=2 epg=0
2026-09-21 07:40:00,697 | INFO | SOURCE 1121/1284: https://iptv-org.github.io/iptv/subdivisions/in-ap.m3u -> records=1 epg=0
2026-09-21 07:40:00,697 | INFO | SOURCE 1122/1284: https://iptv-org.github.io/iptv/subdivisions/id-jk.m3u -> records=8 epg=0
2026-09-21 07:40:00,698 | INFO | SOURCE 1123/1284: https://iptv-org.github.io/iptv/subdivisions/id-jw.m3u -> records=45 epg=0
2026-09-21 07:40:00,698 | INFO | SOURCE 1124/1284: https://iptv-org.github.io/iptv/subdivisions/mx-bcn.m3u -> records=1 epg=0
2026-09-21 07:40:00,708 | INFO | SOURCE 1125/1284: https://iptv-org.github.io/iptv/subdivisions/id-ss.m3u -> records=2 epg=0
2026-09-21 07:40:00,708 | INFO | SOURCE 1126/1284: https://iptv-org.github.io/iptv/subdivisions/kr-26.m3u -> records=2 epg=0
2026-09-21 07:40:00,708 | INFO | SOURCE 1127/1284: https://iptv-org.github.io/iptv/subdivisions/kr-45.m3u -> records=2 epg=0
2026-09-21 07:40:00,708 | INFO | SOURCE 1128/1284: https://iptv-org.github.io/iptv/subdivisions/kr-30.m3u -> records=1 epg=0
2026-09-21 07:40:00,708 | INFO | SOURCE 1129/1284: https://iptv-org.github.io/iptv/subdivisions/kr-48.m3u -> records=1 epg=0
2026-09-21 07:40:00,708 | INFO | SOURCE 1130/1284: https://iptv-org.github.io/iptv/subdivisions/it-32.m3u -> records=4 epg=0
2026-09-21 07:40:00,708 | INFO | SOURCE 1131/1284: https://iptv-org.github.io/iptv/subdivisions/mx-chh.m3u -> records=2 epg=0
2026-09-21 07:40:00,708 | INFO | SOURCE 1132/1284: https://iptv-org.github.io/iptv/subdivisions/id-su.m3u -> records=1 epg=0
2026-09-21 07:40:00,708 | INFO | SOURCE 1133/1284: https://iptv-org.github.io/iptv/subdivisions/mx-coa.m3u -> records=1 epg=0
2026-09-21 07:40:00,709 | INFO | SOURCE 1134/1284: https://iptv-org.github.io/iptv/subdivisions/kr-49.m3u -> records=2 epg=0
2026-09-21 07:40:00,709 | INFO | SOURCE 1135/1284: https://iptv-org.github.io/iptv/subdivisions/mx-yuc.m3u -> records=1 epg=0
2026-09-21 07:40:00,709 | INFO | SOURCE 1136/1284: https://iptv-org.github.io/iptv/subdivisions/kr-41.m3u -> records=1 epg=0
2026-09-21 07:40:00,709 | INFO | SOURCE 1137/1284: https://iptv-org.github.io/iptv/subdivisions/pe-lor.m3u -> records=2 epg=0
2026-09-21 07:40:00,709 | INFO | SOURCE 1138/1284: https://iptv-org.github.io/iptv/subdivisions/ge-ab.m3u -> records=1 epg=0
2026-09-21 07:40:00,709 | INFO | SOURCE 1139/1284: https://iptv-org.github.io/iptv/subdivisions/kr-47.m3u -> records=1 epg=0
2026-09-21 07:40:00,728 | INFO | SOURCE 1140/1284: https://iptv-org.github.io/iptv/subdivisions/id-ml.m3u -> records=1 epg=0
2026-09-21 07:40:00,728 | INFO | SOURCE 1141/1284: https://iptv-org.github.io/iptv/subdivisions/py-5.m3u -> records=1 epg=0
2026-09-21 07:40:00,792 | INFO | SOURCE 1142/1284: https://iptv-org.github.io/iptv/subdivisions/kr-43.m3u -> records=2 epg=0
2026-09-21 07:40:00,793 | INFO | SOURCE 1143/1284: https://iptv-org.github.io/iptv/subdivisions/mx-dur.m3u -> records=1 epg=0
2026-09-21 07:40:00,793 | INFO | SOURCE 1144/1284: https://iptv-org.github.io/iptv/subdivisions/pe-are.m3u -> records=2 epg=0
2026-09-21 07:40:00,860 | INFO | SOURCE 1145/1284: https://iptv-org.github.io/iptv/subdivisions/kr-46.m3u -> records=4 epg=0
2026-09-21 07:40:00,958 | INFO | SOURCE 1146/1284: https://iptv-org.github.io/iptv/subdivisions/in-ka.m3u -> records=1 epg=0
2026-09-21 07:40:00,958 | INFO | SOURCE 1147/1284: https://iptv-org.github.io/iptv/subdivisions/id-sm.m3u -> records=20 epg=0
2026-09-21 07:40:00,958 | INFO | SOURCE 1148/1284: https://iptv-org.github.io/iptv/subdivisions/mx-nle.m3u -> records=1 epg=0
2026-09-21 07:40:00,958 | INFO | SOURCE 1149/1284: https://iptv-org.github.io/iptv/subdivisions/kr-31.m3u -> records=1 epg=0
2026-09-21 07:40:00,958 | INFO | SOURCE 1150/1284: https://iptv-org.github.io/iptv/subdivisions/mx-agu.m3u -> records=1 epg=0
2026-09-21 07:40:00,958 | INFO | SOURCE 1151/1284: https://iptv-org.github.io/iptv/subdivisions/id-nu.m3u -> records=6 epg=0
2026-09-21 07:40:00,958 | INFO | SOURCE 1152/1284: https://iptv-org.github.io/iptv/subdivisions/pe-apu.m3u -> records=3 epg=0
2026-09-21 07:40:00,958 | INFO | SOURCE 1153/1284: https://iptv-org.github.io/iptv/subdivisions/py-7.m3u -> records=1 epg=0
2026-09-21 07:40:00,984 | INFO | SOURCE 1154/1284: https://iptv-org.github.io/iptv/subdivisions/me-20.m3u -> records=1 epg=0
2026-09-21 07:40:00,984 | INFO | SOURCE 1155/1284: https://iptv-org.github.io/iptv/subdivisions/mx-pue.m3u -> records=1 epg=0
2026-09-21 07:40:00,984 | INFO | SOURCE 1156/1284: https://iptv-org.github.io/iptv/subdivisions/id-kt.m3u -> records=1 epg=0
2026-09-21 07:40:00,984 | INFO | SOURCE 1157/1284: https://iptv-org.github.io/iptv/subdivisions/it-78.m3u -> records=1 epg=0
2026-09-21 07:40:00,984 | INFO | SOURCE 1158/1284: https://iptv-org.github.io/iptv/regions/cee.m3u -> records=1703 epg=0
2026-09-21 07:40:00,984 | INFO | SOURCE 1159/1284: https://iptv-org.github.io/iptv/subdivisions/pe-aya.m3u -> records=1 epg=0
2026-09-21 07:40:00,984 | INFO | SOURCE 1160/1284: https://iptv-org.github.io/iptv/subdivisions/ru-bel.m3u -> records=2 epg=0
2026-09-21 07:40:01,058 | INFO | SOURCE 1161/1284: https://iptv-org.github.io/iptv/regions/amer.m3u -> records=4084 epg=0
2026-09-21 07:40:01,083 | INFO | SOURCE 1162/1284: https://iptv-org.github.io/iptv/subdivisions/mx-que.m3u -> records=1 epg=0
2026-09-21 07:40:01,101 | INFO | SOURCE 1163/1284: https://iptv-org.github.io/iptv/subdivisions/ru-ba.m3u -> records=7 epg=0
2026-09-21 07:40:01,101 | INFO | SOURCE 1164/1284: https://iptv-org.github.io/iptv/subdivisions/ru-ast.m3u -> records=4 epg=0
2026-09-21 07:40:01,101 | INFO | SOURCE 1165/1284: https://iptv-org.github.io/iptv/subdivisions/pe-ama.m3u -> records=1 epg=0
2026-09-21 07:40:01,145 | INFO | SOURCE 1166/1284: https://iptv-org.github.io/iptv/subdivisions/ru-al.m3u -> records=1 epg=0
2026-09-21 07:40:01,187 | INFO | SOURCE 1167/1284: https://iptv-org.github.io/iptv/subdivisions/ru-kem.m3u -> records=2 epg=0
2026-09-21 07:40:01,202 | INFO | SOURCE 1168/1284: https://iptv-org.github.io/iptv/regions/latam.m3u -> records=2366 epg=0
2026-09-21 07:40:01,202 | INFO | SOURCE 1169/1284: https://iptv-org.github.io/iptv/regions/eu.m3u -> records=2773 epg=0
2026-09-21 07:40:01,202 | INFO | SOURCE 1170/1284: https://iptv-org.github.io/iptv/subdivisions/ru-ad.m3u -> records=1 epg=0
2026-09-21 07:40:01,202 | INFO | SOURCE 1171/1284: https://iptv-org.github.io/iptv/subdivisions/ru-kgn.m3u -> records=2 epg=0
2026-09-21 07:40:01,202 | INFO | SOURCE 1172/1284: https://iptv-org.github.io/iptv/subdivisions/ru-mo.m3u -> records=1 epg=0
2026-09-21 07:40:01,202 | INFO | SOURCE 1173/1284: https://iptv-org.github.io/iptv/subdivisions/ro-gj.m3u -> records=1 epg=0
2026-09-21 07:40:01,202 | INFO | SOURCE 1174/1284: https://iptv-org.github.io/iptv/subdivisions/ru-khm.m3u -> records=6 epg=0
2026-09-21 07:40:01,202 | INFO | SOURCE 1175/1284: https://iptv-org.github.io/iptv/subdivisions/pe-jun.m3u -> records=8 epg=0
2026-09-21 07:40:01,202 | INFO | SOURCE 1176/1284: https://iptv-org.github.io/iptv/subdivisions/mx-slp.m3u -> records=1 epg=0
2026-09-21 07:40:01,202 | INFO | SOURCE 1177/1284: https://iptv-org.github.io/iptv/subdivisions/mx-roo.m3u -> records=2 epg=0
2026-09-21 07:40:01,202 | INFO | SOURCE 1178/1284: https://iptv-org.github.io/iptv/subdivisions/ru-kgd.m3u -> records=1 epg=0
2026-09-21 07:40:01,203 | INFO | SOURCE 1179/1284: https://iptv-org.github.io/iptv/subdivisions/ru-kb.m3u -> records=1 epg=0
2026-09-21 07:40:01,203 | INFO | SOURCE 1180/1284: https://iptv-org.github.io/iptv/subdivisions/pk-is.m3u -> records=1 epg=0
2026-09-21 07:40:01,203 | INFO | SOURCE 1181/1284: https://iptv-org.github.io/iptv/subdivisions/py-19.m3u -> records=1 epg=0
2026-09-21 07:40:01,203 | INFO | SOURCE 1182/1284: https://iptv-org.github.io/iptv/subdivisions/ru-in.m3u -> records=2 epg=0
2026-09-21 07:40:01,203 | INFO | SOURCE 1183/1284: https://iptv-org.github.io/iptv/subdivisions/ru-ce.m3u -> records=3 epg=0
2026-09-21 07:40:01,203 | INFO | SOURCE 1184/1284: https://iptv-org.github.io/iptv/subdivisions/pe-uca.m3u -> records=2 epg=0
2026-09-21 07:40:01,203 | INFO | SOURCE 1185/1284: https://iptv-org.github.io/iptv/subdivisions/pe-sam.m3u -> records=1 epg=0
2026-09-21 07:40:01,203 | INFO | SOURCE 1186/1284: https://iptv-org.github.io/iptv/subdivisions/ru-alt.m3u -> records=2 epg=0
2026-09-21 07:40:01,203 | INFO | SOURCE 1187/1284: https://iptv-org.github.io/iptv/subdivisions/ru-mow.m3u -> records=2 epg=0
2026-09-21 07:40:01,203 | INFO | SOURCE 1188/1284: https://iptv-org.github.io/iptv/subdivisions/ru-ark.m3u -> records=1 epg=0
2026-09-21 07:40:01,203 | INFO | SOURCE 1189/1284: https://iptv-org.github.io/iptv/subdivisions/ru-da.m3u -> records=2 epg=0
2026-09-21 07:40:01,217 | INFO | SOURCE 1190/1284: https://iptv-org.github.io/iptv/subdivisions/ru-sve.m3u -> records=3 epg=0
2026-09-21 07:40:01,231 | INFO | SOURCE 1191/1284: https://iptv-org.github.io/iptv/subdivisions/ru-sa.m3u -> records=2 epg=0
2026-09-21 07:40:01,231 | INFO | SOURCE 1192/1284: https://iptv-org.github.io/iptv/subdivisions/ru-nen.m3u -> records=1 epg=0
2026-09-21 07:40:01,231 | INFO | SOURCE 1193/1284: https://iptv-org.github.io/iptv/subdivisions/ru-kc.m3u -> records=2 epg=0
2026-09-21 07:40:01,231 | INFO | SOURCE 1194/1284: https://iptv-org.github.io/iptv/subdivisions/ru-tyu.m3u -> records=2 epg=0
2026-09-21 07:40:01,231 | INFO | SOURCE 1195/1284: https://iptv-org.github.io/iptv/subdivisions/ru-sta.m3u -> records=2 epg=0
2026-09-21 07:40:01,232 | INFO | SOURCE 1196/1284: https://iptv-org.github.io/iptv/subdivisions/ru-niz.m3u -> records=3 epg=0
2026-09-21 07:40:01,255 | INFO | SOURCE 1197/1284: https://iptv-org.github.io/iptv/subdivisions/pe-lim.m3u -> records=6 epg=0
2026-09-21 07:40:01,255 | INFO | SOURCE 1198/1284: https://iptv-org.github.io/iptv/subdivisions/ru-kha.m3u -> records=1 epg=0
2026-09-21 07:40:01,255 | INFO | SOURCE 1199/1284: https://iptv-org.github.io/iptv/subdivisions/ru-irk.m3u -> records=1 epg=0
2026-09-21 07:40:01,255 | INFO | SOURCE 1200/1284: https://iptv-org.github.io/iptv/subdivisions/ru-per.m3u -> records=2 epg=0
2026-09-21 07:40:01,255 | INFO | SOURCE 1201/1284: https://iptv-org.github.io/iptv/subdivisions/ru-ty.m3u -> records=2 epg=0
2026-09-21 07:40:01,255 | INFO | SOURCE 1202/1284: https://iptv-org.github.io/iptv/subdivisions/ru-sam.m3u -> records=3 epg=0
2026-09-21 07:40:01,255 | INFO | SOURCE 1203/1284: https://iptv-org.github.io/iptv/subdivisions/ru-se.m3u -> records=2 epg=0
2026-09-21 07:40:01,255 | INFO | SOURCE 1204/1284: https://iptv-org.github.io/iptv/subdivisions/us-ak.m3u -> records=2 epg=0
2026-09-21 07:40:01,255 | INFO | SOURCE 1205/1284: https://iptv-org.github.io/iptv/subdivisions/ru-ros.m3u -> records=1 epg=0
2026-09-21 07:40:01,256 | INFO | SOURCE 1206/1284: https://iptv-org.github.io/iptv/subdivisions/ru-kk.m3u -> records=2 epg=0
2026-09-21 07:40:01,256 | INFO | SOURCE 1207/1284: https://iptv-org.github.io/iptv/subdivisions/ru-len.m3u -> records=1 epg=0
2026-09-21 07:40:01,256 | INFO | SOURCE 1208/1284: https://iptv-org.github.io/iptv/regions/asia.m3u -> records=3281 epg=0
2026-09-21 07:40:01,256 | INFO | SOURCE 1209/1284: https://iptv-org.github.io/iptv/subdivisions/ru-ta.m3u -> records=3 epg=0
2026-09-21 07:40:01,256 | INFO | SOURCE 1210/1284: https://iptv-org.github.io/iptv/subdivisions/ru-yar.m3u -> records=1 epg=0
2026-09-21 07:40:01,256 | INFO | SOURCE 1211/1284: https://iptv-org.github.io/iptv/subdivisions/ru-yan.m3u -> records=2 epg=0
2026-09-21 07:40:01,261 | INFO | SOURCE 1212/1284: https://iptv-org.github.io/iptv/subdivisions/ru-rya.m3u -> records=1 epg=0
2026-09-21 07:40:01,261 | INFO | SOURCE 1213/1284: https://iptv-org.github.io/iptv/subdivisions/ru-kda.m3u -> records=5 epg=0
2026-09-21 07:40:01,261 | INFO | SOURCE 1214/1284: https://iptv-org.github.io/iptv/subdivisions/ru-klu.m3u -> records=1 epg=0
2026-09-21 07:40:01,300 | INFO | SOURCE 1215/1284: https://iptv-org.github.io/iptv/subdivisions/ru-yev.m3u -> records=2 epg=0
2026-09-21 07:40:01,300 | INFO | SOURCE 1216/1284: https://iptv-org.github.io/iptv/subdivisions/ru-pri.m3u -> records=3 epg=0
2026-09-21 07:40:01,300 | INFO | SOURCE 1217/1284: https://iptv-org.github.io/iptv/subdivisions/us-co.m3u -> records=13 epg=0
2026-09-21 07:40:01,300 | INFO | SOURCE 1218/1284: https://iptv-org.github.io/iptv/subdivisions/us-dc.m3u -> records=5 epg=0
2026-09-21 07:40:01,300 | INFO | SOURCE 1219/1284: https://iptv-org.github.io/iptv/subdivisions/us-ga.m3u -> records=12 epg=0
2026-09-21 07:40:01,367 | INFO | SOURCE 1220/1284: https://iptv-org.github.io/iptv/subdivisions/ru-mos.m3u -> records=2 epg=0
2026-09-21 07:40:01,401 | INFO | SOURCE 1221/1284: https://iptv-org.github.io/iptv/subdivisions/ru-vgg.m3u -> records=2 epg=0
2026-09-21 07:40:01,419 | INFO | SOURCE 1222/1284: https://iptv-org.github.io/iptv/subdivisions/ru-che.m3u -> records=2 epg=0
2026-09-21 07:40:01,419 | INFO | SOURCE 1223/1284: https://iptv-org.github.io/iptv/subdivisions/ua-43.m3u -> records=7 epg=0
2026-09-21 07:40:01,419 | INFO | SOURCE 1224/1284: https://iptv-org.github.io/iptv/subdivisions/ru-spe.m3u -> records=1 epg=0
2026-09-21 07:40:01,419 | INFO | SOURCE 1225/1284: https://iptv-org.github.io/iptv/subdivisions/us-ny.m3u -> records=15 epg=0
2026-09-21 07:40:01,420 | INFO | SOURCE 1226/1284: https://iptv-org.github.io/iptv/subdivisions/ru-tom.m3u -> records=1 epg=0
2026-09-21 07:40:01,420 | INFO | SOURCE 1227/1284: https://iptv-org.github.io/iptv/subdivisions/us-il.m3u -> records=12 epg=0
2026-09-21 07:40:01,420 | INFO | SOURCE 1228/1284: https://iptv-org.github.io/iptv/subdivisions/us-az.m3u -> records=11 epg=0
2026-09-21 07:40:01,420 | INFO | SOURCE 1229/1284: https://iptv-org.github.io/iptv/subdivisions/ru-ore.m3u -> records=2 epg=0
2026-09-21 07:40:01,420 | INFO | SOURCE 1230/1284: https://iptv-org.github.io/iptv/subdivisions/us-in.m3u -> records=1 epg=0
2026-09-21 07:40:01,420 | INFO | SOURCE 1231/1284: https://iptv-org.github.io/iptv/subdivisions/us-ky.m3u -> records=4 epg=0
2026-09-21 07:40:01,420 | INFO | SOURCE 1232/1284: https://iptv-org.github.io/iptv/subdivisions/ua-65.m3u -> records=1 epg=0
2026-09-21 07:40:01,420 | INFO | SOURCE 1233/1284: https://iptv-org.github.io/iptv/subdivisions/us-nv.m3u -> records=10 epg=0
2026-09-21 07:40:01,420 | INFO | SOURCE 1234/1284: https://iptv-org.github.io/iptv/subdivisions/us-ri.m3u -> records=1 epg=0
2026-09-21 07:40:01,420 | INFO | SOURCE 1235/1284: https://iptv-org.github.io/iptv/subdivisions/ua-14.m3u -> records=1 epg=0
2026-09-21 07:40:01,420 | INFO | SOURCE 1236/1284: https://iptv-org.github.io/iptv/subdivisions/us-nc.m3u -> records=6 epg=0
2026-09-21 07:40:01,420 | INFO | SOURCE 1237/1284: https://iptv-org.github.io/iptv/subdivisions/us-or.m3u -> records=5 epg=0
2026-09-21 07:40:01,420 | INFO | SOURCE 1238/1284: https://iptv-org.github.io/iptv/subdivisions/ru-nvs.m3u -> records=3 epg=0
2026-09-21 07:40:01,420 | INFO | SOURCE 1239/1284: https://iptv-org.github.io/iptv/subdivisions/us-md.m3u -> records=8 epg=0
2026-09-21 07:40:01,421 | INFO | SOURCE 1240/1284: https://iptv-org.github.io/iptv/subdivisions/us-ct.m3u -> records=14 epg=0
2026-09-21 07:40:01,421 | INFO | SOURCE 1241/1284: https://iptv-org.github.io/iptv/subdivisions/ru-ngr.m3u -> records=1 epg=0
2026-09-21 07:40:01,421 | INFO | SOURCE 1242/1284: https://iptv-org.github.io/iptv/subdivisions/us-mn.m3u -> records=7 epg=0
2026-09-21 07:40:01,421 | INFO | SOURCE 1243/1284: https://iptv-org.github.io/iptv/subdivisions/us-vt.m3u -> records=4 epg=0
2026-09-21 07:40:01,421 | INFO | SOURCE 1244/1284: https://iptv-org.github.io/iptv/subdivisions/us-ar.m3u -> records=3 epg=0
2026-09-21 07:40:01,453 | INFO | SOURCE 1245/1284: https://iptv-org.github.io/iptv/subdivisions/us-nh.m3u -> records=10 epg=0
2026-09-21 07:40:01,453 | INFO | SOURCE 1246/1284: https://iptv-org.github.io/iptv/subdivisions/ve-k.m3u -> records=4 epg=0
2026-09-21 07:40:01,453 | INFO | SOURCE 1247/1284: https://iptv-org.github.io/iptv/subdivisions/us-sc.m3u -> records=4 epg=0
2026-09-21 07:40:01,453 | INFO | SOURCE 1248/1284: https://iptv-org.github.io/iptv/subdivisions/us-hi.m3u -> records=6 epg=0
2026-09-21 07:40:01,470 | INFO | SOURCE 1249/1284: https://iptv-org.github.io/iptv/subdivisions/us-nj.m3u -> records=8 epg=0
2026-09-21 07:40:01,662 | INFO | SOURCE 1250/1284: https://iptv-org.github.io/iptv/subdivisions/us-ne.m3u -> records=2 epg=0
2026-09-21 07:40:01,667 | INFO | SOURCE 1251/1284: https://iptv-org.github.io/iptv/subdivisions/us-mo.m3u -> records=4 epg=0
2026-09-21 07:40:01,667 | INFO | SOURCE 1252/1284: https://iptv-org.github.io/iptv/subdivisions/ru-oms.m3u -> records=1 epg=0
2026-09-21 07:40:01,667 | INFO | SOURCE 1253/1284: https://iptv-org.github.io/iptv/subdivisions/us-ia.m3u -> records=1 epg=0
2026-09-21 07:40:01,667 | INFO | SOURCE 1254/1284: https://iptv-org.github.io/iptv/subdivisions/us-nd.m3u -> records=2 epg=0
2026-09-21 07:40:01,667 | INFO | SOURCE 1255/1284: https://iptv-org.github.io/iptv/subdivisions/ve-d.m3u -> records=2 epg=0
2026-09-21 07:40:01,673 | INFO | SOURCE 1256/1284: https://iptv-org.github.io/iptv/subdivisions/us-ks.m3u -> records=2 epg=0
2026-09-21 07:40:01,673 | INFO | SOURCE 1257/1284: https://iptv-org.github.io/iptv/subdivisions/ru-kya.m3u -> records=8 epg=0
2026-09-21 07:40:01,679 | INFO | SOURCE 1258/1284: https://iptv-org.github.io/iptv/subdivisions/us-nm.m3u -> records=1 epg=0
2026-09-21 07:40:01,726 | INFO | SOURCE 1259/1284: https://iptv-org.github.io/iptv/subdivisions/us-oh.m3u -> records=7 epg=0
2026-09-21 07:40:01,726 | INFO | SOURCE 1260/1284: https://iptv-org.github.io/iptv/subdivisions/us-pa.m3u -> records=11 epg=0
2026-09-21 07:40:01,755 | INFO | SOURCE 1261/1284: https://iptv-org.github.io/iptv/subdivisions/us-tn.m3u -> records=3 epg=0
2026-09-21 07:40:01,755 | INFO | SOURCE 1262/1284: https://iptv-org.github.io/iptv/subdivisions/us-la.m3u -> records=4 epg=0
2026-09-21 07:40:01,755 | INFO | SOURCE 1263/1284: https://iptv-org.github.io/iptv/subdivisions/us-ms.m3u -> records=2 epg=0
2026-09-21 07:40:01,755 | INFO | SOURCE 1264/1284: https://iptv-org.github.io/iptv/subdivisions/us-ut.m3u -> records=1 epg=0
2026-09-21 07:40:01,755 | INFO | SOURCE 1265/1284: https://iptv-org.github.io/iptv/subdivisions/us-ok.m3u -> records=3 epg=0
2026-09-21 07:40:01,762 | INFO | SOURCE 1266/1284: https://iptv-org.github.io/iptv/subdivisions/us-ma.m3u -> records=20 epg=0
2026-09-21 07:40:01,763 | INFO | SOURCE 1267/1284: https://iptv-org.github.io/iptv/subdivisions/us-mi.m3u -> records=13 epg=0
2026-09-21 07:40:01,873 | INFO | SOURCE 1268/1284: https://iptv-org.github.io/iptv/subdivisions/us-wa.m3u -> records=3 epg=0
2026-09-21 07:40:01,873 | INFO | SOURCE 1269/1284: https://iptv-org.github.io/iptv/subdivisions/us-de.m3u -> records=3 epg=0
2026-09-21 07:40:01,873 | INFO | SOURCE 1270/1284: https://iptv-org.github.io/iptv/subdivisions/us-wy.m3u -> records=3 epg=0
2026-09-21 07:40:01,873 | INFO | SOURCE 1271/1284: https://iptv-org.github.io/iptv/subdivisions/us-va.m3u -> records=1 epg=0
2026-09-21 07:40:01,873 | INFO | SOURCE 1272/1284: https://iptv-org.github.io/iptv/subdivisions/us-al.m3u -> records=1 epg=0
2026-09-21 07:40:01,924 | INFO | SOURCE 1273/1284: https://iptv-org.github.io/iptv/subdivisions/us-ca.m3u -> records=105 epg=0
2026-09-21 07:40:01,924 | INFO | SOURCE 1274/1284: https://iptv-org.github.io/iptv/subdivisions/us-wi.m3u -> records=5 epg=0
2026-09-21 07:40:02,080 | INFO | SOURCE 1275/1284: https://iptv-org.github.io/iptv/subdivisions/us-fl.m3u -> records=41 epg=0
2026-09-21 07:40:02,085 | INFO | SOURCE 1276/1284: https://iptv-org.github.io/iptv/subdivisions/us-tx.m3u -> records=27 epg=0
2026-09-21 07:40:02,203 | INFO | SOURCE 1277/1284: https://iptv-org.github.io/iptv/subdivisions/ua-23.m3u -> records=1 epg=0
2026-09-21 07:40:02,471 | INFO | SOURCE 1278/1284: https://iptv-org.github.io/iptv/regions/eur.m3u -> records=4293 epg=0
2026-09-21 07:40:02,828 | INFO | SOURCE 1279/1284: https://iptv-org.github.io/iptv/regions/emea.m3u -> records=5108 epg=0
2026-09-21 07:40:03,432 | INFO | SOURCE 1280/1284: https://iptv-org.github.io/iptv/index.language.m3u -> records=12341 epg=0
2026-09-21 07:40:03,944 | INFO | SOURCE 1281/1284: https://iptv-org.github.io/iptv/index.category.m3u -> records=11656 epg=0
2026-09-21 07:40:04,148 | INFO | SOURCE 1282/1284: https://iptv-org.github.io/iptv/index.country.m3u -> records=12380 epg=0
2026-09-21 07:40:04,821 | INFO | SOURCE 1283/1284: https://iptv-org.github.io/iptv/regions/ww.m3u -> records=10968 epg=0
2026-09-21 07:40:05,038 | INFO | SOURCE 1284/1284: https://iptv-org.github.io/iptv/regions/un.m3u -> records=10687 epg=0
2026-09-21 08:14:17,840 | INFO | CHANNELS AFTER MERGE: 13132
2026-09-21 08:14:17,840 | INFO | EPG FETCH: https://epg.one/epg2.xml.gz
2026-09-21 08:14:24,701 | INFO | EPG FETCH: https://www.teleguide.info/download/new3/xmltv.xml.gz
2026-09-21 08:14:43,346 | WARNING | EPG failed https://www.teleguide.info/download/new3/xmltv.xml.gz: The read operation timed out
2026-09-21 08:14:43,346 | INFO | EPG FETCH: https://epgshare01.online/epgshare01/epg_ripper_AL1.xml.gz
2026-09-21 08:14:43,509 | INFO | EPG FETCH: https://epgshare01.online/epgshare01/epg_ripper_ALJAZEERA1.xml.gz
2026-09-21 08:14:43,533 | INFO | EPG FETCH: https://epgshare01.online/epgshare01/epg_ripper_ALL_SOURCES1.xml.gz
2026-09-21 08:14:43,942 | WARNING | EPG failed https://epgshare01.online/epgshare01/epg_ripper_ALL_SOURCES1.xml.gz: response exceeds 157286400 bytes: https://epgshare01.online/epgshare01/epg_ripper_ALL_SOURCES1.xml.gz
2026-09-21 08:14:43,942 | INFO | EPG FETCH: https://epgshare01.online/epgshare01/epg_ripper_AR1.xml.gz
2026-09-21 08:14:44,056 | INFO | EPG FETCH: https://epgshare01.online/epgshare01/epg_ripper_ASIANTELEVISION1.xml.gz
2026-09-21 08:14:44,137 | INFO | EPG FETCH: https://epgshare01.online/epgshare01/epg_ripper_AT1.xml.gz
2026-09-21 08:14:44,589 | INFO | EPG FETCH: https://epgshare01.online/epgshare01/epg_ripper_AU1.xml.gz
2026-09-21 08:14:45,669 | INFO | EPG FETCH: https://epgshare01.online/epgshare01/epg_ripper_BA1.xml.gz
2026-09-21 08:14:46,109 | INFO | EPG FETCH: https://epgshare01.online/epgshare01/epg_ripper_BE2.xml.gz
2026-09-21 08:14:47,870 | INFO | EPG FETCH: https://epgshare01.online/epgshare01/epg_ripper_BEIN1.xml.gz
2026-09-21 08:14:47,924 | INFO | EPG FETCH: https://epgshare01.online/epgshare01/epg_ripper_BG1.xml.gz
2026-09-21 08:14:48,012 | INFO | EPG FETCH: https://epgshare01.online/epgshare01/epg_ripper_BR1.xml.gz
2026-09-21 08:14:48,362 | INFO | EPG FETCH: https://epgshare01.online/epgshare01/epg_ripper_CA1.xml.gz
2026-09-21 08:14:48,389 | WARNING | EPG failed https://epgshare01.online/epgshare01/epg_ripper_CA1.xml.gz: HTTP Error 404: Not Found
2026-09-21 08:14:48,389 | INFO | EPG FETCH: https://epgshare01.online/epgshare01/epg_ripper_CH1.xml.gz
2026-09-21 08:14:50,060 | INFO | EPG FETCH: https://epgshare01.online/epgshare01/epg_ripper_CL1.xml.gz
2026-09-21 08:14:50,156 | INFO | EPG FETCH: https://epgshare01.online/epgshare01/epg_ripper_CO1.xml.gz
2026-09-21 08:14:50,363 | INFO | EPG FETCH: https://epgshare01.online/epgshare01/epg_ripper_CR1.xml.gz
2026-09-21 08:14:50,477 | INFO | EPG FETCH: https://epgshare01.online/epgshare01/epg_ripper_CY1.xml.gz
2026-09-21 08:14:50,590 | INFO | EPG FETCH: https://epgshare01.online/epgshare01/epg_ripper_CZ1.xml.gz
2026-09-21 08:14:51,651 | INFO | EPG FETCH: https://epgshare01.online/epgshare01/epg_ripper_DE1.xml.gz
2026-09-21 08:14:52,472 | INFO | EPG FETCH: https://epgshare01.online/epgshare01/epg_ripper_DELUXEMUSIC1.xml.gz
2026-09-21 08:14:52,500 | INFO | EPG FETCH: https://epgshare01.online/epgshare01/epg_ripper_DIRECTVSPORTS1.xml.gz
2026-09-21 08:14:52,518 | INFO | EPG FETCH: https://epgshare01.online/epgshare01/epg_ripper_DISTROTV1.xml.gz
2026-09-21 08:14:52,539 | INFO | EPG FETCH: https://epgshare01.online/epgshare01/epg_ripper_DK1.xml.gz
2026-09-21 08:14:52,794 | INFO | EPG FETCH: https://epgshare01.online/epgshare01/epg_ripper_DO1.xml.gz
2026-09-21 08:14:52,870 | INFO | EPG FETCH: https://epgshare01.online/epgshare01/epg_ripper_DRAFTKINGS1.xml.gz
2026-09-21 08:14:52,888 | INFO | EPG FETCH: https://epgshare01.online/epgshare01/epg_ripper_DUMMY_CHANNELS.xml.gz
2026-09-21 08:14:52,994 | INFO | EPG FETCH: https://epgshare01.online/epgshare01/epg_ripper_EC1.xml.gz
2026-09-21 08:14:53,114 | INFO | EPG FETCH: https://epgshare01.online/epgshare01/epg_ripper_EG1.xml.gz
2026-09-21 08:14:53,169 | INFO | EPG FETCH: https://epgshare01.online/epgshare01/epg_ripper_ES1.xml.gz
2026-09-21 08:43:36,125 | INFO | EPG: loaded_sets=29
2026-09-21 08:43:36,132 | INFO | STREAM CHECK: 14580 unique URLs, workers=256
2026-09-21 08:43:36,315 | INFO | STREAM CHECK: cache hit=0 network=14580
2026-09-21 08:44:13,010 | INFO | STREAM CHECK: 1000/14580
2026-09-21 08:44:16,394 | INFO | STREAM CHECK: 2000/14580
2026-09-21 08:44:16,400 | INFO | STREAM CHECK: 3000/14580
2026-09-21 08:44:16,403 | INFO | STREAM CHECK: 4000/14580
2026-09-21 08:44:45,360 | INFO | STREAM CHECK: 5000/14580
2026-09-21 08:44:45,362 | INFO | STREAM CHECK: 6000/14580
2026-09-21 08:44:45,365 | INFO | STREAM CHECK: 7000/14580
2026-09-21 08:44:45,367 | INFO | STREAM CHECK: 8000/14580
2026-09-21 08:44:50,399 | INFO | STREAM CHECK: 9000/14580
2026-09-21 08:44:50,402 | INFO | STREAM CHECK: 10000/14580
2026-09-21 08:44:50,404 | INFO | STREAM CHECK: 11000/14580
2026-09-21 08:44:50,406 | INFO | STREAM CHECK: 12000/14580
2026-09-21 08:45:47,104 | INFO | STREAM CHECK: 13000/14580
2026-09-21 08:45:47,106 | INFO | STREAM CHECK: 14000/14580
2026-09-21 08:45:47,794 | INFO | GENERATING STRICTLY STABLE PLAYLIST...
2026-09-21 08:45:47,794 | INFO | STABLE STATE: 0 saved channel mappings loaded.
2026-09-21 08:45:47,796 | INFO | STRICTLY STABLE PLAYLIST: 0 verified entries written.
2026-09-21 08:45:47,796 | INFO | STRICTLY STABLE STATE: 0 active mappings saved.
2026-09-21 08:45:48,311 | INFO | ========================================================================
2026-09-21 08:45:48,311 | INFO | FINISHED
2026-09-21 08:45:48,311 | INFO | CHANNELS: 13132 | RU: 1285 | STREAMS: 14580 | ALIVE: 10905
2026-09-21 08:45:48,311 | INFO | >=12 pool: 0 | >=12 alive: 0
2026-09-21 08:45:48,311 | INFO | STABLE: 0 verified entries
2026-09-21 08:45:48,311 | INFO | STABLE STATE: 0 active mappings
2026-09-21 08:45:48,311 | INFO | OUTPUT: /home/runner/work/IPTVru/IPTVru/mega_iptv_output
2026-09-21 08:45:48,311 | INFO | ========================================================================
2026-09-22 08:18:56,715 | INFO | ========================================================================
2026-09-22 08:18:56,716 | INFO | RU IPTV MEGA PARSER
2026-09-22 08:18:56,716 | INFO | TARGET: >= 20000 channels / >= 10000 Russian
2026-09-22 08:18:56,716 | INFO | ALTERNATIVES TARGET: >= 12 per channel, no upper limit
2026-09-22 08:18:56,716 | INFO | ========================================================================
2026-09-22 08:18:56,830 | INFO | SOURCES: 1283
2026-09-22 08:18:57,028 | INFO | SOURCE 1/1283: https://iptv-org.github.io/iptv/cities/arros.m3u -> records=1 epg=0
2026-09-22 08:18:57,074 | INFO | SOURCE 2/1283: https://raw.githubusercontent.com/Free-TV/IPTV/master/playlists/playlist_russia.m3u8 -> records=58 epg=101
2026-09-22 08:18:57,091 | INFO | SOURCE 3/1283: https://iptv-org.github.io/iptv/cities/arcnq.m3u -> records=1 epg=0
2026-09-22 08:18:57,095 | INFO | SOURCE 4/1283: https://iptv-org.github.io/iptv/cities/arluq.m3u -> records=1 epg=0
2026-09-22 08:18:57,095 | INFO | SOURCE 5/1283: https://iptv-org.github.io/iptv/categories/relax.m3u -> records=8 epg=0
2026-09-22 08:18:57,118 | INFO | SOURCE 6/1283: https://iptv-org.github.io/iptv/cities/arsla.m3u -> records=3 epg=0
2026-09-22 08:18:57,118 | INFO | SOURCE 7/1283: https://iptv-org.github.io/iptv/cities/arsfv.m3u -> records=1 epg=0
2026-09-22 08:18:57,203 | INFO | SOURCE 8/1283: https://iptv-org.github.io/iptv/cities/arsmc.m3u -> records=2 epg=0
2026-09-22 08:18:57,203 | INFO | SOURCE 9/1283: https://iptv-org.github.io/iptv/cities/artdl.m3u -> records=1 epg=0
2026-09-22 08:18:57,203 | INFO | SOURCE 10/1283: https://iptv-org.github.io/iptv/cities/arfma.m3u -> records=1 epg=0
2026-09-22 08:18:57,203 | INFO | SOURCE 11/1283: https://iptv-org.github.io/iptv/cities/alfie.m3u -> records=1 epg=0
2026-09-22 08:18:57,227 | INFO | SOURCE 12/1283: https://iptv-org.github.io/iptv/cities/arsfn.m3u -> records=3 epg=0
2026-09-22 08:18:57,227 | INFO | SOURCE 13/1283: https://iptv-org.github.io/iptv/categories/xxx.m3u -> records=0 epg=0
2026-09-22 08:18:57,227 | INFO | SOURCE 14/1283: https://iptv-org.github.io/iptv/cities/areqs.m3u -> records=1 epg=0
2026-09-22 08:18:57,227 | INFO | SOURCE 15/1283: https://iptv-org.github.io/iptv/cities/arssj.m3u -> records=3 epg=0
2026-09-22 08:18:57,238 | INFO | SOURCE 16/1283: https://iptv-org.github.io/iptv/cities/arvnt.m3u -> records=1 epg=0
2026-09-22 08:18:57,239 | INFO | SOURCE 17/1283: https://iptv-org.github.io/iptv/cities/arsst.m3u -> records=1 epg=0
2026-09-22 08:18:57,239 | INFO | SOURCE 18/1283: https://iptv-org.github.io/iptv/categories/weather.m3u -> records=16 epg=0
2026-09-22 08:18:57,239 | INFO | SOURCE 19/1283: https://iptv-org.github.io/iptv/cities/arsmg.m3u -> records=2 epg=0
2026-09-22 08:18:57,239 | INFO | SOURCE 20/1283: https://iptv-org.github.io/iptv/cities/arlhs.m3u -> records=1 epg=0
2026-09-22 08:18:57,239 | INFO | SOURCE 21/1283: https://iptv-org.github.io/iptv/cities/armdq.m3u -> records=5 epg=0
2026-09-22 08:18:57,239 | INFO | SOURCE 22/1283: https://iptv-org.github.io/iptv/cities/arlpg.m3u -> records=1 epg=0
2026-09-22 08:18:57,239 | INFO | SOURCE 23/1283: https://iptv-org.github.io/iptv/cities/arnqn.m3u -> records=2 epg=0
2026-09-22 08:18:57,285 | INFO | SOURCE 24/1283: https://iptv-org.github.io/iptv/categories/interactive.m3u -> records=2 epg=0
2026-09-22 08:18:57,285 | INFO | SOURCE 25/1283: https://iptv-org.github.io/iptv/cities/arres.m3u -> records=4 epg=0
2026-09-22 08:18:57,285 | INFO | SOURCE 26/1283: https://iptv-org.github.io/iptv/cities/arrsa.m3u -> records=1 epg=0
2026-09-22 08:18:57,330 | INFO | SOURCE 27/1283: https://iptv-org.github.io/iptv/cities/arbhi.m3u -> records=1 epg=0
2026-09-22 08:18:57,330 | INFO | SOURCE 28/1283: https://iptv-org.github.io/iptv/cities/arsnp.m3u -> records=1 epg=0
2026-09-22 08:18:57,330 | INFO | SOURCE 29/1283: https://raw.githubusercontent.com/substanc1/iptv-russia/main/streams/ru.m3u -> records=846 epg=0
2026-09-22 08:18:57,330 | INFO | SOURCE 30/1283: https://iptv-org.github.io/iptv/categories/travel.m3u -> records=60 epg=0
2026-09-22 08:18:57,331 | INFO | SOURCE 31/1283: https://iptv-org.github.io/iptv/cities/arpss.m3u -> records=3 epg=0
2026-09-22 08:18:57,331 | INFO | SOURCE 32/1283: https://iptv-org.github.io/iptv/cities/arsde.m3u -> records=1 epg=0
2026-09-22 08:18:57,331 | INFO | SOURCE 33/1283: https://iptv-org.github.io/iptv/categories/cooking.m3u -> records=50 epg=0
2026-09-22 08:18:57,393 | INFO | SOURCE 34/1283: https://iptv-org.github.io/iptv/cities/arvmr.m3u -> records=1 epg=0
2026-09-22 08:18:57,393 | INFO | SOURCE 35/1283: https://smolnp.github.io/IPTVru/IPTVru.m3u -> records=328 epg=1
2026-09-22 08:18:57,393 | INFO | SOURCE 36/1283: https://iptv-org.github.io/iptv/cities/bocbb.m3u -> records=1 epg=0
2026-09-22 08:18:57,393 | INFO | SOURCE 37/1283: https://iptv-org.github.io/iptv/categories/documentary.m3u -> records=252 epg=0
2026-09-22 08:18:57,393 | INFO | SOURCE 38/1283: https://iptv-org.github.io/iptv/categories/science.m3u -> records=22 epg=0
2026-09-22 08:18:57,393 | INFO | SOURCE 39/1283: https://iptv-org.github.io/iptv/cities/arrel.m3u -> records=2 epg=0
2026-09-22 08:18:57,414 | INFO | SOURCE 40/1283: https://iptv-org.github.io/iptv/cities/aroyo.m3u -> records=1 epg=0
2026-09-22 08:18:57,415 | INFO | SOURCE 41/1283: https://raw.githubusercontent.com/Free-TV/IPTV/master/playlist.m3u8 -> records=2069 epg=101
2026-09-22 08:18:57,415 | INFO | SOURCE 42/1283: https://iptv-org.github.io/iptv/categories/auto.m3u -> records=26 epg=0
2026-09-22 08:18:57,415 | INFO | SOURCE 43/1283: https://iptv-org.github.io/iptv/cities/brcas.m3u -> records=1 epg=0
2026-09-22 08:18:57,547 | INFO | SOURCE 44/1283: https://iptv-org.github.io/iptv/cities/briig.m3u -> records=1 epg=0
2026-09-22 08:18:57,642 | INFO | SOURCE 45/1283: https://iptv-org.github.io/iptv/cities/boalt.m3u -> records=1 epg=0
2026-09-22 08:18:57,658 | INFO | SOURCE 46/1283: https://iptv-org.github.io/iptv/categories/family.m3u -> records=62 epg=0
2026-09-22 08:18:57,694 | INFO | SOURCE 47/1283: https://iptv-org.github.io/iptv/cities/brcfo.m3u -> records=1 epg=0
2026-09-22 08:18:57,694 | INFO | SOURCE 48/1283: https://naggdd.github.io/iptv/ru.m3u -> records=1068 epg=0
2026-09-22 08:18:57,694 | INFO | SOURCE 49/1283: https://iptv-org.github.io/iptv/categories/outdoor.m3u -> records=76 epg=0
2026-09-22 08:18:57,694 | INFO | SOURCE 50/1283: https://iptv-org.github.io/iptv/countries/ru.m3u -> records=521 epg=0
2026-09-22 08:18:57,694 | INFO | SOURCE 51/1283: https://iptv-org.github.io/iptv/cities/atklu.m3u -> records=1 epg=0
2026-09-22 08:18:57,720 | INFO | SOURCE 52/1283: https://iptv-org.github.io/iptv/cities/brcxs.m3u -> records=1 epg=0
2026-09-22 08:18:57,720 | INFO | SOURCE 53/1283: https://iptv-org.github.io/iptv/cities/brcdi.m3u -> records=1 epg=0
2026-09-22 08:18:57,720 | INFO | SOURCE 54/1283: https://iptv-org.github.io/iptv/cities/brarw.m3u -> records=1 epg=0
2026-09-22 08:18:57,721 | INFO | SOURCE 55/1283: https://iptv-org.github.io/iptv/cities/brmrc.m3u -> records=1 epg=0
2026-09-22 08:18:57,775 | INFO | SOURCE 56/1283: https://iptv-org.github.io/iptv/cities/bocpb.m3u -> records=1 epg=0
2026-09-22 08:18:57,795 | INFO | SOURCE 57/1283: https://iptv-org.github.io/iptv/cities/brfor.m3u -> records=1 epg=0
2026-09-22 08:18:57,795 | INFO | SOURCE 58/1283: https://iptv-org.github.io/iptv/cities/booru.m3u -> records=1 epg=0
2026-09-22 08:18:57,795 | INFO | SOURCE 59/1283: https://iptv-org.github.io/iptv/categories/classic.m3u -> records=106 epg=0
2026-09-22 08:18:57,801 | INFO | SOURCE 60/1283: https://iptv-org.github.io/iptv/categories/public.m3u -> records=39 epg=0
2026-09-22 08:18:57,801 | INFO | SOURCE 61/1283: https://iptv-org.github.io/iptv/cities/brcba.m3u -> records=1 epg=0
2026-09-22 08:18:57,801 | INFO | SOURCE 62/1283: https://iptv-org.github.io/iptv/categories/business.m3u -> records=74 epg=0
2026-09-22 08:18:57,801 | INFO | SOURCE 63/1283: https://iptv-org.github.io/iptv/categories/sports.m3u -> records=420 epg=0
2026-09-22 08:18:57,802 | INFO | SOURCE 64/1283: https://iptv-org.github.io/iptv/categories/shop.m3u -> records=81 epg=0
2026-09-22 08:18:57,802 | INFO | SOURCE 65/1283: https://iptv-org.github.io/iptv/categories/kids.m3u -> records=408 epg=0
2026-09-22 08:18:57,802 | INFO | SOURCE 66/1283: https://iptv-org.github.io/iptv/cities/brmuu.m3u -> records=1 epg=0
2026-09-22 08:18:57,802 | INFO | SOURCE 67/1283: https://iptv-org.github.io/iptv/cities/braru.m3u -> records=1 epg=0
2026-09-22 08:18:57,802 | INFO | SOURCE 68/1283: https://iptv-org.github.io/iptv/cities/bolpb.m3u -> records=1 epg=0
2026-09-22 08:18:57,802 | INFO | SOURCE 69/1283: https://iptv-org.github.io/iptv/categories/education.m3u -> records=214 epg=0
2026-09-22 08:18:57,836 | INFO | SOURCE 70/1283: https://iptv-org.github.io/iptv/cities/cafre.m3u -> records=1 epg=0
2026-09-22 08:18:57,837 | INFO | SOURCE 71/1283: https://iptv-org.github.io/iptv/cities/brbac.m3u -> records=1 epg=0
2026-09-22 08:18:57,837 | INFO | SOURCE 72/1283: https://iptv-org.github.io/iptv/cities/caiql.m3u -> records=1 epg=0
2026-09-22 08:18:57,837 | INFO | SOURCE 73/1283: https://iptv-org.github.io/iptv/cities/boscs.m3u -> records=1 epg=0
2026-09-22 08:18:57,837 | INFO | SOURCE 74/1283: https://iptv-org.github.io/iptv/cities/brgus.m3u -> records=1 epg=0
2026-09-22 08:18:57,837 | INFO | SOURCE 75/1283: https://iptv-org.github.io/iptv/cities/brsje.m3u -> records=1 epg=0
2026-09-22 08:18:57,837 | INFO | SOURCE 76/1283: https://iptv-org.github.io/iptv/categories/legislative.m3u -> records=181 epg=0
2026-09-22 08:18:57,837 | INFO | SOURCE 77/1283: https://iptv-org.github.io/iptv/cities/ausyd.m3u -> records=1 epg=0
2026-09-22 08:18:57,837 | INFO | SOURCE 78/1283: https://iptv-org.github.io/iptv/cities/brjpa.m3u -> records=1 epg=0
2026-09-22 08:18:57,837 | INFO | SOURCE 79/1283: https://iptv-org.github.io/iptv/cities/cahal.m3u -> records=1 epg=0
2026-09-22 08:18:57,837 | INFO | SOURCE 80/1283: https://iptv-org.github.io/iptv/cities/brssp.m3u -> records=1 epg=0
2026-09-22 08:18:57,837 | INFO | SOURCE 81/1283: https://iptv-org.github.io/iptv/categories/animation.m3u -> records=160 epg=0
2026-09-22 08:18:57,837 | INFO | SOURCE 82/1283: https://iptv-org.github.io/iptv/cities/brnat.m3u -> records=2 epg=0
2026-09-22 08:18:57,838 | INFO | SOURCE 83/1283: https://iptv-org.github.io/iptv/cities/cacal.m3u -> records=1 epg=0
2026-09-22 08:18:57,838 | INFO | SOURCE 84/1283: https://iptv-org.github.io/iptv/cities/casbr.m3u -> records=1 epg=0
2026-09-22 08:18:57,838 | INFO | SOURCE 85/1283: https://iptv-org.github.io/iptv/cities/brszo.m3u -> records=1 epg=0
2026-09-22 08:18:57,838 | INFO | SOURCE 86/1283: https://iptv-org.github.io/iptv/cities/brsao.m3u -> records=1 epg=0
2026-09-22 08:18:57,838 | INFO | SOURCE 87/1283: https://iptv-org.github.io/iptv/cities/brpoa.m3u -> records=1 epg=0
2026-09-22 08:18:57,852 | INFO | SOURCE 88/1283: https://iptv-org.github.io/iptv/categories/lifestyle.m3u -> records=125 epg=0
2026-09-22 08:18:57,852 | INFO | SOURCE 89/1283: https://iptv-org.github.io/iptv/cities/brroo.m3u -> records=1 epg=0
2026-09-22 08:18:57,852 | INFO | SOURCE 90/1283: https://iptv-org.github.io/iptv/cities/atgrz.m3u -> records=1 epg=0
2026-09-22 08:18:57,852 | INFO | SOURCE 91/1283: https://iptv-org.github.io/iptv/categories/culture.m3u -> records=190 epg=0
2026-09-22 08:18:57,853 | INFO | SOURCE 92/1283: https://iptv-org.github.io/iptv/cities/brvis.m3u -> records=1 epg=0
2026-09-22 08:18:57,853 | INFO | SOURCE 93/1283: https://iptv-org.github.io/iptv/categories/movies.m3u -> records=752 epg=0
2026-09-22 08:18:57,853 | INFO | SOURCE 94/1283: https://iptv-org.github.io/iptv/cities/brpfo.m3u -> records=1 epg=0
2026-09-22 08:18:57,853 | INFO | SOURCE 95/1283: https://iptv-org.github.io/iptv/cities/brbsb.m3u -> records=1 epg=0
2026-09-22 08:18:57,853 | INFO | SOURCE 96/1283: https://iptv-org.github.io/iptv/categories/news.m3u -> records=994 epg=0
2026-09-22 08:18:57,853 | INFO | SOURCE 97/1283: https://iptv-org.github.io/iptv/cities/casjf.m3u -> records=2 epg=0
2026-09-22 08:18:57,853 | INFO | SOURCE 98/1283: https://iptv-org.github.io/iptv/cities/camnt.m3u -> records=1 epg=0
2026-09-22 08:18:57,853 | INFO | SOURCE 99/1283: https://iptv-org.github.io/iptv/cities/cator.m3u -> records=4 epg=0
2026-09-22 08:18:57,853 | INFO | SOURCE 100/1283: https://iptv-org.github.io/iptv/cities/brprx.m3u -> records=1 epg=0
2026-09-22 08:18:57,854 | INFO | SOURCE 101/1283: https://iptv-org.github.io/iptv/cities/camtr.m3u -> records=6 epg=0
2026-09-22 08:18:57,854 | INFO | SOURCE 102/1283: https://iptv-org.github.io/iptv/cities/casag.m3u -> records=1 epg=0
2026-09-22 08:18:57,914 | INFO | SOURCE 103/1283: https://iptv-org.github.io/iptv/cities/brrio.m3u -> records=1 epg=0
2026-09-22 08:18:57,914 | INFO | SOURCE 104/1283: https://iptv-org.github.io/iptv/cities/debfe.m3u -> records=1 epg=0
2026-09-22 08:18:57,914 | INFO | SOURCE 105/1283: https://iptv-org.github.io/iptv/cities/cacha.m3u -> records=1 epg=0
2026-09-22 08:18:57,914 | INFO | SOURCE 106/1283: https://iptv-org.github.io/iptv/categories/music.m3u -> records=736 epg=0
2026-09-22 08:18:57,914 | INFO | SOURCE 107/1283: https://iptv-org.github.io/iptv/cities/brudi.m3u -> records=1 epg=0
2026-09-22 08:18:57,914 | INFO | SOURCE 108/1283: https://iptv-org.github.io/iptv/cities/brnfu.m3u -> records=1 epg=0
2026-09-22 08:18:57,935 | INFO | SOURCE 109/1283: https://iptv-org.github.io/iptv/cities/cawnd.m3u -> records=0 epg=0
2026-09-22 08:18:57,936 | INFO | SOURCE 110/1283: https://iptv-org.github.io/iptv/cities/catrr.m3u -> records=1 epg=0
2026-09-22 08:18:57,936 | INFO | SOURCE 111/1283: https://iptv-org.github.io/iptv/cities/canee.m3u -> records=1 epg=0
2026-09-22 08:18:57,936 | INFO | SOURCE 112/1283: https://iptv-org.github.io/iptv/cities/comzl.m3u -> records=1 epg=0
2026-09-22 08:18:57,961 | INFO | SOURCE 113/1283: https://iptv-org.github.io/iptv/cities/deess.m3u -> records=1 epg=0
2026-09-22 08:18:57,961 | INFO | SOURCE 114/1283: https://iptv-org.github.io/iptv/cities/clyum.m3u -> records=1 epg=0
2026-09-22 08:18:57,961 | INFO | SOURCE 115/1283: https://iptv-org.github.io/iptv/cities/cavan.m3u -> records=2 epg=0
2026-09-22 08:18:57,962 | INFO | SOURCE 116/1283: https://dearbulut.github.io/iptv/playlists/country/ru.m3u -> records=465 epg=1
2026-09-22 08:18:57,962 | INFO | SOURCE 117/1283: https://iptv-org.github.io/iptv/cities/cavic.m3u -> records=2 epg=0
2026-09-22 08:18:57,962 | INFO | SOURCE 118/1283: https://iptv-org.github.io/iptv/cities/cayzf.m3u -> records=1 epg=0
2026-09-22 08:18:57,995 | INFO | SOURCE 119/1283: https://iptv-org.github.io/iptv/cities/brpmi.m3u -> records=1 epg=0
2026-09-22 08:18:58,056 | INFO | SOURCE 120/1283: https://iptv-org.github.io/iptv/cities/crmtz.m3u -> records=1 epg=0
2026-09-22 08:18:58,056 | INFO | SOURCE 121/1283: https://iptv-org.github.io/iptv/cities/dedtm.m3u -> records=1 epg=0
2026-09-22 08:18:58,056 | INFO | SOURCE 122/1283: https://iptv-org.github.io/iptv/cities/careg.m3u -> records=2 epg=0
2026-09-22 08:18:58,056 | INFO | SOURCE 123/1283: https://iptv-org.github.io/iptv/cities/crtoo.m3u -> records=1 epg=0
2026-09-22 08:18:58,056 | INFO | SOURCE 124/1283: https://iptv-org.github.io/iptv/cities/caott.m3u -> records=2 epg=0
2026-09-22 08:18:58,056 | INFO | SOURCE 125/1283: https://iptv-org.github.io/iptv/cities/brosa.m3u -> records=1 epg=0
2026-09-22 08:18:58,073 | INFO | SOURCE 126/1283: https://iptv-org.github.io/iptv/cities/caque.m3u -> records=1 epg=0
2026-09-22 08:18:58,073 | INFO | SOURCE 127/1283: https://iptv-org.github.io/iptv/cities/carim.m3u -> records=1 epg=0
2026-09-22 08:18:58,074 | INFO | SOURCE 128/1283: https://iptv-org.github.io/iptv/cities/caedm.m3u -> records=3 epg=0
2026-09-22 08:18:58,074 | INFO | SOURCE 129/1283: https://iptv-org.github.io/iptv/cities/esfgl.m3u -> records=1 epg=0
2026-09-22 08:18:58,092 | INFO | SOURCE 130/1283: https://iptv-org.github.io/iptv/cities/clqta.m3u -> records=1 epg=0
2026-09-22 08:18:58,092 | INFO | SOURCE 131/1283: https://iptv-org.github.io/iptv/cities/coulq.m3u -> records=1 epg=0
2026-09-22 08:18:58,111 | INFO | SOURCE 132/1283: https://iptv-org.github.io/iptv/cities/coibe.m3u -> records=1 epg=0
2026-09-22 08:18:58,112 | INFO | SOURCE 133/1283: https://iptv-org.github.io/iptv/cities/cosac.m3u -> records=1 epg=0
2026-09-22 08:18:58,112 | INFO | SOURCE 134/1283: https://iptv-org.github.io/iptv/cities/brsms.m3u -> records=1 epg=0
2026-09-22 08:18:58,112 | INFO | SOURCE 135/1283: https://iptv-org.github.io/iptv/cities/demun.m3u -> records=1 epg=0
2026-09-22 08:18:58,112 | INFO | SOURCE 136/1283: https://iptv-org.github.io/iptv/cities/dedus.m3u -> records=1 epg=0
2026-09-22 08:18:58,112 | INFO | SOURCE 137/1283: https://iptv-org.github.io/iptv/cities/desge.m3u -> records=1 epg=0
2026-09-22 08:18:58,112 | INFO | SOURCE 138/1283: https://iptv-org.github.io/iptv/cities/cawnp.m3u -> records=2 epg=0
2026-09-22 08:18:58,112 | INFO | SOURCE 139/1283: https://iptv-org.github.io/iptv/cities/debon.m3u -> records=1 epg=0
2026-09-22 08:18:58,113 | INFO | SOURCE 140/1283: https://iptv-org.github.io/iptv/cities/clcld.m3u -> records=1 epg=0
2026-09-22 08:18:58,113 | INFO | SOURCE 141/1283: https://iptv-org.github.io/iptv/cities/conva.m3u -> records=1 epg=0
2026-09-22 08:18:58,148 | INFO | SOURCE 142/1283: https://iptv-org.github.io/iptv/cities/esazj.m3u -> records=1 epg=0
2026-09-22 08:18:58,148 | INFO | SOURCE 143/1283: https://iptv-org.github.io/iptv/cities/esbio.m3u -> records=4 epg=0
2026-09-22 08:18:58,148 | INFO | SOURCE 144/1283: https://iptv-org.github.io/iptv/cities/dosti.m3u -> records=1 epg=0
2026-09-22 08:18:58,163 | INFO | SOURCE 145/1283: https://iptv-org.github.io/iptv/categories/comedy.m3u -> records=217 epg=0
2026-09-22 08:18:58,163 | INFO | SOURCE 146/1283: https://iptv-org.github.io/iptv/cities/esboi.m3u -> records=1 epg=0
2026-09-22 08:18:58,164 | INFO | SOURCE 147/1283: https://iptv-org.github.io/iptv/cities/calng.m3u -> records=1 epg=0
2026-09-22 08:18:58,164 | INFO | SOURCE 148/1283: https://iptv-org.github.io/iptv/cities/grlam.m3u -> records=1 epg=0
2026-09-22 08:18:58,164 | INFO | SOURCE 149/1283: https://iptv-org.github.io/iptv/cities/dewup.m3u -> records=1 epg=0
2026-09-22 08:18:58,177 | INFO | SOURCE 150/1283: https://iptv-org.github.io/iptv/cities/deaah.m3u -> records=1 epg=0
2026-09-22 08:18:58,187 | INFO | SOURCE 151/1283: https://iptv-org.github.io/iptv/categories/series.m3u -> records=535 epg=0
2026-09-22 08:18:58,187 | INFO | SOURCE 152/1283: https://iptv-org.github.io/iptv/cities/decgn.m3u -> records=1 epg=0
2026-09-22 08:18:58,188 | INFO | SOURCE 153/1283: https://iptv-org.github.io/iptv/cities/clcur.m3u -> records=1 epg=0
2026-09-22 08:18:58,188 | INFO | SOURCE 154/1283: https://iptv-org.github.io/iptv/cities/eslgr.m3u -> records=1 epg=0
2026-09-22 08:18:58,188 | INFO | SOURCE 155/1283: https://iptv-org.github.io/iptv/cities/ecloh.m3u -> records=1 epg=0
2026-09-22 08:18:58,188 | INFO | SOURCE 156/1283: https://iptv-org.github.io/iptv/categories/entertainment.m3u -> records=877 epg=0
2026-09-22 08:18:58,188 | INFO | SOURCE 157/1283: https://iptv-org.github.io/iptv/cities/clplm.m3u -> records=1 epg=0
2026-09-22 08:18:58,240 | INFO | SOURCE 158/1283: https://iptv-org.github.io/iptv/cities/dobno.m3u -> records=1 epg=0
2026-09-22 08:18:58,252 | INFO | SOURCE 159/1283: https://iptv-org.github.io/iptv/cities/dedui.m3u -> records=1 epg=0
2026-09-22 08:18:58,252 | INFO | SOURCE 160/1283: https://iptv-org.github.io/iptv/cities/eslle.m3u -> records=1 epg=0
2026-09-22 08:18:58,280 | INFO | SOURCE 161/1283: https://iptv-org.github.io/iptv/cities/esalg.m3u -> records=1 epg=0
2026-09-22 08:18:58,280 | INFO | SOURCE 162/1283: https://iptv-org.github.io/iptv/cities/dopop.m3u -> records=1 epg=0
2026-09-22 08:18:58,280 | INFO | SOURCE 163/1283: https://iptv-org.github.io/iptv/cities/idabu.m3u -> records=1 epg=0
2026-09-22 08:18:58,280 | INFO | SOURCE 164/1283: https://iptv-org.github.io/iptv/cities/escdd.m3u -> records=1 epg=0
2026-09-22 08:18:58,280 | INFO | SOURCE 165/1283: https://iptv-org.github.io/iptv/cities/esgrx.m3u -> records=2 epg=0
2026-09-22 08:18:58,280 | INFO | SOURCE 166/1283: https://iptv-org.github.io/iptv/cities/dohig.m3u -> records=1 epg=0
2026-09-22 08:18:58,301 | INFO | SOURCE 167/1283: https://iptv-org.github.io/iptv/cities/esmto.m3u -> records=1 epg=0
2026-09-22 08:18:58,309 | INFO | SOURCE 168/1283: https://iptv-org.github.io/iptv/cities/estol.m3u -> records=1 epg=0
2026-09-22 08:18:58,309 | INFO | SOURCE 169/1283: https://iptv-org.github.io/iptv/cities/esbrb.m3u -> records=1 epg=0
2026-09-22 08:18:58,310 | INFO | SOURCE 170/1283: https://iptv-org.github.io/iptv/cities/idjkt.m3u -> records=4 epg=0
2026-09-22 08:18:58,310 | INFO | SOURCE 171/1283: https://iptv-org.github.io/iptv/cities/eslpg.m3u -> records=1 epg=0
2026-09-22 08:18:58,310 | INFO | SOURCE 172/1283: https://iptv-org.github.io/iptv/cities/eslsl.m3u -> records=1 epg=0
2026-09-22 08:18:58,310 | INFO | SOURCE 173/1283: https://iptv-org.github.io/iptv/cities/fikyy.m3u -> records=1 epg=0
2026-09-22 08:18:58,310 | INFO | SOURCE 174/1283: https://iptv-org.github.io/iptv/cities/esmqe.m3u -> records=1 epg=0
2026-09-22 08:18:58,310 | INFO | SOURCE 175/1283: https://iptv-org.github.io/iptv/cities/essbp.m3u -> records=2 epg=0
2026-09-22 08:18:58,310 | INFO | SOURCE 176/1283: https://iptv-org.github.io/iptv/cities/eccue.m3u -> records=1 epg=0
2026-09-22 08:18:58,310 | INFO | SOURCE 177/1283: https://iptv-org.github.io/iptv/cities/idser.m3u -> records=1 epg=0
2026-09-22 08:18:58,310 | INFO | SOURCE 178/1283: https://iptv-org.github.io/iptv/cities/esdre.m3u -> records=1 epg=0
2026-09-22 08:18:58,310 | INFO | SOURCE 179/1283: https://iptv-org.github.io/iptv/cities/idpdg.m3u -> records=1 epg=0
2026-09-22 08:18:58,310 | INFO | SOURCE 180/1283: https://iptv-org.github.io/iptv/cities/esjae.m3u -> records=1 epg=0
2026-09-22 08:18:58,310 | INFO | SOURCE 181/1283: https://iptv-org.github.io/iptv/cities/espfl.m3u -> records=1 epg=0
2026-09-22 08:18:58,311 | INFO | SOURCE 182/1283: https://iptv-org.github.io/iptv/cities/gtsol.m3u -> records=1 epg=0
2026-09-22 08:18:58,311 | INFO | SOURCE 183/1283: https://iptv-org.github.io/iptv/cities/grkzi.m3u -> records=1 epg=0
2026-09-22 08:18:58,311 | INFO | SOURCE 184/1283: https://iptv-org.github.io/iptv/cities/idbpn.m3u -> records=1 epg=0
2026-09-22 08:18:58,311 | INFO | SOURCE 185/1283: https://iptv-org.github.io/iptv/cities/esodb.m3u -> records=1 epg=0
2026-09-22 08:18:58,311 | INFO | SOURCE 186/1283: https://iptv-org.github.io/iptv/cities/espna.m3u -> records=1 epg=0
2026-09-22 08:18:58,311 | INFO | SOURCE 187/1283: https://iptv-org.github.io/iptv/cities/idmlg.m3u -> records=3 epg=0
2026-09-22 08:18:58,311 | INFO | SOURCE 188/1283: https://iptv-org.github.io/iptv/cities/gtbab.m3u -> records=1 epg=0
2026-09-22 08:18:58,311 | INFO | SOURCE 189/1283: https://iptv-org.github.io/iptv/cities/grkkz.m3u -> records=1 epg=0
2026-09-22 08:18:58,311 | INFO | SOURCE 190/1283: https://iptv-org.github.io/iptv/cities/grart.m3u -> records=1 epg=0
2026-09-22 08:18:58,311 | INFO | SOURCE 191/1283: https://iptv-org.github.io/iptv/cities/esvic.m3u -> records=1 epg=0
2026-09-22 08:18:58,311 | INFO | SOURCE 192/1283: https://iptv-org.github.io/iptv/cities/idtsy.m3u -> records=1 epg=0
2026-09-22 08:18:58,311 | INFO | SOURCE 193/1283: https://iptv-org.github.io/iptv/cities/dolvc.m3u -> records=1 epg=0
2026-09-22 08:18:58,311 | INFO | SOURCE 194/1283: https://iptv-org.github.io/iptv/cities/id5ss.m3u -> records=1 epg=0
2026-09-22 08:18:58,311 | INFO | SOURCE 195/1283: https://iptv-org.github.io/iptv/cities/esooe.m3u -> records=1 epg=0
2026-09-22 08:18:58,311 | INFO | SOURCE 196/1283: https://iptv-org.github.io/iptv/cities/grskg.m3u -> records=5 epg=0
2026-09-22 08:18:58,311 | INFO | SOURCE 197/1283: https://iptv-org.github.io/iptv/cities/indil.m3u -> records=1 epg=0
2026-09-22 08:18:58,312 | INFO | SOURCE 198/1283: https://iptv-org.github.io/iptv/cities/eshuv.m3u -> records=1 epg=0
2026-09-22 08:18:58,312 | INFO | SOURCE 199/1283: https://iptv-org.github.io/iptv/cities/id5su.m3u -> records=2 epg=0
2026-09-22 08:18:58,312 | INFO | SOURCE 200/1283: https://iptv-org.github.io/iptv/cities/indel.m3u -> records=1 epg=0
2026-09-22 08:18:58,312 | INFO | SOURCE 201/1283: https://iptv-org.github.io/iptv/cities/idkdr.m3u -> records=2 epg=0
2026-09-22 08:18:58,312 | INFO | SOURCE 202/1283: https://iptv-org.github.io/iptv/categories/undefined.m3u -> records=1449 epg=0
2026-09-22 08:18:58,318 | INFO | SOURCE 203/1283: https://iptv-org.github.io/iptv/cities/idjog.m3u -> records=1 epg=0
2026-09-22 08:18:58,318 | INFO | SOURCE 204/1283: https://iptv-org.github.io/iptv/cities/idtlu.m3u -> records=1 epg=0
2026-09-22 08:18:58,318 | INFO | SOURCE 205/1283: https://iptv-org.github.io/iptv/cities/intjv.m3u -> records=1 epg=0
2026-09-22 08:18:58,318 | INFO | SOURCE 206/1283: https://iptv-org.github.io/iptv/cities/grioa.m3u -> records=1 epg=0
2026-09-22 08:18:58,320 | INFO | SOURCE 207/1283: https://iptv-org.github.io/iptv/cities/inccj.m3u -> records=1 epg=0
2026-09-22 08:18:58,322 | INFO | SOURCE 208/1283: https://iptv-org.github.io/iptv/cities/idmak.m3u -> records=2 epg=0
2026-09-22 08:18:58,322 | INFO | SOURCE 209/1283: https://iptv-org.github.io/iptv/cities/idskt.m3u -> records=1 epg=0
2026-09-22 08:18:58,322 | INFO | SOURCE 210/1283: https://iptv-org.github.io/iptv/cities/grath.m3u -> records=3 epg=0
2026-09-22 08:18:58,323 | INFO | SOURCE 211/1283: https://iptv-org.github.io/iptv/cities/inagu.m3u -> records=1 epg=0
2026-09-22 08:18:58,323 | INFO | SOURCE 212/1283: https://iptv-org.github.io/iptv/cities/idmdc.m3u -> records=1 epg=0
2026-09-22 08:18:58,323 | INFO | SOURCE 213/1283: https://iptv-org.github.io/iptv/cities/idpwl.m3u -> records=1 epg=0
2026-09-22 08:18:58,323 | INFO | SOURCE 214/1283: https://iptv-org.github.io/iptv/cities/grgak.m3u -> records=1 epg=0
2026-09-22 08:18:58,323 | INFO | SOURCE 215/1283: https://iptv-org.github.io/iptv/cities/inpal.m3u -> records=1 epg=0
2026-09-22 08:18:58,323 | INFO | SOURCE 216/1283: https://iptv-org.github.io/iptv/cities/idmdi.m3u -> records=1 epg=0
2026-09-22 08:18:58,323 | INFO | SOURCE 217/1283: https://iptv-org.github.io/iptv/categories/religious.m3u -> records=775 epg=0
2026-09-22 08:18:58,327 | INFO | SOURCE 218/1283: https://iptv-org.github.io/iptv/cities/inkar.m3u -> records=1 epg=0
2026-09-22 08:18:58,330 | INFO | SOURCE 219/1283: https://iptv-org.github.io/iptv/cities/idtkg.m3u -> records=3 epg=0
2026-09-22 08:18:58,330 | INFO | SOURCE 220/1283: https://iptv-org.github.io/iptv/cities/krjnj.m3u -> records=2 epg=0
2026-09-22 08:18:58,334 | INFO | SOURCE 221/1283: https://iptv-org.github.io/iptv/cities/indpi.m3u -> records=1 epg=0
2026-09-22 08:18:58,334 | INFO | SOURCE 222/1283: https://iptv-org.github.io/iptv/cities/krpus.m3u -> records=2 epg=0
2026-09-22 08:18:58,334 | INFO | SOURCE 223/1283: https://iptv-org.github.io/iptv/cities/idbdj.m3u -> records=2 epg=0
2026-09-22 08:18:58,334 | INFO | SOURCE 224/1283: https://iptv-org.github.io/iptv/cities/krcoj.m3u -> records=1 epg=0
2026-09-22 08:18:58,334 | INFO | SOURCE 225/1283: https://iptv-org.github.io/iptv/cities/krchc.m3u -> records=1 epg=0
2026-09-22 08:18:58,334 | INFO | SOURCE 226/1283: https://iptv-org.github.io/iptv/cities/kryos.m3u -> records=1 epg=0
2026-09-22 08:18:58,335 | INFO | SOURCE 227/1283: https://iptv-org.github.io/iptv/cities/krtjn.m3u -> records=1 epg=0
2026-09-22 08:18:58,342 | INFO | SOURCE 228/1283: https://iptv-org.github.io/iptv/cities/kradg.m3u -> records=1 epg=0
2026-09-22 08:18:58,342 | INFO | SOURCE 229/1283: https://iptv-org.github.io/iptv/cities/mxsbn.m3u -> records=1 epg=0
2026-09-22 08:18:58,342 | INFO | SOURCE 230/1283: https://iptv-org.github.io/iptv/cities/mxtij.m3u -> records=1 epg=0
2026-09-22 08:18:58,343 | INFO | SOURCE 231/1283: https://iptv-org.github.io/iptv/cities/idsub.m3u -> records=3 epg=0
2026-09-22 08:18:58,343 | INFO | SOURCE 232/1283: https://iptv-org.github.io/iptv/cities/mxmid.m3u -> records=1 epg=0
2026-09-22 08:18:58,343 | INFO | SOURCE 233/1283: https://iptv-org.github.io/iptv/cities/ruvms.m3u -> records=1 epg=0
2026-09-22 08:18:58,343 | INFO | SOURCE 234/1283: https://iptv-org.github.io/iptv/cities/peab4.m3u -> records=1 epg=0
2026-09-22 08:18:58,343 | INFO | SOURCE 235/1283: https://iptv-org.github.io/iptv/cities/krcha.m3u -> records=2 epg=0
2026-09-22 08:18:58,343 | INFO | SOURCE 236/1283: https://iptv-org.github.io/iptv/cities/mxcun.m3u -> records=2 epg=0
2026-09-22 08:18:58,343 | INFO | SOURCE 237/1283: https://iptv-org.github.io/iptv/cities/mxsqe.m3u -> records=1 epg=0
2026-09-22 08:18:58,343 | INFO | SOURCE 238/1283: https://iptv-org.github.io/iptv/cities/krbcn.m3u -> records=1 epg=0
2026-09-22 08:18:58,346 | INFO | SOURCE 239/1283: https://iptv-org.github.io/iptv/cities/usaac.m3u -> records=2 epg=0
2026-09-22 08:18:58,346 | INFO | SOURCE 240/1283: https://iptv-org.github.io/iptv/cities/pyflm.m3u -> records=1 epg=0
2026-09-22 08:18:58,346 | INFO | SOURCE 241/1283: https://iptv-org.github.io/iptv/cities/inngc.m3u -> records=1 epg=0
2026-09-22 08:18:58,349 | INFO | SOURCE 242/1283: https://iptv-org.github.io/iptv/cities/idsrg.m3u -> records=1 epg=0
2026-09-22 08:18:58,349 | INFO | SOURCE 243/1283: https://iptv-org.github.io/iptv/cities/pepcl.m3u -> records=2 epg=0
2026-09-22 08:18:58,350 | INFO | SOURCE 244/1283: https://iptv-org.github.io/iptv/cities/usaev.m3u -> records=1 epg=0
2026-09-22 08:18:58,350 | INFO | SOURCE 245/1283: https://iptv-org.github.io/iptv/cities/invgh.m3u -> records=1 epg=0
2026-09-22 08:18:58,351 | INFO | SOURCE 246/1283: https://iptv-org.github.io/iptv/cities/intks.m3u -> records=3 epg=0
2026-09-22 08:18:58,351 | INFO | SOURCE 247/1283: https://iptv-org.github.io/iptv/cities/meulc.m3u -> records=1 epg=0
2026-09-22 08:18:58,351 | INFO | SOURCE 248/1283: https://iptv-org.github.io/iptv/cities/inkcp.m3u -> records=1 epg=0
2026-09-22 08:18:58,358 | INFO | SOURCE 249/1283: https://iptv-org.github.io/iptv/cities/intri.m3u -> records=1 epg=0
2026-09-22 08:18:58,370 | INFO | SOURCE 250/1283: https://iptv-org.github.io/iptv/cities/usabq.m3u -> records=1 epg=0
2026-09-22 08:18:58,370 | INFO | SOURCE 251/1283: https://iptv-org.github.io/iptv/cities/peyms.m3u -> records=1 epg=0
2026-09-22 08:18:58,370 | INFO | SOURCE 252/1283: https://iptv-org.github.io/iptv/cities/pelim.m3u -> records=4 epg=0
2026-09-22 08:18:58,370 | INFO | SOURCE 253/1283: https://iptv-org.github.io/iptv/cities/usapf.m3u -> records=1 epg=0
2026-09-22 08:18:58,370 | INFO | SOURCE 254/1283: https://iptv-org.github.io/iptv/cities/pehnt.m3u -> records=1 epg=0
2026-09-22 08:18:58,370 | INFO | SOURCE 255/1283: https://iptv-org.github.io/iptv/cities/pebag.m3u -> records=1 epg=0
2026-09-22 08:18:58,370 | INFO | SOURCE 256/1283: https://iptv-org.github.io/iptv/cities/pyeno.m3u -> records=1 epg=0
2026-09-22 08:18:58,371 | INFO | SOURCE 257/1283: https://iptv-org.github.io/iptv/cities/usatl.m3u -> records=4 epg=0
2026-09-22 08:18:58,372 | INFO | SOURCE 258/1283: https://iptv-org.github.io/iptv/cities/usahn.m3u -> records=2 epg=0
2026-09-22 08:18:58,372 | INFO | SOURCE 259/1283: https://iptv-org.github.io/iptv/cities/usalb.m3u -> records=1 epg=0
2026-09-22 08:18:58,372 | INFO | SOURCE 260/1283: https://iptv-org.github.io/iptv/cities/peaqp.m3u -> records=1 epg=0
2026-09-22 08:18:58,372 | INFO | SOURCE 261/1283: https://iptv-org.github.io/iptv/cities/usasi.m3u -> records=3 epg=0
2026-09-22 08:18:58,395 | INFO | SOURCE 262/1283: https://iptv-org.github.io/iptv/cities/usact.m3u -> records=1 epg=0
2026-09-22 08:18:58,406 | INFO | SOURCE 263/1283: https://iptv-org.github.io/iptv/cities/krmok.m3u -> records=1 epg=0
2026-09-22 08:18:58,407 | INFO | SOURCE 264/1283: https://iptv-org.github.io/iptv/cities/rugrv.m3u -> records=1 epg=0
2026-09-22 08:18:58,407 | INFO | SOURCE 265/1283: https://iptv-org.github.io/iptv/cities/usbal.m3u -> records=3 epg=0
2026-09-22 08:18:58,407 | INFO | SOURCE 266/1283: https://iptv-org.github.io/iptv/cities/rukrr.m3u -> records=1 epg=0
2026-09-22 08:18:58,407 | INFO | SOURCE 267/1283: https://iptv-org.github.io/iptv/cities/usanp.m3u -> records=2 epg=0
2026-09-22 08:18:58,407 | INFO | SOURCE 268/1283: https://iptv-org.github.io/iptv/cities/usazo.m3u -> records=1 epg=0
2026-09-22 08:18:58,421 | INFO | SOURCE 269/1283: https://iptv-org.github.io/iptv/cities/pejhy.m3u -> records=3 epg=0
2026-09-22 08:18:58,421 | INFO | SOURCE 270/1283: https://iptv-org.github.io/iptv/cities/krusn.m3u -> records=1 epg=0
2026-09-22 08:18:58,421 | INFO | SOURCE 271/1283: https://iptv-org.github.io/iptv/cities/krtae.m3u -> records=2 epg=0
2026-09-22 08:18:58,421 | INFO | SOURCE 272/1283: https://iptv-org.github.io/iptv/cities/usaum.m3u -> records=1 epg=0
2026-09-22 08:18:58,421 | INFO | SOURCE 273/1283: https://iptv-org.github.io/iptv/cities/usbms.m3u -> records=4 epg=0
2026-09-22 08:18:58,421 | INFO | SOURCE 274/1283: https://iptv-org.github.io/iptv/cities/rotgu.m3u -> records=1 epg=0
2026-09-22 08:18:58,422 | INFO | SOURCE 275/1283: https://iptv-org.github.io/iptv/cities/usaus.m3u -> records=5 epg=0
2026-09-22 08:18:58,422 | INFO | SOURCE 276/1283: https://iptv-org.github.io/iptv/cities/usauc.m3u -> records=1 epg=0
2026-09-22 08:18:58,422 | INFO | SOURCE 277/1283: https://iptv-org.github.io/iptv/cities/uschi.m3u -> records=7 epg=0
2026-09-22 08:18:58,430 | INFO | SOURCE 278/1283: https://iptv-org.github.io/iptv/cities/peiqt.m3u -> records=1 epg=0
2026-09-22 08:18:58,430 | INFO | SOURCE 279/1283: https://iptv-org.github.io/iptv/cities/usbvh.m3u -> records=3 epg=0
2026-09-22 08:18:58,430 | INFO | SOURCE 280/1283: https://iptv-org.github.io/iptv/cities/pycoo.m3u -> records=1 epg=0
2026-09-22 08:18:58,430 | INFO | SOURCE 281/1283: https://iptv-org.github.io/iptv/cities/pkisb.m3u -> records=1 epg=0
2026-09-22 08:18:58,438 | INFO | SOURCE 282/1283: https://iptv-org.github.io/iptv/cities/uscyq.m3u -> records=1 epg=0
2026-09-22 08:18:58,445 | INFO | SOURCE 283/1283: https://iptv-org.github.io/iptv/cities/usbbi.m3u -> records=1 epg=0
2026-09-22 08:18:58,445 | INFO | SOURCE 284/1283: https://iptv-org.github.io/iptv/cities/uscld.m3u -> records=1 epg=0
2026-09-22 08:18:58,445 | INFO | SOURCE 285/1283: https://iptv-org.github.io/iptv/cities/usczm.m3u -> records=1 epg=0
2026-09-22 08:18:58,445 | INFO | SOURCE 286/1283: https://iptv-org.github.io/iptv/cities/usbgk.m3u -> records=1 epg=0
2026-09-22 08:18:58,445 | INFO | SOURCE 287/1283: https://iptv-org.github.io/iptv/cities/mxcjs.m3u -> records=1 epg=0
2026-09-22 08:18:58,445 | INFO | SOURCE 288/1283: https://iptv-org.github.io/iptv/cities/usbur.m3u -> records=1 epg=0
2026-09-22 08:18:58,456 | INFO | SOURCE 289/1283: https://iptv-org.github.io/iptv/cities/pesip.m3u -> records=3 epg=0
2026-09-22 08:18:58,456 | INFO | SOURCE 290/1283: https://iptv-org.github.io/iptv/cities/uscha.m3u -> records=1 epg=0
2026-09-22 08:18:58,456 | INFO | SOURCE 291/1283: https://iptv-org.github.io/iptv/cities/usbun.m3u -> records=1 epg=0
2026-09-22 08:18:58,457 | INFO | SOURCE 292/1283: https://iptv-org.github.io/iptv/cities/uschs.m3u -> records=1 epg=0
2026-09-22 08:18:58,457 | INFO | SOURCE 293/1283: https://iptv-org.github.io/iptv/cities/usd5w.m3u -> records=2 epg=0
2026-09-22 08:18:58,457 | INFO | SOURCE 294/1283: https://iptv-org.github.io/iptv/cities/uscmi.m3u -> records=1 epg=0
2026-09-22 08:18:58,463 | INFO | SOURCE 295/1283: https://iptv-org.github.io/iptv/cities/uscc2.m3u -> records=1 epg=0
2026-09-22 08:18:58,463 | INFO | SOURCE 296/1283: https://iptv-org.github.io/iptv/cities/usbdr.m3u -> records=1 epg=0
2026-09-22 08:18:58,466 | INFO | SOURCE 297/1283: https://iptv-org.github.io/iptv/cities/uscsl.m3u -> records=1 epg=0
2026-09-22 08:18:58,466 | INFO | SOURCE 298/1283: https://iptv-org.github.io/iptv/cities/usdab.m3u -> records=1 epg=0
2026-09-22 08:18:58,466 | INFO | SOURCE 299/1283: https://iptv-org.github.io/iptv/cities/usbma.m3u -> records=2 epg=0
2026-09-22 08:18:58,466 | INFO | SOURCE 300/1283: https://iptv-org.github.io/iptv/cities/usbtl.m3u -> records=2 epg=0
2026-09-22 08:18:58,466 | INFO | SOURCE 301/1283: https://iptv-org.github.io/iptv/cities/usch3.m3u -> records=1 epg=0
2026-09-22 08:18:58,466 | INFO | SOURCE 302/1283: https://iptv-org.github.io/iptv/cities/usdet.m3u -> records=6 epg=0
2026-09-22 08:18:58,478 | INFO | SOURCE 303/1283: https://iptv-org.github.io/iptv/cities/usbos.m3u -> records=5 epg=0
2026-09-22 08:18:58,478 | INFO | SOURCE 304/1283: https://iptv-org.github.io/iptv/cities/uscgi.m3u -> records=1 epg=0
2026-09-22 08:18:58,478 | INFO | SOURCE 305/1283: https://iptv-org.github.io/iptv/cities/usclb.m3u -> records=1 epg=0
2026-09-22 08:18:58,478 | INFO | SOURCE 306/1283: https://iptv-org.github.io/iptv/cities/usday.m3u -> records=2 epg=0
2026-09-22 08:18:58,478 | INFO | SOURCE 307/1283: https://iptv-org.github.io/iptv/cities/usdlh.m3u -> records=1 epg=0
2026-09-22 08:18:58,478 | INFO | SOURCE 308/1283: https://iptv-org.github.io/iptv/cities/usash.m3u -> records=4 epg=0
2026-09-22 08:18:58,480 | INFO | SOURCE 309/1283: https://iptv-org.github.io/iptv/cities/uscvg.m3u -> records=1 epg=0
2026-09-22 08:18:58,496 | INFO | SOURCE 310/1283: https://iptv-org.github.io/iptv/cities/usfat.m3u -> records=3 epg=0
2026-09-22 08:18:58,509 | INFO | SOURCE 311/1283: https://iptv-org.github.io/iptv/cities/uscyi.m3u -> records=1 epg=0
2026-09-22 08:18:58,509 | INFO | SOURCE 312/1283: https://iptv-org.github.io/iptv/cities/useka.m3u -> records=1 epg=0
2026-09-22 08:18:58,509 | INFO | SOURCE 313/1283: https://iptv-org.github.io/iptv/cities/usgcc.m3u -> records=3 epg=0
2026-09-22 08:18:58,509 | INFO | SOURCE 314/1283: https://iptv-org.github.io/iptv/cities/uscek.m3u -> records=1 epg=0
2026-09-22 08:18:58,509 | INFO | SOURCE 315/1283: https://iptv-org.github.io/iptv/cities/uscqv.m3u -> records=1 epg=0
2026-09-22 08:18:58,509 | INFO | SOURCE 316/1283: https://iptv-org.github.io/iptv/cities/uscrp.m3u -> records=3 epg=0
2026-09-22 08:18:58,516 | INFO | SOURCE 317/1283: https://iptv-org.github.io/iptv/cities/usbl8.m3u -> records=3 epg=0
2026-09-22 08:18:58,524 | INFO | SOURCE 318/1283: https://iptv-org.github.io/iptv/cities/usclt.m3u -> records=2 epg=0
2026-09-22 08:18:58,543 | INFO | SOURCE 319/1283: https://iptv-org.github.io/iptv/cities/usccr.m3u -> records=1 epg=0
2026-09-22 08:18:58,549 | INFO | SOURCE 320/1283: https://iptv-org.github.io/iptv/cities/usdal.m3u -> records=1 epg=0
2026-09-22 08:18:58,573 | INFO | SOURCE 321/1283: https://iptv-org.github.io/iptv/cities/usfeb.m3u -> records=1 epg=0
2026-09-22 08:18:58,573 | INFO | SOURCE 322/1283: https://iptv-org.github.io/iptv/cities/usfhm.m3u -> records=1 epg=0
2026-09-22 08:18:58,573 | INFO | SOURCE 323/1283: https://iptv-org.github.io/iptv/cities/uscrz.m3u -> records=1 epg=0
2026-09-22 08:18:58,573 | INFO | SOURCE 324/1283: https://iptv-org.github.io/iptv/cities/usbfl.m3u -> records=2 epg=0
2026-09-22 08:18:58,573 | INFO | SOURCE 325/1283: https://iptv-org.github.io/iptv/cities/usbtr.m3u -> records=1 epg=0
2026-09-22 08:18:58,586 | INFO | SOURCE 326/1283: https://iptv-org.github.io/iptv/cities/uselp.m3u -> records=4 epg=0
2026-09-22 08:18:58,603 | INFO | SOURCE 327/1283: https://iptv-org.github.io/iptv/cities/usint.m3u -> records=1 epg=0
2026-09-22 08:18:58,629 | INFO | SOURCE 328/1283: https://iptv-org.github.io/iptv/cities/usflo.m3u -> records=1 epg=0
2026-09-22 08:18:58,629 | INFO | SOURCE 329/1283: https://iptv-org.github.io/iptv/cities/usden.m3u -> records=2 epg=0
2026-09-22 08:18:58,660 | INFO | SOURCE 330/1283: https://iptv-org.github.io/iptv/cities/usfnl.m3u -> records=3 epg=0
2026-09-22 08:18:58,660 | INFO | SOURCE 331/1283: https://iptv-org.github.io/iptv/cities/ushdu.m3u -> records=3 epg=0
2026-09-22 08:18:58,661 | INFO | SOURCE 332/1283: https://iptv-org.github.io/iptv/cities/uscmh.m3u -> records=1 epg=0
2026-09-22 08:18:58,661 | INFO | SOURCE 333/1283: https://iptv-org.github.io/iptv/cities/usgda.m3u -> records=1 epg=0
2026-09-22 08:18:58,661 | INFO | SOURCE 334/1283: https://iptv-org.github.io/iptv/cities/usgpt.m3u -> records=1 epg=0
2026-09-22 08:18:58,661 | INFO | SOURCE 335/1283: https://iptv-org.github.io/iptv/cities/usgv9.m3u -> records=2 epg=0
2026-09-22 08:18:58,661 | INFO | SOURCE 336/1283: https://iptv-org.github.io/iptv/cities/usdnp.m3u -> records=2 epg=0
2026-09-22 08:18:58,675 | INFO | SOURCE 337/1283: https://iptv-org.github.io/iptv/cities/usifp.m3u -> records=1 epg=0
2026-09-22 08:18:58,675 | INFO | SOURCE 338/1283: https://iptv-org.github.io/iptv/cities/usdsm.m3u -> records=1 epg=0
2026-09-22 08:18:58,675 | INFO | SOURCE 339/1283: https://iptv-org.github.io/iptv/cities/usgls.m3u -> records=1 epg=0
2026-09-22 08:18:58,675 | INFO | SOURCE 340/1283: https://iptv-org.github.io/iptv/cities/usfpr.m3u -> records=1 epg=0
2026-09-22 08:18:58,675 | INFO | SOURCE 341/1283: https://iptv-org.github.io/iptv/cities/usfmy.m3u -> records=1 epg=0
2026-09-22 08:18:58,675 | INFO | SOURCE 342/1283: https://iptv-org.github.io/iptv/cities/uskft.m3u -> records=1 epg=0
2026-09-22 08:18:58,693 | INFO | SOURCE 343/1283: https://iptv-org.github.io/iptv/cities/uslex.m3u -> records=2 epg=0
2026-09-22 08:18:58,699 | INFO | SOURCE 344/1283: https://iptv-org.github.io/iptv/cities/usfwt.m3u -> records=1 epg=0
2026-09-22 08:18:58,705 | INFO | SOURCE 345/1283: https://iptv-org.github.io/iptv/cities/usiyh.m3u -> records=1 epg=0
2026-09-22 08:18:58,710 | INFO | SOURCE 346/1283: https://iptv-org.github.io/iptv/cities/usfxg.m3u -> records=1 epg=0
2026-09-22 08:18:58,713 | INFO | SOURCE 347/1283: https://iptv-org.github.io/iptv/cities/usict.m3u -> records=1 epg=0
2026-09-22 08:18:58,713 | INFO | SOURCE 348/1283: https://iptv-org.github.io/iptv/cities/usjot.m3u -> records=1 epg=0
2026-09-22 08:18:58,713 | INFO | SOURCE 349/1283: https://iptv-org.github.io/iptv/cities/usgrb.m3u -> records=2 epg=0
2026-09-22 08:18:58,713 | INFO | SOURCE 350/1283: https://iptv-org.github.io/iptv/cities/usgnv.m3u -> records=1 epg=0
2026-09-22 08:18:58,713 | INFO | SOURCE 351/1283: https://iptv-org.github.io/iptv/cities/uslxi.m3u -> records=1 epg=0
2026-09-22 08:18:58,714 | INFO | SOURCE 352/1283: https://iptv-org.github.io/iptv/cities/usewr.m3u -> records=2 epg=0
2026-09-22 08:18:58,714 | INFO | SOURCE 353/1283: https://iptv-org.github.io/iptv/cities/usjax.m3u -> records=2 epg=0
2026-09-22 08:18:58,714 | INFO | SOURCE 354/1283: https://iptv-org.github.io/iptv/cities/usjst.m3u -> records=1 epg=0
2026-09-22 08:18:58,714 | INFO | SOURCE 355/1283: https://iptv-org.github.io/iptv/cities/ushtd.m3u -> records=1 epg=0
2026-09-22 08:18:58,714 | INFO | SOURCE 356/1283: https://iptv-org.github.io/iptv/cities/usilg.m3u -> records=1 epg=0
2026-09-22 08:18:58,722 | INFO | SOURCE 357/1283: https://iptv-org.github.io/iptv/cities/usknl.m3u -> records=1 epg=0
2026-09-22 08:18:58,722 | INFO | SOURCE 358/1283: https://iptv-org.github.io/iptv/cities/usilm.m3u -> records=1 epg=0
2026-09-22 08:18:58,722 | INFO | SOURCE 359/1283: https://iptv-org.github.io/iptv/cities/uslov.m3u -> records=1 epg=0
2026-09-22 08:18:58,722 | INFO | SOURCE 360/1283: https://iptv-org.github.io/iptv/cities/uslax.m3u -> records=7 epg=0
2026-09-22 08:18:58,732 | INFO | SOURCE 361/1283: https://iptv-org.github.io/iptv/cities/ushig.m3u -> records=1 epg=0
2026-09-22 08:18:58,736 | INFO | SOURCE 362/1283: https://iptv-org.github.io/iptv/cities/usgir.m3u -> records=4 epg=0
2026-09-22 08:18:58,736 | INFO | SOURCE 363/1283: https://iptv-org.github.io/iptv/cities/uslto.m3u -> records=1 epg=0
2026-09-22 08:18:58,748 | INFO | SOURCE 364/1283: https://iptv-org.github.io/iptv/cities/usljk.m3u -> records=1 epg=0
2026-09-22 08:18:58,749 | INFO | SOURCE 365/1283: https://iptv-org.github.io/iptv/cities/usgoe.m3u -> records=1 epg=0
2026-09-22 08:18:58,749 | INFO | SOURCE 366/1283: https://iptv-org.github.io/iptv/cities/usmia.m3u -> records=3 epg=0
2026-09-22 08:18:58,749 | INFO | SOURCE 367/1283: https://iptv-org.github.io/iptv/cities/ushou.m3u -> records=3 epg=0
2026-09-22 08:18:58,752 | INFO | SOURCE 368/1283: https://iptv-org.github.io/iptv/cities/usgrx.m3u -> records=1 epg=0
2026-09-22 08:18:58,753 | INFO | SOURCE 369/1283: https://iptv-org.github.io/iptv/categories/general.m3u -> records=2712 epg=0
2026-09-22 08:18:58,754 | INFO | SOURCE 370/1283: https://iptv-org.github.io/iptv/cities/usjnu.m3u -> records=1 epg=0
2026-09-22 08:18:58,757 | INFO | SOURCE 371/1283: https://iptv-org.github.io/iptv/cities/usmsy.m3u -> records=1 epg=0
2026-09-22 08:18:58,757 | INFO | SOURCE 372/1283: https://iptv-org.github.io/iptv/cities/useyw.m3u -> records=2 epg=0
2026-09-22 08:18:58,757 | INFO | SOURCE 373/1283: https://iptv-org.github.io/iptv/cities/usmkc.m3u -> records=1 epg=0
2026-09-22 08:18:58,757 | INFO | SOURCE 374/1283: https://iptv-org.github.io/iptv/cities/uslee.m3u -> records=1 epg=0
2026-09-22 08:18:58,758 | INFO | SOURCE 375/1283: https://iptv-org.github.io/iptv/cities/ushnl.m3u -> records=2 epg=0
2026-09-22 08:18:58,758 | INFO | SOURCE 376/1283: https://iptv-org.github.io/iptv/cities/usmjk.m3u -> records=1 epg=0
2026-09-22 08:18:58,758 | INFO | SOURCE 377/1283: https://iptv-org.github.io/iptv/cities/uslnk.m3u -> records=1 epg=0
2026-09-22 08:18:58,765 | INFO | SOURCE 378/1283: https://iptv-org.github.io/iptv/cities/usjgx.m3u -> records=1 epg=0
2026-09-22 08:18:58,768 | INFO | SOURCE 379/1283: https://iptv-org.github.io/iptv/cities/uslmr.m3u -> records=3 epg=0
2026-09-22 08:18:58,769 | INFO | SOURCE 380/1283: https://iptv-org.github.io/iptv/cities/uslas.m3u -> records=10 epg=0
2026-09-22 08:18:58,770 | INFO | SOURCE 381/1283: https://iptv-org.github.io/iptv/cities/uslia.m3u -> records=1 epg=0
2026-09-22 08:18:58,778 | INFO | SOURCE 382/1283: https://iptv-org.github.io/iptv/cities/uslui.m3u -> records=2 epg=0
2026-09-22 08:18:58,780 | INFO | SOURCE 383/1283: https://iptv-org.github.io/iptv/cities/uslxx.m3u -> records=1 epg=0
2026-09-22 08:18:58,780 | INFO | SOURCE 384/1283: https://iptv-org.github.io/iptv/cities/uslit.m3u -> records=1 epg=0
2026-09-22 08:18:58,780 | INFO | SOURCE 385/1283: https://iptv-org.github.io/iptv/cities/uslft.m3u -> records=1 epg=0
2026-09-22 08:18:58,783 | INFO | SOURCE 386/1283: https://iptv-org.github.io/iptv/cities/ushvn.m3u -> records=1 epg=0
2026-09-22 08:18:58,783 | INFO | SOURCE 387/1283: https://iptv-org.github.io/iptv/cities/usmkl.m3u -> records=1 epg=0
2026-09-22 08:18:58,783 | INFO | SOURCE 388/1283: https://iptv-org.github.io/iptv/cities/uskck.m3u -> records=1 epg=0
2026-09-22 08:18:58,783 | INFO | SOURCE 389/1283: https://iptv-org.github.io/iptv/cities/uslcb.m3u -> records=1 epg=0
2026-09-22 08:18:58,783 | INFO | SOURCE 390/1283: https://iptv-org.github.io/iptv/cities/uslpc.m3u -> records=3 epg=0
2026-09-22 08:18:58,783 | INFO | SOURCE 391/1283: https://iptv-org.github.io/iptv/cities/usmcn.m3u -> records=1 epg=0
2026-09-22 08:18:58,783 | INFO | SOURCE 392/1283: https://iptv-org.github.io/iptv/cities/usmes.m3u -> records=3 epg=0
2026-09-22 08:18:58,783 | INFO | SOURCE 393/1283: https://iptv-org.github.io/iptv/cities/uslqq.m3u -> records=1 epg=0
2026-09-22 08:18:58,783 | INFO | SOURCE 394/1283: https://iptv-org.github.io/iptv/cities/usnwc.m3u -> records=1 epg=0
2026-09-22 08:18:58,783 | INFO | SOURCE 395/1283: https://iptv-org.github.io/iptv/cities/usmy3.m3u -> records=5 epg=0
2026-09-22 08:18:58,785 | INFO | SOURCE 396/1283: https://iptv-org.github.io/iptv/cities/uslbj.m3u -> records=1 epg=0
2026-09-22 08:18:58,789 | INFO | SOURCE 397/1283: https://iptv-org.github.io/iptv/cities/usnwt.m3u -> records=1 epg=0
2026-09-22 08:18:58,791 | INFO | SOURCE 398/1283: https://iptv-org.github.io/iptv/cities/uslns.m3u -> records=1 epg=0
2026-09-22 08:18:58,792 | INFO | SOURCE 399/1283: https://iptv-org.github.io/iptv/cities/usmht.m3u -> records=1 epg=0
2026-09-22 08:18:58,794 | INFO | SOURCE 400/1283: https://iptv-org.github.io/iptv/cities/usoma.m3u -> records=1 epg=0
2026-09-22 08:18:58,794 | INFO | SOURCE 401/1283: https://iptv-org.github.io/iptv/cities/usmem.m3u -> records=1 epg=0
2026-09-22 08:18:58,794 | INFO | SOURCE 402/1283: https://iptv-org.github.io/iptv/cities/usmke.m3u -> records=3 epg=0
2026-09-22 08:18:58,794 | INFO | SOURCE 403/1283: https://iptv-org.github.io/iptv/cities/usnrh.m3u -> records=1 epg=0
2026-09-22 08:18:58,794 | INFO | SOURCE 404/1283: https://iptv-org.github.io/iptv/cities/usorb.m3u -> records=1 epg=0
2026-09-22 08:18:58,794 | INFO | SOURCE 405/1283: https://iptv-org.github.io/iptv/cities/usnwn.m3u -> records=1 epg=0
2026-09-22 08:18:58,795 | INFO | SOURCE 406/1283: https://iptv-org.github.io/iptv/cities/usmob.m3u -> records=1 epg=0
2026-09-22 08:18:58,795 | INFO | SOURCE 407/1283: https://iptv-org.github.io/iptv/cities/usmoi.m3u -> records=3 epg=0
2026-09-22 08:18:58,795 | INFO | SOURCE 408/1283: https://iptv-org.github.io/iptv/cities/usjgt.m3u -> records=1 epg=0
2026-09-22 08:18:58,795 | INFO | SOURCE 409/1283: https://iptv-org.github.io/iptv/cities/usphl.m3u -> records=5 epg=0
2026-09-22 08:18:58,798 | INFO | SOURCE 410/1283: https://iptv-org.github.io/iptv/cities/usndz.m3u -> records=2 epg=0
2026-09-22 08:18:58,803 | INFO | SOURCE 411/1283: https://iptv-org.github.io/iptv/cities/usnfc.m3u -> records=3 epg=0
2026-09-22 08:18:58,806 | INFO | SOURCE 412/1283: https://iptv-org.github.io/iptv/cities/usocn.m3u -> records=2 epg=0
2026-09-22 08:18:58,806 | INFO | SOURCE 413/1283: https://iptv-org.github.io/iptv/cities/usscz.m3u -> records=1 epg=0
2026-09-22 08:18:58,806 | INFO | SOURCE 414/1283: https://iptv-org.github.io/iptv/cities/usoak.m3u -> records=1 epg=0
2026-09-22 08:18:58,806 | INFO | SOURCE 415/1283: https://iptv-org.github.io/iptv/cities/uspfq.m3u -> records=1 epg=0
2026-09-22 08:18:58,806 | INFO | SOURCE 416/1283: https://iptv-org.github.io/iptv/cities/ussat.m3u -> records=3 epg=0
2026-09-22 08:18:58,806 | INFO | SOURCE 417/1283: https://iptv-org.github.io/iptv/cities/usril.m3u -> records=1 epg=0
2026-09-22 08:18:58,807 | INFO | SOURCE 418/1283: https://iptv-org.github.io/iptv/cities/usnyc.m3u -> records=7 epg=0
2026-09-22 08:18:58,807 | INFO | SOURCE 419/1283: https://iptv-org.github.io/iptv/cities/uspvd.m3u -> records=1 epg=0
2026-09-22 08:18:58,807 | INFO | SOURCE 420/1283: https://iptv-org.github.io/iptv/cities/usp2c.m3u -> records=2 epg=0
2026-09-22 08:18:58,807 | INFO | SOURCE 421/1283: https://iptv-org.github.io/iptv/cities/ussac.m3u -> records=3 epg=0
2026-09-22 08:18:58,807 | INFO | SOURCE 422/1283: https://iptv-org.github.io/iptv/cities/usric.m3u -> records=1 epg=0
2026-09-22 08:18:58,808 | INFO | SOURCE 423/1283: https://iptv-org.github.io/iptv/cities/uspbi.m3u -> records=3 epg=0
2026-09-22 08:18:58,808 | INFO | SOURCE 424/1283: https://iptv-org.github.io/iptv/cities/usral.m3u -> records=1 epg=0
2026-09-22 08:18:58,808 | INFO | SOURCE 425/1283: https://iptv-org.github.io/iptv/cities/uspdx.m3u -> records=1 epg=0
2026-09-22 08:18:58,808 | INFO | SOURCE 426/1283: https://iptv-org.github.io/iptv/cities/usokc.m3u -> records=2 epg=0
2026-09-22 08:18:58,808 | INFO | SOURCE 427/1283: https://iptv-org.github.io/iptv/cities/usrkv.m3u -> records=2 epg=0
2026-09-22 08:18:58,809 | INFO | SOURCE 428/1283: https://iptv-org.github.io/iptv/cities/ussbn.m3u -> records=1 epg=0
2026-09-22 08:18:58,809 | INFO | SOURCE 429/1283: https://iptv-org.github.io/iptv/cities/uspzl.m3u -> records=1 epg=0
2026-09-22 08:18:58,809 | INFO | SOURCE 430/1283: https://iptv-org.github.io/iptv/cities/usont.m3u -> records=2 epg=0
2026-09-22 08:18:58,810 | INFO | SOURCE 431/1283: https://iptv-org.github.io/iptv/cities/ussfo.m3u -> records=5 epg=0
2026-09-22 08:18:58,810 | INFO | SOURCE 432/1283: https://iptv-org.github.io/iptv/cities/ussbt.m3u -> records=1 epg=0
2026-09-22 08:18:58,810 | INFO | SOURCE 433/1283: https://iptv-org.github.io/iptv/cities/usnak.m3u -> records=3 epg=0
2026-09-22 08:18:58,811 | INFO | SOURCE 434/1283: https://iptv-org.github.io/iptv/cities/usoaj.m3u -> records=1 epg=0
2026-09-22 08:18:58,811 | INFO | SOURCE 435/1283: https://iptv-org.github.io/iptv/cities/ussck.m3u -> records=1 epg=0
2026-09-22 08:18:58,811 | INFO | SOURCE 436/1283: https://iptv-org.github.io/iptv/cities/usphx.m3u -> records=3 epg=0
2026-09-22 08:18:58,811 | INFO | SOURCE 437/1283: https://iptv-org.github.io/iptv/cities/uspat.m3u -> records=1 epg=0
2026-09-22 08:18:58,811 | INFO | SOURCE 438/1283: https://iptv-org.github.io/iptv/cities/usrok.m3u -> records=1 epg=0
2026-09-22 08:18:58,811 | INFO | SOURCE 439/1283: https://iptv-org.github.io/iptv/cities/usdmo.m3u -> records=1 epg=0
2026-09-22 08:18:58,811 | INFO | SOURCE 440/1283: https://iptv-org.github.io/iptv/cities/ussmo.m3u -> records=1 epg=0
2026-09-22 08:18:58,812 | INFO | SOURCE 441/1283: https://iptv-org.github.io/iptv/cities/uspbf.m3u -> records=1 epg=0
2026-09-22 08:18:58,812 | INFO | SOURCE 442/1283: https://iptv-org.github.io/iptv/cities/usrdg.m3u -> records=1 epg=0
2026-09-22 08:18:58,813 | INFO | SOURCE 443/1283: https://iptv-org.github.io/iptv/cities/usogg.m3u -> records=3 epg=0
2026-09-22 08:18:58,817 | INFO | SOURCE 444/1283: https://iptv-org.github.io/iptv/cities/ussea.m3u -> records=2 epg=0
2026-09-22 08:18:58,817 | INFO | SOURCE 445/1283: https://iptv-org.github.io/iptv/cities/ussmx.m3u -> records=3 epg=0
2026-09-22 08:18:58,818 | INFO | SOURCE 446/1283: https://iptv-org.github.io/iptv/cities/usppm.m3u -> records=1 epg=0
2026-09-22 08:18:58,820 | INFO | SOURCE 447/1283: https://iptv-org.github.io/iptv/cities/ussan.m3u -> records=3 epg=0
2026-09-22 08:18:58,826 | INFO | SOURCE 448/1283: https://iptv-org.github.io/iptv/cities/usroc.m3u -> records=1 epg=0
2026-09-22 08:18:58,826 | INFO | SOURCE 449/1283: https://iptv-org.github.io/iptv/cities/uspqc.m3u -> records=2 epg=0
2026-09-22 08:18:58,827 | INFO | SOURCE 450/1283: https://iptv-org.github.io/iptv/cities/usorl.m3u -> records=2 epg=0
2026-09-22 08:18:58,828 | INFO | SOURCE 451/1283: https://iptv-org.github.io/iptv/cities/usszg.m3u -> records=1 epg=0
2026-09-22 08:18:58,830 | INFO | SOURCE 452/1283: https://iptv-org.github.io/iptv/cities/ussru.m3u -> records=3 epg=0
2026-09-22 08:18:58,831 | INFO | SOURCE 453/1283: https://iptv-org.github.io/iptv/cities/ussby.m3u -> records=1 epg=0
2026-09-22 08:18:58,833 | INFO | SOURCE 454/1283: https://iptv-org.github.io/iptv/cities/uspao.m3u -> records=5 epg=0
2026-09-22 08:18:58,837 | INFO | SOURCE 455/1283: https://iptv-org.github.io/iptv/countries/ad.m3u -> records=8 epg=0
2026-09-22 08:18:58,840 | INFO | SOURCE 456/1283: https://iptv-org.github.io/iptv/cities/ussnk.m3u -> records=1 epg=0
2026-09-22 08:18:58,840 | INFO | SOURCE 457/1283: https://iptv-org.github.io/iptv/cities/ussjj.m3u -> records=1 epg=0
2026-09-22 08:18:58,841 | INFO | SOURCE 458/1283: https://iptv-org.github.io/iptv/cities/ustol.m3u -> records=1 epg=0
2026-09-22 08:18:58,843 | INFO | SOURCE 459/1283: https://iptv-org.github.io/iptv/cities/ussuu.m3u -> records=1 epg=0
2026-09-22 08:18:58,860 | INFO | SOURCE 460/1283: https://iptv-org.github.io/iptv/cities/ussor.m3u -> records=1 epg=0
2026-09-22 08:18:58,860 | INFO | SOURCE 461/1283: https://iptv-org.github.io/iptv/cities/usrcu.m3u -> records=1 epg=0
2026-09-22 08:18:58,860 | INFO | SOURCE 462/1283: https://iptv-org.github.io/iptv/countries/ar.m3u -> records=176 epg=0
2026-09-22 08:18:58,860 | INFO | SOURCE 463/1283: https://iptv-org.github.io/iptv/cities/ussjc.m3u -> records=5 epg=0
2026-09-22 08:18:58,865 | INFO | SOURCE 464/1283: https://iptv-org.github.io/iptv/countries/bd.m3u -> records=41 epg=0
2026-09-22 08:18:58,865 | INFO | SOURCE 465/1283: https://iptv-org.github.io/iptv/cities/ustlh.m3u -> records=2 epg=0
2026-09-22 08:18:58,865 | INFO | SOURCE 466/1283: https://iptv-org.github.io/iptv/cities/ustiw.m3u -> records=1 epg=0
2026-09-22 08:18:58,869 | INFO | SOURCE 467/1283: https://iptv-org.github.io/iptv/cities/ustvc.m3u -> records=1 epg=0
2026-09-22 08:18:58,869 | INFO | SOURCE 468/1283: https://iptv-org.github.io/iptv/cities/ussfb.m3u -> records=1 epg=0
2026-09-22 08:18:58,869 | INFO | SOURCE 469/1283: https://iptv-org.github.io/iptv/cities/usslc.m3u -> records=1 epg=0
2026-09-22 08:18:58,870 | INFO | SOURCE 470/1283: https://iptv-org.github.io/iptv/cities/usspi.m3u -> records=2 epg=0
2026-09-22 08:18:58,873 | INFO | SOURCE 471/1283: https://iptv-org.github.io/iptv/countries/aw.m3u -> records=12 epg=0
2026-09-22 08:18:58,873 | INFO | SOURCE 472/1283: https://iptv-org.github.io/iptv/cities/usstz.m3u -> records=1 epg=0
2026-09-22 08:18:58,880 | INFO | SOURCE 473/1283: https://iptv-org.github.io/iptv/countries/au.m3u -> records=74 epg=0
2026-09-22 08:18:58,880 | INFO | SOURCE 474/1283: https://iptv-org.github.io/iptv/cities/usttn.m3u -> records=1 epg=0
2026-09-22 08:18:58,885 | INFO | SOURCE 475/1283: https://iptv-org.github.io/iptv/countries/bn.m3u -> records=5 epg=0
2026-09-22 08:18:58,885 | INFO | SOURCE 476/1283: https://iptv-org.github.io/iptv/cities/usvlo.m3u -> records=1 epg=0
2026-09-22 08:18:58,885 | INFO | SOURCE 477/1283: https://iptv-org.github.io/iptv/cities/ustul.m3u -> records=1 epg=0
2026-09-22 08:18:58,889 | INFO | SOURCE 478/1283: https://iptv-org.github.io/iptv/cities/uswhr.m3u -> records=1 epg=0
2026-09-22 08:18:58,891 | INFO | SOURCE 479/1283: https://iptv-org.github.io/iptv/cities/ustmc.m3u -> records=1 epg=0
2026-09-22 08:18:58,909 | INFO | SOURCE 480/1283: https://iptv-org.github.io/iptv/cities/usubs.m3u -> records=1 epg=0
2026-09-22 08:18:58,909 | INFO | SOURCE 481/1283: https://iptv-org.github.io/iptv/cities/usstp.m3u -> records=1 epg=0
2026-09-22 08:18:58,909 | INFO | SOURCE 482/1283: https://iptv-org.github.io/iptv/cities/usssk.m3u -> records=1 epg=0
2026-09-22 08:18:58,909 | INFO | SOURCE 483/1283: https://iptv-org.github.io/iptv/cities/uswct.m3u -> records=2 epg=0
2026-09-22 08:18:58,909 | INFO | SOURCE 484/1283: https://iptv-org.github.io/iptv/cities/uspit.m3u -> records=1 epg=0
2026-09-22 08:18:58,909 | INFO | SOURCE 485/1283: https://iptv-org.github.io/iptv/cities/uswai.m3u -> records=2 epg=0
2026-09-22 08:18:58,914 | INFO | SOURCE 486/1283: https://iptv-org.github.io/iptv/cities/ustht.m3u -> records=1 epg=0
2026-09-22 08:18:58,914 | INFO | SOURCE 487/1283: https://iptv-org.github.io/iptv/cities/usvbr.m3u -> records=2 epg=0
2026-09-22 08:18:58,914 | INFO | SOURCE 488/1283: https://iptv-org.github.io/iptv/countries/bg.m3u -> records=74 epg=0
2026-09-22 08:18:58,914 | INFO | SOURCE 489/1283: https://iptv-org.github.io/iptv/cities/usxlu.m3u -> records=1 epg=0
2026-09-22 08:18:58,914 | INFO | SOURCE 490/1283: https://iptv-org.github.io/iptv/cities/ustuz.m3u -> records=1 epg=0
2026-09-22 08:18:58,914 | INFO | SOURCE 491/1283: https://iptv-org.github.io/iptv/cities/usuyj.m3u -> records=1 epg=0
2026-09-22 08:18:58,914 | INFO | SOURCE 492/1283: https://iptv-org.github.io/iptv/countries/bs.m3u -> records=4 epg=0
2026-09-22 08:18:58,914 | INFO | SOURCE 493/1283: https://iptv-org.github.io/iptv/cities/ussns.m3u -> records=1 epg=0
2026-09-22 08:18:58,918 | INFO | SOURCE 494/1283: https://iptv-org.github.io/iptv/countries/ci.m3u -> records=19 epg=0
2026-09-22 08:18:58,920 | INFO | SOURCE 495/1283: https://iptv-org.github.io/iptv/cities/ustpa.m3u -> records=3 epg=0
2026-09-22 08:18:58,924 | INFO | SOURCE 496/1283: https://iptv-org.github.io/iptv/countries/af.m3u -> records=24 epg=0
2026-09-22 08:18:58,924 | INFO | SOURCE 497/1283: https://iptv-org.github.io/iptv/cities/uswas.m3u -> records=5 epg=0
2026-09-22 08:18:58,934 | INFO | SOURCE 498/1283: https://iptv-org.github.io/iptv/cities/usvis.m3u -> records=1 epg=0
2026-09-22 08:18:58,937 | INFO | SOURCE 499/1283: https://iptv-org.github.io/iptv/cities/usxfr.m3u -> records=1 epg=0
2026-09-22 08:18:58,937 | INFO | SOURCE 500/1283: https://iptv-org.github.io/iptv/cities/vemyc.m3u -> records=1 epg=0
2026-09-22 08:18:58,937 | INFO | SOURCE 501/1283: https://iptv-org.github.io/iptv/cities/uswwu.m3u -> records=1 epg=0
2026-09-22 08:18:58,937 | INFO | SOURCE 502/1283: https://iptv-org.github.io/iptv/countries/cm.m3u -> records=15 epg=0
2026-09-22 08:18:58,937 | INFO | SOURCE 503/1283: https://iptv-org.github.io/iptv/cities/uswmx.m3u -> records=1 epg=0
2026-09-22 08:18:58,945 | INFO | SOURCE 504/1283: https://iptv-org.github.io/iptv/cities/usuyk.m3u -> records=1 epg=0
2026-09-22 08:18:58,945 | INFO | SOURCE 505/1283: https://iptv-org.github.io/iptv/cities/usyum.m3u -> records=3 epg=0
2026-09-22 08:18:58,945 | INFO | SOURCE 506/1283: https://iptv-org.github.io/iptv/countries/bt.m3u -> records=1 epg=0
2026-09-22 08:18:58,945 | INFO | SOURCE 507/1283: https://iptv-org.github.io/iptv/countries/bf.m3u -> records=6 epg=0
2026-09-22 08:18:58,945 | INFO | SOURCE 508/1283: https://iptv-org.github.io/iptv/countries/cy.m3u -> records=16 epg=0
2026-09-22 08:18:58,949 | INFO | SOURCE 509/1283: https://iptv-org.github.io/iptv/cities/uswko.m3u -> records=2 epg=0
2026-09-22 08:18:58,949 | INFO | SOURCE 510/1283: https://iptv-org.github.io/iptv/countries/bq.m3u -> records=6 epg=0
2026-09-22 08:18:58,951 | INFO | SOURCE 511/1283: https://iptv-org.github.io/iptv/countries/ao.m3u -> records=3 epg=0
2026-09-22 08:18:58,956 | INFO | SOURCE 512/1283: https://iptv-org.github.io/iptv/countries/cw.m3u -> records=5 epg=0
2026-09-22 08:18:58,956 | INFO | SOURCE 513/1283: https://iptv-org.github.io/iptv/cities/usxmg.m3u -> records=1 epg=0
2026-09-22 08:18:58,956 | INFO | SOURCE 514/1283: https://iptv-org.github.io/iptv/cities/usxfx.m3u -> records=1 epg=0
2026-09-22 08:18:58,956 | INFO | SOURCE 515/1283: https://iptv-org.github.io/iptv/countries/az.m3u -> records=18 epg=0
2026-09-22 08:18:58,969 | INFO | SOURCE 516/1283: https://iptv-org.github.io/iptv/cities/uszgv.m3u -> records=1 epg=0
2026-09-22 08:18:58,969 | INFO | SOURCE 517/1283: https://iptv-org.github.io/iptv/countries/ge.m3u -> records=22 epg=0
2026-09-22 08:18:58,969 | INFO | SOURCE 518/1283: https://iptv-org.github.io/iptv/countries/ba.m3u -> records=20 epg=0
2026-09-22 08:18:58,969 | INFO | SOURCE 519/1283: https://iptv-org.github.io/iptv/countries/et.m3u -> records=4 epg=0
2026-09-22 08:18:58,970 | INFO | SOURCE 520/1283: https://iptv-org.github.io/iptv/countries/al.m3u -> records=28 epg=0
2026-09-22 08:18:58,970 | INFO | SOURCE 521/1283: https://iptv-org.github.io/iptv/countries/bz.m3u -> records=2 epg=0
2026-09-22 08:18:58,970 | INFO | SOURCE 522/1283: https://iptv-org.github.io/iptv/countries/gg.m3u -> records=1 epg=0
2026-09-22 08:18:58,974 | INFO | SOURCE 523/1283: https://iptv-org.github.io/iptv/countries/cd.m3u -> records=16 epg=0
2026-09-22 08:18:58,978 | INFO | SOURCE 524/1283: https://iptv-org.github.io/iptv/countries/ae.m3u -> records=19 epg=0
2026-09-22 08:18:58,978 | INFO | SOURCE 525/1283: https://iptv-org.github.io/iptv/countries/am.m3u -> records=8 epg=0
2026-09-22 08:18:58,998 | INFO | SOURCE 526/1283: https://iptv-org.github.io/iptv/countries/bb.m3u -> records=1 epg=0
2026-09-22 08:18:58,998 | INFO | SOURCE 527/1283: https://iptv-org.github.io/iptv/countries/ag.m3u -> records=1 epg=0
2026-09-22 08:18:58,998 | INFO | SOURCE 528/1283: https://iptv-org.github.io/iptv/countries/cg.m3u -> records=5 epg=0
2026-09-22 08:18:59,008 | INFO | SOURCE 529/1283: https://iptv-org.github.io/iptv/countries/by.m3u -> records=23 epg=0
2026-09-22 08:18:59,008 | INFO | SOURCE 530/1283: https://iptv-org.github.io/iptv/countries/ee.m3u -> records=26 epg=0
2026-09-22 08:18:59,008 | INFO | SOURCE 531/1283: https://iptv-org.github.io/iptv/countries/bj.m3u -> records=9 epg=0
2026-09-22 08:18:59,008 | INFO | SOURCE 532/1283: https://iptv-org.github.io/iptv/countries/at.m3u -> records=134 epg=0
2026-09-22 08:18:59,025 | INFO | SOURCE 533/1283: https://iptv-org.github.io/iptv/countries/er.m3u -> records=1 epg=0
2026-09-22 08:18:59,029 | INFO | SOURCE 534/1283: https://iptv-org.github.io/iptv/countries/dz.m3u -> records=8 epg=0
2026-09-22 08:18:59,036 | INFO | SOURCE 535/1283: https://iptv-org.github.io/iptv/countries/gq.m3u -> records=2 epg=0
2026-09-22 08:18:59,036 | INFO | SOURCE 536/1283: https://iptv-org.github.io/iptv/countries/fi.m3u -> records=26 epg=0
2026-09-22 08:18:59,037 | INFO | SOURCE 537/1283: https://iptv-org.github.io/iptv/countries/cv.m3u -> records=1 epg=0
2026-09-22 08:18:59,037 | INFO | SOURCE 538/1283: https://iptv-org.github.io/iptv/countries/ch.m3u -> records=149 epg=0
2026-09-22 08:18:59,039 | INFO | SOURCE 539/1283: https://iptv-org.github.io/iptv/countries/gr.m3u -> records=71 epg=0
2026-09-22 08:18:59,039 | INFO | SOURCE 540/1283: https://iptv-org.github.io/iptv/countries/gy.m3u -> records=8 epg=0
2026-09-22 08:18:59,039 | INFO | SOURCE 541/1283: https://iptv-org.github.io/iptv/countries/jm.m3u -> records=7 epg=0
2026-09-22 08:18:59,077 | INFO | SOURCE 542/1283: https://iptv-org.github.io/iptv/countries/gu.m3u -> records=2 epg=0
2026-09-22 08:18:59,077 | INFO | SOURCE 543/1283: https://iptv-org.github.io/iptv/countries/kh.m3u -> records=27 epg=0
2026-09-22 08:18:59,077 | INFO | SOURCE 544/1283: https://iptv-org.github.io/iptv/countries/gp.m3u -> records=5 epg=0
2026-09-22 08:18:59,078 | INFO | SOURCE 545/1283: https://iptv-org.github.io/iptv/countries/gh.m3u -> records=11 epg=0
2026-09-22 08:18:59,090 | INFO | SOURCE 546/1283: https://iptv-org.github.io/iptv/countries/cu.m3u -> records=2 epg=0
2026-09-22 08:18:59,090 | INFO | SOURCE 547/1283: https://iptv-org.github.io/iptv/countries/eh.m3u -> records=1 epg=0
2026-09-22 08:18:59,090 | INFO | SOURCE 548/1283: https://iptv-org.github.io/iptv/countries/cr.m3u -> records=65 epg=0
2026-09-22 08:18:59,090 | INFO | SOURCE 549/1283: https://iptv-org.github.io/iptv/countries/be.m3u -> records=47 epg=0
2026-09-22 08:18:59,111 | INFO | SOURCE 550/1283: https://iptv-org.github.io/iptv/countries/eg.m3u -> records=19 epg=0
2026-09-22 08:18:59,111 | INFO | SOURCE 551/1283: https://iptv-org.github.io/iptv/countries/kg.m3u -> records=8 epg=0
2026-09-22 08:18:59,125 | INFO | SOURCE 552/1283: https://iptv-org.github.io/iptv/countries/gm.m3u -> records=1 epg=0
2026-09-22 08:18:59,125 | INFO | SOURCE 553/1283: https://iptv-org.github.io/iptv/countries/gf.m3u -> records=1 epg=0
2026-09-22 08:18:59,125 | INFO | SOURCE 554/1283: https://iptv-org.github.io/iptv/countries/hr.m3u -> records=29 epg=0
2026-09-22 08:18:59,125 | INFO | SOURCE 555/1283: https://iptv-org.github.io/iptv/countries/co.m3u -> records=117 epg=0
2026-09-22 08:18:59,125 | INFO | SOURCE 556/1283: https://iptv-org.github.io/iptv/countries/iq.m3u -> records=59 epg=0
2026-09-22 08:18:59,125 | INFO | SOURCE 557/1283: https://iptv-org.github.io/iptv/countries/cn.m3u -> records=143 epg=0
2026-09-22 08:18:59,125 | INFO | SOURCE 558/1283: https://iptv-org.github.io/iptv/countries/km.m3u -> records=1 epg=0
2026-09-22 08:18:59,169 | INFO | SOURCE 559/1283: https://iptv-org.github.io/iptv/countries/gn.m3u -> records=5 epg=0
2026-09-22 08:18:59,193 | INFO | SOURCE 560/1283: https://iptv-org.github.io/iptv/countries/lk.m3u -> records=17 epg=0
2026-09-22 08:18:59,288 | INFO | SOURCE 561/1283: https://iptv-org.github.io/iptv/countries/hk.m3u -> records=18 epg=0
2026-09-22 08:18:59,302 | INFO | SOURCE 562/1283: https://iptv-org.github.io/iptv/countries/bh.m3u -> records=4 epg=0
2026-09-22 08:18:59,302 | INFO | SOURCE 563/1283: https://iptv-org.github.io/iptv/countries/is.m3u -> records=6 epg=0
2026-09-22 08:18:59,302 | INFO | SOURCE 564/1283: https://iptv-org.github.io/iptv/countries/jp.m3u -> records=7 epg=0
2026-09-22 08:18:59,302 | INFO | SOURCE 565/1283: https://iptv-org.github.io/iptv/countries/jo.m3u -> records=19 epg=0
2026-09-22 08:18:59,385 | INFO | SOURCE 566/1283: https://iptv-org.github.io/iptv/countries/de.m3u -> records=301 epg=0
2026-09-22 08:18:59,415 | INFO | SOURCE 567/1283: https://iptv-org.github.io/iptv/countries/kw.m3u -> records=11 epg=0
2026-09-22 08:18:59,419 | INFO | SOURCE 568/1283: https://iptv-org.github.io/iptv/countries/li.m3u -> records=2 epg=0
2026-09-22 08:18:59,469 | INFO | SOURCE 569/1283: https://iptv-org.github.io/iptv/countries/hn.m3u -> records=76 epg=0
2026-09-22 08:18:59,469 | INFO | SOURCE 570/1283: https://iptv-org.github.io/iptv/countries/il.m3u -> records=37 epg=0
2026-09-22 08:18:59,469 | INFO | SOURCE 571/1283: https://iptv-org.github.io/iptv/countries/ht.m3u -> records=27 epg=0
2026-09-22 08:18:59,469 | INFO | SOURCE 572/1283: https://iptv-org.github.io/iptv/countries/la.m3u -> records=12 epg=0
2026-09-22 08:18:59,469 | INFO | SOURCE 573/1283: https://iptv-org.github.io/iptv/countries/kn.m3u -> records=3 epg=0
2026-09-22 08:18:59,469 | INFO | SOURCE 574/1283: https://iptv-org.github.io/iptv/countries/lt.m3u -> records=25 epg=0
2026-09-22 08:18:59,469 | INFO | SOURCE 575/1283: https://iptv-org.github.io/iptv/countries/gt.m3u -> records=64 epg=0
2026-09-22 08:18:59,469 | INFO | SOURCE 576/1283: https://iptv-org.github.io/iptv/countries/ke.m3u -> records=38 epg=0
2026-09-22 08:18:59,469 | INFO | SOURCE 577/1283: https://iptv-org.github.io/iptv/countries/mt.m3u -> records=7 epg=0
2026-09-22 08:18:59,469 | INFO | SOURCE 578/1283: https://iptv-org.github.io/iptv/countries/mo.m3u -> records=7 epg=0
2026-09-22 08:18:59,469 | INFO | SOURCE 579/1283: https://iptv-org.github.io/iptv/countries/dk.m3u -> records=154 epg=0
2026-09-22 08:18:59,470 | INFO | SOURCE 580/1283: https://iptv-org.github.io/iptv/countries/it.m3u -> records=320 epg=0
2026-09-22 08:18:59,470 | INFO | SOURCE 581/1283: https://iptv-org.github.io/iptv/countries/mk.m3u -> records=28 epg=0
2026-09-22 08:18:59,470 | INFO | SOURCE 582/1283: https://iptv-org.github.io/iptv/countries/ml.m3u -> records=4 epg=0
2026-09-22 08:18:59,470 | INFO | SOURCE 583/1283: https://iptv-org.github.io/iptv/countries/mq.m3u -> records=6 epg=0
2026-09-22 08:18:59,470 | INFO | SOURCE 584/1283: https://iptv-org.github.io/iptv/countries/es.m3u -> records=337 epg=0
2026-09-22 08:18:59,471 | INFO | SOURCE 585/1283: https://iptv-org.github.io/iptv/countries/me.m3u -> records=8 epg=0
2026-09-22 08:18:59,478 | INFO | SOURCE 586/1283: https://iptv-org.github.io/iptv/countries/kr.m3u -> records=73 epg=0
2026-09-22 08:18:59,483 | INFO | SOURCE 587/1283: https://iptv-org.github.io/iptv/countries/ir.m3u -> records=184 epg=0
2026-09-22 08:18:59,486 | INFO | SOURCE 588/1283: https://iptv-org.github.io/iptv/countries/ie.m3u -> records=86 epg=0
2026-09-22 08:18:59,488 | INFO | SOURCE 589/1283: https://iptv-org.github.io/iptv/countries/bo.m3u -> records=85 epg=0
2026-09-22 08:18:59,488 | INFO | SOURCE 590/1283: https://iptv-org.github.io/iptv/countries/lc.m3u -> records=2 epg=0
2026-09-22 08:18:59,488 | INFO | SOURCE 591/1283: https://iptv-org.github.io/iptv/countries/ly.m3u -> records=6 epg=0
2026-09-22 08:18:59,488 | INFO | SOURCE 592/1283: https://iptv-org.github.io/iptv/countries/mr.m3u -> records=1 epg=0
2026-09-22 08:18:59,488 | INFO | SOURCE 593/1283: https://iptv-org.github.io/iptv/countries/ma.m3u -> records=12 epg=0
2026-09-22 08:18:59,493 | INFO | SOURCE 594/1283: https://iptv-org.github.io/iptv/countries/pg.m3u -> records=1 epg=0
2026-09-22 08:18:59,493 | INFO | SOURCE 595/1283: https://iptv-org.github.io/iptv/countries/fr.m3u -> records=214 epg=0
2026-09-22 08:18:59,493 | INFO | SOURCE 596/1283: https://iptv-org.github.io/iptv/countries/ph.m3u -> records=19 epg=0
2026-09-22 08:18:59,493 | INFO | SOURCE 597/1283: https://iptv-org.github.io/iptv/countries/br.m3u -> records=386 epg=0
2026-09-22 08:18:59,494 | INFO | SOURCE 598/1283: https://iptv-org.github.io/iptv/countries/ec.m3u -> records=96 epg=0
2026-09-22 08:18:59,494 | INFO | SOURCE 599/1283: https://iptv-org.github.io/iptv/countries/mm.m3u -> records=18 epg=0
2026-09-22 08:18:59,494 | INFO | SOURCE 600/1283: https://iptv-org.github.io/iptv/countries/md.m3u -> records=31 epg=0
2026-09-22 08:18:59,494 | INFO | SOURCE 601/1283: https://iptv-org.github.io/iptv/countries/lb.m3u -> records=31 epg=0
2026-09-22 08:18:59,494 | INFO | SOURCE 602/1283: https://iptv-org.github.io/iptv/countries/np.m3u -> records=20 epg=0
2026-09-22 08:18:59,494 | INFO | SOURCE 603/1283: https://iptv-org.github.io/iptv/countries/kp.m3u -> records=4 epg=0
2026-09-22 08:18:59,494 | INFO | SOURCE 604/1283: https://iptv-org.github.io/iptv/countries/mv.m3u -> records=11 epg=0
2026-09-22 08:18:59,494 | INFO | SOURCE 605/1283: https://iptv-org.github.io/iptv/countries/lv.m3u -> records=25 epg=0
2026-09-22 08:18:59,494 | INFO | SOURCE 606/1283: https://iptv-org.github.io/iptv/countries/na.m3u -> records=2 epg=0
2026-09-22 08:18:59,494 | INFO | SOURCE 607/1283: https://iptv-org.github.io/iptv/countries/mc.m3u -> records=4 epg=0
2026-09-22 08:18:59,494 | INFO | SOURCE 608/1283: https://iptv-org.github.io/iptv/countries/ni.m3u -> records=19 epg=0
2026-09-22 08:18:59,507 | INFO | SOURCE 609/1283: https://iptv-org.github.io/iptv/countries/do.m3u -> records=255 epg=0
2026-09-22 08:18:59,507 | INFO | SOURCE 610/1283: https://iptv-org.github.io/iptv/countries/mz.m3u -> records=5 epg=0
2026-09-22 08:18:59,507 | INFO | SOURCE 611/1283: https://iptv-org.github.io/iptv/countries/pa.m3u -> records=25 epg=0
2026-09-22 08:18:59,507 | INFO | SOURCE 612/1283: https://iptv-org.github.io/iptv/countries/mn.m3u -> records=38 epg=0
2026-09-22 08:18:59,507 | INFO | SOURCE 613/1283: https://iptv-org.github.io/iptv/countries/om.m3u -> records=5 epg=0
2026-09-22 08:18:59,507 | INFO | SOURCE 614/1283: https://iptv-org.github.io/iptv/countries/re.m3u -> records=1 epg=0
2026-09-22 08:18:59,508 | INFO | SOURCE 615/1283: https://iptv-org.github.io/iptv/countries/id.m3u -> records=175 epg=0
2026-09-22 08:18:59,508 | INFO | SOURCE 616/1283: https://iptv-org.github.io/iptv/countries/lu.m3u -> records=14 epg=0
2026-09-22 08:18:59,508 | INFO | SOURCE 617/1283: https://iptv-org.github.io/iptv/countries/ne.m3u -> records=6 epg=0
2026-09-22 08:18:59,508 | INFO | SOURCE 618/1283: https://iptv-org.github.io/iptv/countries/so.m3u -> records=7 epg=0
2026-09-22 08:18:59,508 | INFO | SOURCE 619/1283: https://iptv-org.github.io/iptv/countries/qa.m3u -> records=10 epg=0
2026-09-22 08:18:59,508 | INFO | SOURCE 620/1283: https://iptv-org.github.io/iptv/countries/my.m3u -> records=22 epg=0
2026-09-22 08:18:59,523 | INFO | SOURCE 621/1283: https://iptv-org.github.io/iptv/countries/kz.m3u -> records=49 epg=0
2026-09-22 08:18:59,523 | INFO | SOURCE 622/1283: https://iptv-org.github.io/iptv/countries/tw.m3u -> records=25 epg=0
2026-09-22 08:18:59,523 | INFO | SOURCE 623/1283: https://iptv-org.github.io/iptv/countries/cz.m3u -> records=85 epg=0
2026-09-22 08:18:59,531 | INFO | SOURCE 624/1283: https://iptv-org.github.io/iptv/countries/mu.m3u -> records=2 epg=0
2026-09-22 08:18:59,531 | INFO | SOURCE 625/1283: https://iptv-org.github.io/iptv/countries/pf.m3u -> records=2 epg=0
2026-09-22 08:18:59,531 | INFO | SOURCE 626/1283: https://iptv-org.github.io/iptv/countries/sa.m3u -> records=53 epg=0
2026-09-22 08:18:59,531 | INFO | SOURCE 627/1283: https://iptv-org.github.io/iptv/countries/in.m3u -> records=741 epg=0
2026-09-22 08:18:59,531 | INFO | SOURCE 628/1283: https://iptv-org.github.io/iptv/countries/sd.m3u -> records=3 epg=0
2026-09-22 08:18:59,531 | INFO | SOURCE 629/1283: https://iptv-org.github.io/iptv/countries/nz.m3u -> records=27 epg=0
2026-09-22 08:18:59,541 | INFO | SOURCE 630/1283: https://iptv-org.github.io/iptv/countries/mg.m3u -> records=1 epg=0
2026-09-22 08:18:59,541 | INFO | SOURCE 631/1283: https://iptv-org.github.io/iptv/countries/sr.m3u -> records=2 epg=0
2026-09-22 08:18:59,541 | INFO | SOURCE 632/1283: https://iptv-org.github.io/iptv/countries/rw.m3u -> records=8 epg=0
2026-09-22 08:18:59,541 | INFO | SOURCE 633/1283: https://iptv-org.github.io/iptv/countries/ps.m3u -> records=19 epg=0
2026-09-22 08:18:59,542 | INFO | SOURCE 634/1283: https://iptv-org.github.io/iptv/countries/sm.m3u -> records=3 epg=0
2026-09-22 08:18:59,542 | INFO | SOURCE 635/1283: https://iptv-org.github.io/iptv/countries/pt.m3u -> records=62 epg=0
2026-09-22 08:18:59,542 | INFO | SOURCE 636/1283: https://iptv-org.github.io/iptv/countries/ng.m3u -> records=53 epg=0
2026-09-22 08:18:59,621 | INFO | SOURCE 637/1283: https://iptv-org.github.io/iptv/countries/ug.m3u -> records=21 epg=0
2026-09-22 08:18:59,621 | INFO | SOURCE 638/1283: https://iptv-org.github.io/iptv/countries/tz.m3u -> records=8 epg=0
2026-09-22 08:18:59,621 | INFO | SOURCE 639/1283: https://iptv-org.github.io/iptv/countries/td.m3u -> records=1 epg=0
2026-09-22 08:18:59,622 | INFO | SOURCE 640/1283: https://iptv-org.github.io/iptv/countries/zw.m3u -> records=1 epg=0
2026-09-22 08:18:59,622 | INFO | SOURCE 641/1283: https://iptv-org.github.io/iptv/countries/sy.m3u -> records=11 epg=0
2026-09-22 08:18:59,622 | INFO | SOURCE 642/1283: https://iptv-org.github.io/iptv/countries/tm.m3u -> records=8 epg=0
2026-09-22 08:18:59,684 | INFO | SOURCE 643/1283: https://iptv-org.github.io/iptv/countries/hu.m3u -> records=143 epg=0
2026-09-22 08:18:59,699 | INFO | SOURCE 644/1283: https://iptv-org.github.io/iptv/countries/sl.m3u -> records=1 epg=0
2026-09-22 08:18:59,699 | INFO | SOURCE 645/1283: https://iptv-org.github.io/iptv/countries/tg.m3u -> records=11 epg=0
2026-09-22 08:18:59,699 | INFO | SOURCE 646/1283: https://iptv-org.github.io/iptv/countries/ws.m3u -> records=1 epg=0
2026-09-22 08:18:59,699 | INFO | SOURCE 647/1283: https://iptv-org.github.io/iptv/countries/xk.m3u -> records=15 epg=0
2026-09-22 08:18:59,699 | INFO | SOURCE 648/1283: https://iptv-org.github.io/iptv/countries/pl.m3u -> records=90 epg=0
2026-09-22 08:18:59,699 | INFO | SOURCE 649/1283: https://iptv-org.github.io/iptv/countries/sg.m3u -> records=12 epg=0
2026-09-22 08:18:59,727 | INFO | SOURCE 650/1283: https://iptv-org.github.io/iptv/countries/tn.m3u -> records=5 epg=0
2026-09-22 08:18:59,758 | INFO | SOURCE 651/1283: https://iptv-org.github.io/iptv/countries/rs.m3u -> records=49 epg=0
2026-09-22 08:18:59,758 | INFO | SOURCE 652/1283: https://iptv-org.github.io/iptv/countries/tt.m3u -> records=6 epg=0
2026-09-22 08:18:59,767 | INFO | SOURCE 653/1283: https://iptv-org.github.io/iptv/countries/mx.m3u -> records=159 epg=0
2026-09-22 08:18:59,767 | INFO | SOURCE 654/1283: https://iptv-org.github.io/iptv/countries/pk.m3u -> records=103 epg=0
2026-09-22 08:18:59,787 | INFO | SOURCE 655/1283: https://iptv-org.github.io/iptv/countries/undefined.m3u -> records=0 epg=0
2026-09-22 08:18:59,791 | INFO | SOURCE 656/1283: https://iptv-org.github.io/iptv/countries/pr.m3u -> records=28 epg=0
2026-09-22 08:18:59,791 | INFO | SOURCE 657/1283: https://iptv-org.github.io/iptv/countries/za.m3u -> records=21 epg=0
2026-09-22 08:18:59,791 | INFO | SOURCE 658/1283: https://iptv-org.github.io/iptv/countries/si.m3u -> records=24 epg=0
2026-09-22 08:18:59,791 | INFO | SOURCE 659/1283: https://iptv-org.github.io/iptv/countries/no.m3u -> records=116 epg=0
2026-09-22 08:18:59,791 | INFO | SOURCE 660/1283: https://iptv-org.github.io/iptv/countries/sn.m3u -> records=16 epg=0
2026-09-22 08:18:59,791 | INFO | SOURCE 661/1283: https://iptv-org.github.io/iptv/languages/abk.m3u -> records=1 epg=0
2026-09-22 08:18:59,796 | INFO | SOURCE 662/1283: https://iptv-org.github.io/iptv/countries/tj.m3u -> records=14 epg=0
2026-09-22 08:18:59,796 | INFO | SOURCE 663/1283: https://iptv-org.github.io/iptv/countries/uy.m3u -> records=16 epg=0
2026-09-22 08:18:59,796 | INFO | SOURCE 664/1283: https://iptv-org.github.io/iptv/languages/ach.m3u -> records=1 epg=0
2026-09-22 08:18:59,796 | INFO | SOURCE 665/1283: https://iptv-org.github.io/iptv/countries/nl.m3u -> records=162 epg=0
2026-09-22 08:18:59,796 | INFO | SOURCE 666/1283: https://iptv-org.github.io/iptv/languages/alz.m3u -> records=1 epg=0
2026-09-22 08:18:59,796 | INFO | SOURCE 667/1283: https://iptv-org.github.io/iptv/countries/vc.m3u -> records=1 epg=0
2026-09-22 08:18:59,797 | INFO | SOURCE 668/1283: https://iptv-org.github.io/iptv/languages/arz.m3u -> records=1 epg=0
2026-09-22 08:18:59,797 | INFO | SOURCE 669/1283: https://iptv-org.github.io/iptv/countries/ye.m3u -> records=4 epg=0
2026-09-22 08:18:59,858 | INFO | SOURCE 670/1283: https://iptv-org.github.io/iptv/countries/vn.m3u -> records=81 epg=0
2026-09-22 08:18:59,858 | INFO | SOURCE 671/1283: https://iptv-org.github.io/iptv/countries/vg.m3u -> records=2 epg=0
2026-09-22 08:18:59,858 | INFO | SOURCE 672/1283: https://iptv-org.github.io/iptv/countries/pe.m3u -> records=189 epg=0
2026-09-22 08:18:59,917 | INFO | SOURCE 673/1283: https://iptv-org.github.io/iptv/languages/aym.m3u -> records=1 epg=0
2026-09-22 08:18:59,918 | INFO | SOURCE 674/1283: https://iptv-org.github.io/iptv/countries/py.m3u -> records=75 epg=0
2026-09-22 08:18:59,918 | INFO | SOURCE 675/1283: https://iptv-org.github.io/iptv/countries/sv.m3u -> records=36 epg=0
2026-09-22 08:18:59,918 | INFO | SOURCE 676/1283: https://iptv-org.github.io/iptv/languages/ayb.m3u -> records=1 epg=0
2026-09-22 08:18:59,918 | INFO | SOURCE 677/1283: https://iptv-org.github.io/iptv/languages/afr.m3u -> records=5 epg=0
2026-09-22 08:18:59,918 | INFO | SOURCE 678/1283: https://iptv-org.github.io/iptv/countries/int.m3u -> records=983 epg=0
2026-09-22 08:18:59,918 | INFO | SOURCE 679/1283: https://iptv-org.github.io/iptv/countries/th.m3u -> records=78 epg=0
2026-09-22 08:18:59,918 | INFO | SOURCE 680/1283: https://iptv-org.github.io/iptv/languages/asp.m3u -> records=1 epg=0
2026-09-22 08:18:59,918 | INFO | SOURCE 681/1283: https://iptv-org.github.io/iptv/countries/cl.m3u -> records=242 epg=0
2026-09-22 08:18:59,918 | INFO | SOURCE 682/1283: https://iptv-org.github.io/iptv/languages/bho.m3u -> records=11 epg=0
2026-09-22 08:18:59,918 | INFO | SOURCE 683/1283: https://iptv-org.github.io/iptv/languages/bak.m3u -> records=1 epg=0
2026-09-22 08:18:59,918 | INFO | SOURCE 684/1283: https://iptv-org.github.io/iptv/languages/acf.m3u -> records=1 epg=0
2026-09-22 08:18:59,925 | INFO | SOURCE 685/1283: https://iptv-org.github.io/iptv/countries/va.m3u -> records=2 epg=0
2026-09-22 08:18:59,925 | INFO | SOURCE 686/1283: https://iptv-org.github.io/iptv/countries/sx.m3u -> records=6 epg=0
2026-09-22 08:18:59,925 | INFO | SOURCE 687/1283: https://iptv-org.github.io/iptv/countries/uz.m3u -> records=33 epg=0
2026-09-22 08:18:59,925 | INFO | SOURCE 688/1283: https://iptv-org.github.io/iptv/languages/adh.m3u -> records=1 epg=0
2026-09-22 08:18:59,925 | INFO | SOURCE 689/1283: https://iptv-org.github.io/iptv/languages/aii.m3u -> records=1 epg=0
2026-09-22 08:18:59,926 | INFO | SOURCE 690/1283: https://iptv-org.github.io/iptv/countries/sk.m3u -> records=76 epg=0
2026-09-22 08:18:59,926 | INFO | SOURCE 691/1283: https://iptv-org.github.io/iptv/languages/amh.m3u -> records=6 epg=0
2026-09-22 08:18:59,926 | INFO | SOURCE 692/1283: https://iptv-org.github.io/iptv/languages/box.m3u -> records=1 epg=0
2026-09-22 08:18:59,926 | INFO | SOURCE 693/1283: https://iptv-org.github.io/iptv/languages/aho.m3u -> records=1 epg=0
2026-09-22 08:18:59,926 | INFO | SOURCE 694/1283: https://iptv-org.github.io/iptv/countries/ve.m3u -> records=80 epg=0
2026-09-22 08:18:59,926 | INFO | SOURCE 695/1283: https://iptv-org.github.io/iptv/languages/asm.m3u -> records=17 epg=0
2026-09-22 08:18:59,926 | INFO | SOURCE 696/1283: https://iptv-org.github.io/iptv/languages/aze.m3u -> records=20 epg=0
2026-09-22 08:18:59,926 | INFO | SOURCE 697/1283: https://iptv-org.github.io/iptv/languages/dgi.m3u -> records=1 epg=0
2026-09-22 08:18:59,933 | INFO | SOURCE 698/1283: https://iptv-org.github.io/iptv/languages/bam.m3u -> records=1 epg=0
2026-09-22 08:18:59,933 | INFO | SOURCE 699/1283: https://iptv-org.github.io/iptv/languages/bos.m3u -> records=14 epg=0
2026-09-22 08:18:59,933 | INFO | SOURCE 700/1283: https://iptv-org.github.io/iptv/languages/ceb.m3u -> records=2 epg=0
2026-09-22 08:18:59,933 | INFO | SOURCE 701/1283: https://iptv-org.github.io/iptv/languages/est.m3u -> records=10 epg=0
2026-09-22 08:18:59,956 | INFO | SOURCE 702/1283: https://iptv-org.github.io/iptv/languages/cmn.m3u -> records=3 epg=0
2026-09-22 08:18:59,956 | INFO | SOURCE 703/1283: https://iptv-org.github.io/iptv/countries/se.m3u -> records=141 epg=0
2026-09-22 08:18:59,957 | INFO | SOURCE 704/1283: https://iptv-org.github.io/iptv/languages/dje.m3u -> records=2 epg=0
2026-09-22 08:18:59,957 | INFO | SOURCE 705/1283: https://iptv-org.github.io/iptv/languages/bib.m3u -> records=1 epg=0
2026-09-22 08:19:00,030 | INFO | SOURCE 706/1283: https://iptv-org.github.io/iptv/languages/bod.m3u -> records=0 epg=0
2026-09-22 08:19:00,030 | INFO | SOURCE 707/1283: https://iptv-org.github.io/iptv/countries/ca.m3u -> records=258 epg=0
2026-09-22 08:19:00,030 | INFO | SOURCE 708/1283: https://iptv-org.github.io/iptv/languages/cat.m3u -> records=56 epg=0
2026-09-22 08:19:00,030 | INFO | SOURCE 709/1283: https://iptv-org.github.io/iptv/languages/eus.m3u -> records=8 epg=0
2026-09-22 08:19:00,031 | INFO | SOURCE 710/1283: https://iptv-org.github.io/iptv/languages/ewe.m3u -> records=1 epg=0
2026-09-22 08:19:00,054 | INFO | SOURCE 711/1283: https://iptv-org.github.io/iptv/countries/tr.m3u -> records=174 epg=0
2026-09-22 08:19:00,054 | INFO | SOURCE 712/1283: https://iptv-org.github.io/iptv/languages/ell.m3u -> records=86 epg=0
2026-09-22 08:19:00,054 | INFO | SOURCE 713/1283: https://iptv-org.github.io/iptv/languages/czh.m3u -> records=1 epg=0
2026-09-22 08:19:00,054 | INFO | SOURCE 714/1283: https://iptv-org.github.io/iptv/languages/fry.m3u -> records=1 epg=0
2026-09-22 08:19:00,055 | INFO | SOURCE 715/1283: https://iptv-org.github.io/iptv/languages/fon.m3u -> records=1 epg=0
2026-09-22 08:19:00,055 | INFO | SOURCE 716/1283: https://iptv-org.github.io/iptv/languages/gla.m3u -> records=2 epg=0
2026-09-22 08:19:00,055 | INFO | SOURCE 717/1283: https://iptv-org.github.io/iptv/languages/bbo.m3u -> records=1 epg=0
2026-09-22 08:19:00,055 | INFO | SOURCE 718/1283: https://iptv-org.github.io/iptv/languages/fuc.m3u -> records=1 epg=0
2026-09-22 08:19:00,055 | INFO | SOURCE 719/1283: https://iptv-org.github.io/iptv/languages/gle.m3u -> records=4 epg=0
2026-09-22 08:19:00,078 | INFO | SOURCE 720/1283: https://iptv-org.github.io/iptv/languages/fin.m3u -> records=25 epg=0
2026-09-22 08:19:00,079 | INFO | SOURCE 721/1283: https://iptv-org.github.io/iptv/languages/fil.m3u -> records=2 epg=0
2026-09-22 08:19:00,079 | INFO | SOURCE 722/1283: https://iptv-org.github.io/iptv/languages/ful.m3u -> records=1 epg=0
2026-09-22 08:19:00,079 | INFO | SOURCE 723/1283: https://iptv-org.github.io/iptv/languages/div.m3u -> records=9 epg=0
2026-09-22 08:19:00,079 | INFO | SOURCE 724/1283: https://iptv-org.github.io/iptv/languages/gom.m3u -> records=1 epg=0
2026-09-22 08:19:00,079 | INFO | SOURCE 725/1283: https://iptv-org.github.io/iptv/languages/cym.m3u -> records=1 epg=0
2026-09-22 08:19:00,079 | INFO | SOURCE 726/1283: https://iptv-org.github.io/iptv/languages/heb.m3u -> records=31 epg=0
2026-09-22 08:19:00,079 | INFO | SOURCE 727/1283: https://iptv-org.github.io/iptv/languages/far.m3u -> records=1 epg=0
2026-09-22 08:19:00,079 | INFO | SOURCE 728/1283: https://iptv-org.github.io/iptv/languages/gcf.m3u -> records=1 epg=0
2026-09-22 08:19:00,079 | INFO | SOURCE 729/1283: https://iptv-org.github.io/iptv/languages/cnr.m3u -> records=1 epg=0
2026-09-22 08:19:00,079 | INFO | SOURCE 730/1283: https://iptv-org.github.io/iptv/languages/hne.m3u -> records=1 epg=0
2026-09-22 08:19:00,079 | INFO | SOURCE 731/1283: https://iptv-org.github.io/iptv/languages/dan.m3u -> records=155 epg=0
2026-09-22 08:19:00,079 | INFO | SOURCE 732/1283: https://iptv-org.github.io/iptv/languages/dyu.m3u -> records=1 epg=0
2026-09-22 08:19:00,079 | INFO | SOURCE 733/1283: https://iptv-org.github.io/iptv/countries/uk.m3u -> records=311 epg=0
2026-09-22 08:19:00,080 | INFO | SOURCE 734/1283: https://iptv-org.github.io/iptv/languages/icr.m3u -> records=1 epg=0
2026-09-22 08:19:00,080 | INFO | SOURCE 735/1283: https://iptv-org.github.io/iptv/languages/grn.m3u -> records=1 epg=0
2026-09-22 08:19:00,080 | INFO | SOURCE 736/1283: https://iptv-org.github.io/iptv/languages/bel.m3u -> records=12 epg=0
2026-09-22 08:19:00,080 | INFO | SOURCE 737/1283: https://iptv-org.github.io/iptv/languages/hau.m3u -> records=4 epg=0
2026-09-22 08:19:00,080 | INFO | SOURCE 738/1283: https://iptv-org.github.io/iptv/languages/her.m3u -> records=1 epg=0
2026-09-22 08:19:00,080 | INFO | SOURCE 739/1283: https://iptv-org.github.io/iptv/languages/hye.m3u -> records=13 epg=0
2026-09-22 08:19:00,080 | INFO | SOURCE 740/1283: https://iptv-org.github.io/iptv/languages/bul.m3u -> records=82 epg=0
2026-09-22 08:19:00,080 | INFO | SOURCE 741/1283: https://iptv-org.github.io/iptv/languages/ces.m3u -> records=69 epg=0
2026-09-22 08:19:00,080 | INFO | SOURCE 742/1283: https://iptv-org.github.io/iptv/languages/gug.m3u -> records=1 epg=0
2026-09-22 08:19:00,080 | INFO | SOURCE 743/1283: https://iptv-org.github.io/iptv/languages/guj.m3u -> records=19 epg=0
2026-09-22 08:19:00,122 | INFO | SOURCE 744/1283: https://iptv-org.github.io/iptv/languages/hmo.m3u -> records=1 epg=0
2026-09-22 08:19:00,122 | INFO | SOURCE 745/1283: https://iptv-org.github.io/iptv/languages/kik.m3u -> records=3 epg=0
2026-09-22 08:19:00,122 | INFO | SOURCE 746/1283: https://iptv-org.github.io/iptv/languages/gux.m3u -> records=1 epg=0
2026-09-22 08:19:00,122 | INFO | SOURCE 747/1283: https://iptv-org.github.io/iptv/languages/hat.m3u -> records=14 epg=0
2026-09-22 08:19:00,127 | INFO | SOURCE 748/1283: https://iptv-org.github.io/iptv/languages/cgg.m3u -> records=2 epg=0
2026-09-22 08:19:00,157 | INFO | SOURCE 749/1283: https://iptv-org.github.io/iptv/languages/jav.m3u -> records=6 epg=0
2026-09-22 08:19:00,157 | INFO | SOURCE 750/1283: https://iptv-org.github.io/iptv/languages/hrv.m3u -> records=30 epg=0
2026-09-22 08:19:00,158 | INFO | SOURCE 751/1283: https://iptv-org.github.io/iptv/languages/kat.m3u -> records=20 epg=0
2026-09-22 08:19:00,158 | INFO | SOURCE 752/1283: https://iptv-org.github.io/iptv/languages/its.m3u -> records=1 epg=0
2026-09-22 08:19:00,158 | INFO | SOURCE 753/1283: https://iptv-org.github.io/iptv/languages/mai.m3u -> records=9 epg=0
2026-09-22 08:19:00,158 | INFO | SOURCE 754/1283: https://iptv-org.github.io/iptv/languages/lah.m3u -> records=2 epg=0
2026-09-22 08:19:00,211 | INFO | SOURCE 755/1283: https://iptv-org.github.io/iptv/languages/kab.m3u -> records=1 epg=0
2026-09-22 08:19:00,211 | INFO | SOURCE 756/1283: https://iptv-org.github.io/iptv/languages/hmn.m3u -> records=2 epg=0
2026-09-22 08:19:00,229 | INFO | SOURCE 757/1283: https://iptv-org.github.io/iptv/languages/lus.m3u -> records=1 epg=0
2026-09-22 08:19:00,229 | INFO | SOURCE 758/1283: https://iptv-org.github.io/iptv/languages/iku.m3u -> records=1 epg=0
2026-09-22 08:19:00,229 | INFO | SOURCE 759/1283: https://iptv-org.github.io/iptv/languages/lee.m3u -> records=1 epg=0
2026-09-22 08:19:00,229 | INFO | SOURCE 760/1283: https://iptv-org.github.io/iptv/languages/hin.m3u -> records=323 epg=0
2026-09-22 08:19:00,229 | INFO | SOURCE 761/1283: https://iptv-org.github.io/iptv/languages/lin.m3u -> records=4 epg=0
2026-09-22 08:19:00,229 | INFO | SOURCE 762/1283: https://iptv-org.github.io/iptv/languages/glg.m3u -> records=2 epg=0
2026-09-22 08:19:00,229 | INFO | SOURCE 763/1283: https://iptv-org.github.io/iptv/languages/fra.m3u -> records=458 epg=0
2026-09-22 08:19:00,230 | INFO | SOURCE 764/1283: https://iptv-org.github.io/iptv/languages/kok.m3u -> records=2 epg=0
2026-09-22 08:19:00,235 | INFO | SOURCE 765/1283: https://iptv-org.github.io/iptv/languages/kan.m3u -> records=33 epg=0
2026-09-22 08:19:00,265 | INFO | SOURCE 766/1283: https://iptv-org.github.io/iptv/languages/mnk.m3u -> records=1 epg=0
2026-09-22 08:19:00,294 | INFO | SOURCE 767/1283: https://iptv-org.github.io/iptv/languages/kmz.m3u -> records=1 epg=0
2026-09-22 08:19:00,294 | INFO | SOURCE 768/1283: https://iptv-org.github.io/iptv/languages/kon.m3u -> records=1 epg=0
2026-09-22 08:19:00,294 | INFO | SOURCE 769/1283: https://iptv-org.github.io/iptv/languages/isl.m3u -> records=6 epg=0
2026-09-22 08:19:00,294 | INFO | SOURCE 770/1283: https://iptv-org.github.io/iptv/languages/kin.m3u -> records=7 epg=0
2026-09-22 08:19:00,294 | INFO | SOURCE 771/1283: https://iptv-org.github.io/iptv/languages/ltz.m3u -> records=8 epg=0
2026-09-22 08:19:00,333 | INFO | SOURCE 772/1283: https://iptv-org.github.io/iptv/languages/jpn.m3u -> records=13 epg=0
2026-09-22 08:19:00,333 | INFO | SOURCE 773/1283: https://iptv-org.github.io/iptv/languages/mkw.m3u -> records=1 epg=0
2026-09-22 08:19:00,341 | INFO | SOURCE 774/1283: https://iptv-org.github.io/iptv/languages/mos.m3u -> records=2 epg=0
2026-09-22 08:19:00,359 | INFO | SOURCE 775/1283: https://iptv-org.github.io/iptv/languages/kbp.m3u -> records=1 epg=0
2026-09-22 08:19:00,359 | INFO | SOURCE 776/1283: https://iptv-org.github.io/iptv/languages/mri.m3u -> records=2 epg=0
2026-09-22 08:19:00,359 | INFO | SOURCE 777/1283: https://iptv-org.github.io/iptv/languages/ben.m3u -> records=95 epg=0
2026-09-22 08:19:00,359 | INFO | SOURCE 778/1283: https://iptv-org.github.io/iptv/languages/kir.m3u -> records=11 epg=0
2026-09-22 08:19:00,359 | INFO | SOURCE 779/1283: https://iptv-org.github.io/iptv/languages/fas.m3u -> records=202 epg=0
2026-09-22 08:19:00,359 | INFO | SOURCE 780/1283: https://iptv-org.github.io/iptv/languages/kdi.m3u -> records=1 epg=0
2026-09-22 08:19:00,359 | INFO | SOURCE 781/1283: https://iptv-org.github.io/iptv/countries/ro.m3u -> records=140 epg=0
2026-09-22 08:19:00,368 | INFO | SOURCE 782/1283: https://iptv-org.github.io/iptv/languages/kor.m3u -> records=82 epg=0
2026-09-22 08:19:00,368 | INFO | SOURCE 783/1283: https://iptv-org.github.io/iptv/languages/kur.m3u -> records=34 epg=0
2026-09-22 08:19:00,368 | INFO | SOURCE 784/1283: https://iptv-org.github.io/iptv/languages/lob.m3u -> records=1 epg=0
2026-09-22 08:19:00,368 | INFO | SOURCE 785/1283: https://iptv-org.github.io/iptv/languages/khm.m3u -> records=24 epg=0
2026-09-22 08:19:00,388 | INFO | SOURCE 786/1283: https://iptv-org.github.io/iptv/languages/lug.m3u -> records=8 epg=0
2026-09-22 08:19:00,389 | INFO | SOURCE 787/1283: https://iptv-org.github.io/iptv/languages/laj.m3u -> records=1 epg=0
2026-09-22 08:19:00,389 | INFO | SOURCE 788/1283: https://iptv-org.github.io/iptv/countries/ua.m3u -> records=199 epg=0
2026-09-22 08:19:00,389 | INFO | SOURCE 789/1283: https://iptv-org.github.io/iptv/languages/mar.m3u -> records=28 epg=0
2026-09-22 08:19:00,389 | INFO | SOURCE 790/1283: https://iptv-org.github.io/iptv/languages/nyn.m3u -> records=1 epg=0
2026-09-22 08:19:00,389 | INFO | SOURCE 791/1283: https://iptv-org.github.io/iptv/languages/mkd.m3u -> records=25 epg=0
2026-09-22 08:19:00,389 | INFO | SOURCE 792/1283: https://iptv-org.github.io/iptv/languages/ara.m3u -> records=348 epg=0
2026-09-22 08:19:00,389 | INFO | SOURCE 793/1283: https://iptv-org.github.io/iptv/languages/man.m3u -> records=1 epg=0
2026-09-22 08:19:00,389 | INFO | SOURCE 794/1283: https://iptv-org.github.io/iptv/languages/pap.m3u -> records=20 epg=0
2026-09-22 08:19:00,389 | INFO | SOURCE 795/1283: https://iptv-org.github.io/iptv/languages/ory.m3u -> records=2 epg=0
2026-09-22 08:19:00,389 | INFO | SOURCE 796/1283: https://iptv-org.github.io/iptv/languages/koo.m3u -> records=1 epg=0
2026-09-22 08:19:00,389 | INFO | SOURCE 797/1283: https://iptv-org.github.io/iptv/languages/ori.m3u -> records=15 epg=0
2026-09-22 08:19:00,389 | INFO | SOURCE 798/1283: https://iptv-org.github.io/iptv/languages/lat.m3u -> records=2 epg=0
2026-09-22 08:19:00,389 | INFO | SOURCE 799/1283: https://iptv-org.github.io/iptv/languages/msa.m3u -> records=18 epg=0
2026-09-22 08:19:00,390 | INFO | SOURCE 800/1283: https://iptv-org.github.io/iptv/languages/lao.m3u -> records=5 epg=0
2026-09-22 08:19:00,390 | INFO | SOURCE 801/1283: https://iptv-org.github.io/iptv/languages/rom.m3u -> records=2 epg=0
2026-09-22 08:19:00,390 | INFO | SOURCE 802/1283: https://iptv-org.github.io/iptv/languages/nan.m3u -> records=1 epg=0
2026-09-22 08:19:00,390 | INFO | SOURCE 803/1283: https://iptv-org.github.io/iptv/languages/luo.m3u -> records=1 epg=0
2026-09-22 08:19:00,390 | INFO | SOURCE 804/1283: https://iptv-org.github.io/iptv/languages/nyo.m3u -> records=1 epg=0
2026-09-22 08:19:00,390 | INFO | SOURCE 805/1283: https://iptv-org.github.io/iptv/countries/us.m3u -> records=1462 epg=0
2026-09-22 08:19:00,399 | INFO | SOURCE 806/1283: https://iptv-org.github.io/iptv/languages/kaz.m3u -> records=48 epg=0
2026-09-22 08:19:00,399 | INFO | SOURCE 807/1283: https://iptv-org.github.io/iptv/languages/lit.m3u -> records=19 epg=0
2026-09-22 08:19:00,399 | INFO | SOURCE 808/1283: https://iptv-org.github.io/iptv/languages/nbl.m3u -> records=1 epg=0
2026-09-22 08:19:00,399 | INFO | SOURCE 809/1283: https://iptv-org.github.io/iptv/languages/lav.m3u -> records=15 epg=0
2026-09-22 08:19:00,400 | INFO | SOURCE 810/1283: https://iptv-org.github.io/iptv/languages/lua.m3u -> records=1 epg=0
2026-09-22 08:19:00,400 | INFO | SOURCE 811/1283: https://iptv-org.github.io/iptv/languages/mya.m3u -> records=17 epg=0
2026-09-22 08:19:00,400 | INFO | SOURCE 812/1283: https://iptv-org.github.io/iptv/languages/mal.m3u -> records=68 epg=0
2026-09-22 08:19:00,400 | INFO | SOURCE 813/1283: https://iptv-org.github.io/iptv/languages/nor.m3u -> records=116 epg=0
2026-09-22 08:19:00,494 | INFO | SOURCE 814/1283: https://iptv-org.github.io/iptv/languages/smo.m3u -> records=1 epg=0
2026-09-22 08:19:00,494 | INFO | SOURCE 815/1283: https://iptv-org.github.io/iptv/languages/rkm.m3u -> records=1 epg=0
2026-09-22 08:19:00,494 | INFO | SOURCE 816/1283: https://iptv-org.github.io/iptv/languages/snd.m3u -> records=1 epg=0
2026-09-22 08:19:00,494 | INFO | SOURCE 817/1283: https://iptv-org.github.io/iptv/languages/deu.m3u -> records=340 epg=0
2026-09-22 08:19:00,494 | INFO | SOURCE 818/1283: https://iptv-org.github.io/iptv/languages/prd.m3u -> records=13 epg=0
2026-09-22 08:19:00,494 | INFO | SOURCE 819/1283: https://iptv-org.github.io/iptv/languages/mlt.m3u -> records=9 epg=0
2026-09-22 08:19:00,494 | INFO | SOURCE 820/1283: https://iptv-org.github.io/iptv/languages/ssw.m3u -> records=1 epg=0
2026-09-22 08:19:00,516 | INFO | SOURCE 821/1283: https://iptv-org.github.io/iptv/languages/sat.m3u -> records=1 epg=0
2026-09-22 08:19:00,516 | INFO | SOURCE 822/1283: https://iptv-org.github.io/iptv/languages/nep.m3u -> records=16 epg=0
2026-09-22 08:19:00,516 | INFO | SOURCE 823/1283: https://iptv-org.github.io/iptv/languages/que.m3u -> records=1 epg=0
2026-09-22 08:19:00,516 | INFO | SOURCE 824/1283: https://iptv-org.github.io/iptv/languages/mon.m3u -> records=39 epg=0
2026-09-22 08:19:00,525 | INFO | SOURCE 825/1283: https://iptv-org.github.io/iptv/languages/pol.m3u -> records=72 epg=0
2026-09-22 08:19:00,525 | INFO | SOURCE 826/1283: https://iptv-org.github.io/iptv/languages/sin.m3u -> records=8 epg=0
2026-09-22 08:19:00,525 | INFO | SOURCE 827/1283: https://iptv-org.github.io/iptv/languages/rif.m3u -> records=1 epg=0
2026-09-22 08:19:00,526 | INFO | SOURCE 828/1283: https://iptv-org.github.io/iptv/languages/pan.m3u -> records=47 epg=0
2026-09-22 08:19:00,526 | INFO | SOURCE 829/1283: https://iptv-org.github.io/iptv/languages/taq.m3u -> records=1 epg=0
2026-09-22 08:19:00,526 | INFO | SOURCE 830/1283: https://iptv-org.github.io/iptv/languages/som.m3u -> records=10 epg=0
2026-09-22 08:19:00,526 | INFO | SOURCE 831/1283: https://iptv-org.github.io/iptv/languages/hun.m3u -> records=146 epg=0
2026-09-22 08:19:00,582 | INFO | SOURCE 832/1283: https://iptv-org.github.io/iptv/languages/tah.m3u -> records=1 epg=0
2026-09-22 08:19:00,582 | INFO | SOURCE 833/1283: https://iptv-org.github.io/iptv/languages/sun.m3u -> records=4 epg=0
2026-09-22 08:19:00,582 | INFO | SOURCE 834/1283: https://iptv-org.github.io/iptv/languages/pus.m3u -> records=22 epg=0
2026-09-22 08:19:00,582 | INFO | SOURCE 835/1283: https://iptv-org.github.io/iptv/languages/ind.m3u -> records=177 epg=0
2026-09-22 08:19:00,582 | INFO | SOURCE 836/1283: https://iptv-org.github.io/iptv/languages/sfs.m3u -> records=1 epg=0
2026-09-22 08:19:00,582 | INFO | SOURCE 837/1283: https://iptv-org.github.io/iptv/languages/sah.m3u -> records=1 epg=0
2026-09-22 08:19:00,582 | INFO | SOURCE 838/1283: https://iptv-org.github.io/iptv/languages/sqi.m3u -> records=56 epg=0
2026-09-22 08:19:00,582 | INFO | SOURCE 839/1283: https://iptv-org.github.io/iptv/languages/tir.m3u -> records=1 epg=0
2026-09-22 08:19:00,582 | INFO | SOURCE 840/1283: https://iptv-org.github.io/iptv/languages/tpi.m3u -> records=1 epg=0
2026-09-22 08:19:00,582 | INFO | SOURCE 841/1283: https://iptv-org.github.io/iptv/languages/tgk.m3u -> records=15 epg=0
2026-09-22 08:19:00,593 | INFO | SOURCE 842/1283: https://iptv-org.github.io/iptv/languages/shy.m3u -> records=1 epg=0
2026-09-22 08:19:00,598 | INFO | SOURCE 843/1283: https://iptv-org.github.io/iptv/languages/shi.m3u -> records=1 epg=0
2026-09-22 08:19:00,598 | INFO | SOURCE 844/1283: https://iptv-org.github.io/iptv/languages/tmh.m3u -> records=2 epg=0
2026-09-22 08:19:00,642 | INFO | SOURCE 845/1283: https://iptv-org.github.io/iptv/languages/tel.m3u -> records=82 epg=0
2026-09-22 08:19:00,660 | INFO | SOURCE 846/1283: https://iptv-org.github.io/iptv/languages/tzm.m3u -> records=1 epg=0
2026-09-22 08:19:00,660 | INFO | SOURCE 847/1283: https://iptv-org.github.io/iptv/languages/sym.m3u -> records=1 epg=0
2026-09-22 08:19:00,660 | INFO | SOURCE 848/1283: https://iptv-org.github.io/iptv/languages/svc.m3u -> records=1 epg=0
2026-09-22 08:19:00,698 | INFO | SOURCE 849/1283: https://iptv-org.github.io/iptv/languages/slk.m3u -> records=55 epg=0
2026-09-22 08:19:00,698 | INFO | SOURCE 850/1283: https://iptv-org.github.io/iptv/languages/uig.m3u -> records=1 epg=0
2026-09-22 08:19:00,698 | INFO | SOURCE 851/1283: https://iptv-org.github.io/iptv/languages/stj.m3u -> records=1 epg=0
2026-09-22 08:19:00,699 | INFO | SOURCE 852/1283: https://iptv-org.github.io/iptv/languages/tuk.m3u -> records=9 epg=0
2026-09-22 08:19:00,699 | INFO | SOURCE 853/1283: https://iptv-org.github.io/iptv/languages/ron.m3u -> records=150 epg=0
2026-09-22 08:19:00,699 | INFO | SOURCE 854/1283: https://iptv-org.github.io/iptv/languages/sbd.m3u -> records=1 epg=0
2026-09-22 08:19:00,699 | INFO | SOURCE 855/1283: https://iptv-org.github.io/iptv/languages/pam.m3u -> records=1 epg=0
2026-09-22 08:19:00,717 | INFO | SOURCE 856/1283: https://iptv-org.github.io/iptv/languages/srp.m3u -> records=55 epg=0
2026-09-22 08:19:00,717 | INFO | SOURCE 857/1283: https://iptv-org.github.io/iptv/languages/swa.m3u -> records=22 epg=0
2026-09-22 08:19:00,717 | INFO | SOURCE 858/1283: https://iptv-org.github.io/iptv/languages/yue.m3u -> records=9 epg=0
2026-09-22 08:19:00,717 | INFO | SOURCE 859/1283: https://iptv-org.github.io/iptv/languages/tgl.m3u -> records=11 epg=0
2026-09-22 08:19:00,717 | INFO | SOURCE 860/1283: https://iptv-org.github.io/iptv/languages/uzb.m3u -> records=33 epg=0
2026-09-22 08:19:00,717 | INFO | SOURCE 861/1283: https://iptv-org.github.io/iptv/languages/yua.m3u -> records=1 epg=0
2026-09-22 08:19:00,723 | INFO | SOURCE 862/1283: https://iptv-org.github.io/iptv/languages/ttj.m3u -> records=1 epg=0
2026-09-22 08:19:00,723 | INFO | SOURCE 863/1283: https://iptv-org.github.io/iptv/languages/nld.m3u -> records=191 epg=0
2026-09-22 08:19:00,723 | INFO | SOURCE 864/1283: https://iptv-org.github.io/iptv/languages/ita.m3u -> records=324 epg=0
2026-09-22 08:19:00,723 | INFO | SOURCE 865/1283: https://iptv-org.github.io/iptv/languages/tso.m3u -> records=1 epg=0
2026-09-22 08:19:00,848 | INFO | SOURCE 866/1283: https://iptv-org.github.io/iptv/languages/tha.m3u -> records=81 epg=0
2026-09-22 08:19:00,848 | INFO | SOURCE 867/1283: https://iptv-org.github.io/iptv/languages/tig.m3u -> records=1 epg=0
2026-09-22 08:19:00,848 | INFO | SOURCE 868/1283: https://iptv-org.github.io/iptv/languages/tat.m3u -> records=1 epg=0
2026-09-22 08:19:00,848 | INFO | SOURCE 869/1283: https://iptv-org.github.io/iptv/languages/xms.m3u -> records=1 epg=0
2026-09-22 08:19:00,874 | INFO | SOURCE 870/1283: https://iptv-org.github.io/iptv/languages/swe.m3u -> records=133 epg=0
2026-09-22 08:19:00,874 | INFO | SOURCE 871/1283: https://iptv-org.github.io/iptv/languages/urd.m3u -> records=84 epg=0
2026-09-22 08:19:00,874 | INFO | SOURCE 872/1283: https://iptv-org.github.io/iptv/languages/tam.m3u -> records=118 epg=0
2026-09-22 08:19:00,874 | INFO | SOURCE 873/1283: https://iptv-org.github.io/iptv/languages/wol.m3u -> records=5 epg=0
2026-09-22 08:19:00,874 | INFO | SOURCE 874/1283: https://iptv-org.github.io/iptv/languages/ven.m3u -> records=1 epg=0
2026-09-22 08:19:00,874 | WARNING | SOURCE FAIL [875/1283] https://iptv-org.github.io/iptv/raw/<FILENAME>.m3u :: <HTTPError 404: 'Not Found'>
2026-09-22 08:19:00,875 | INFO | SOURCE 876/1283: https://iptv-org.github.io/iptv/languages/undefined.m3u -> records=18 epg=0
2026-09-22 08:19:00,875 | INFO | SOURCE 877/1283: https://iptv-org.github.io/iptv/languages/xho.m3u -> records=1 epg=0
2026-09-22 08:19:00,875 | INFO | SOURCE 878/1283: https://iptv-org.github.io/iptv/languages/slv.m3u -> records=21 epg=0
2026-09-22 08:19:00,875 | INFO | SOURCE 879/1283: https://iptv-org.github.io/iptv/languages/yor.m3u -> records=2 epg=0
2026-09-22 08:19:00,875 | INFO | SOURCE 880/1283: https://iptv-org.github.io/iptv/languages/vie.m3u -> records=85 epg=0
2026-09-22 08:19:00,875 | INFO | SOURCE 881/1283: https://iptv-org.github.io/iptv/regions/arab.m3u -> records=464 epg=0
2026-09-22 08:19:00,875 | INFO | SOURCE 882/1283: https://iptv-org.github.io/iptv/languages/zul.m3u -> records=1 epg=0
2026-09-22 08:19:00,890 | INFO | SOURCE 883/1283: https://iptv-org.github.io/iptv/languages/zza.m3u -> records=4 epg=0
2026-09-22 08:19:00,890 | INFO | SOURCE 884/1283: https://iptv-org.github.io/iptv/subdivisions/al-04.m3u -> records=1 epg=0
2026-09-22 08:19:00,890 | WARNING | SOURCE FAIL [885/1283] https://iptv-org.github.io/iptv/sources/<FILENAME>.m3u :: <HTTPError 404: 'Not Found'>
2026-09-22 08:19:00,890 | INFO | SOURCE 886/1283: https://iptv-org.github.io/iptv/subdivisions/ar-h.m3u -> records=5 epg=0
2026-09-22 08:19:00,936 | INFO | SOURCE 887/1283: https://iptv-org.github.io/iptv/regions/balkan.m3u -> records=816 epg=0
2026-09-22 08:19:00,936 | INFO | SOURCE 888/1283: https://iptv-org.github.io/iptv/subdivisions/ar-e.m3u -> records=3 epg=0
2026-09-22 08:19:00,992 | INFO | SOURCE 889/1283: https://iptv-org.github.io/iptv/languages/tur.m3u -> records=176 epg=0
2026-09-22 08:19:00,992 | INFO | SOURCE 890/1283: https://iptv-org.github.io/iptv/subdivisions/ar-d.m3u -> records=1 epg=0
2026-09-22 08:19:00,992 | INFO | SOURCE 891/1283: https://iptv-org.github.io/iptv/subdivisions/ar-a.m3u -> records=3 epg=0
2026-09-22 08:19:00,992 | INFO | SOURCE 892/1283: https://iptv-org.github.io/iptv/regions/carib.m3u -> records=636 epg=0
2026-09-22 08:19:00,992 | INFO | SOURCE 893/1283: https://iptv-org.github.io/iptv/subdivisions/ar-f.m3u -> records=1 epg=0
2026-09-22 08:19:00,992 | INFO | SOURCE 894/1283: https://iptv-org.github.io/iptv/subdivisions/ar-b.m3u -> records=18 epg=0
2026-09-22 08:19:00,992 | INFO | SOURCE 895/1283: https://iptv-org.github.io/iptv/subdivisions/ar-q.m3u -> records=3 epg=0
2026-09-22 08:19:01,057 | INFO | SOURCE 896/1283: https://iptv-org.github.io/iptv/subdivisions/ar-k.m3u -> records=1 epg=0
2026-09-22 08:19:01,079 | INFO | SOURCE 897/1283: https://iptv-org.github.io/iptv/languages/ukr.m3u -> records=176 epg=0
2026-09-22 08:19:01,079 | INFO | SOURCE 898/1283: https://iptv-org.github.io/iptv/regions/afr.m3u -> records=502 epg=0
2026-09-22 08:19:01,079 | INFO | SOURCE 899/1283: https://iptv-org.github.io/iptv/subdivisions/ar-y.m3u -> records=3 epg=0
2026-09-22 08:19:01,179 | INFO | SOURCE 900/1283: https://iptv-org.github.io/iptv/subdivisions/ar-p.m3u -> records=1 epg=0
2026-09-22 08:19:01,194 | INFO | SOURCE 901/1283: https://iptv-org.github.io/iptv/subdivisions/ar-j.m3u -> records=5 epg=0
2026-09-22 08:19:01,194 | INFO | SOURCE 902/1283: https://iptv-org.github.io/iptv/languages/por.m3u -> records=463 epg=0
2026-09-22 08:19:01,194 | INFO | SOURCE 903/1283: https://iptv-org.github.io/iptv/subdivisions/ar-l.m3u -> records=1 epg=0
2026-09-22 08:19:01,194 | INFO | SOURCE 904/1283: https://iptv-org.github.io/iptv/regions/maghreb.m3u -> records=183 epg=0
2026-09-22 08:19:01,195 | INFO | SOURCE 905/1283: https://iptv-org.github.io/iptv/regions/saf.m3u -> records=128 epg=0
2026-09-22 08:19:01,239 | INFO | SOURCE 906/1283: https://iptv-org.github.io/iptv/regions/asean.m3u -> records=539 epg=0
2026-09-22 08:19:01,251 | INFO | SOURCE 907/1283: https://iptv-org.github.io/iptv/subdivisions/ar-t.m3u -> records=2 epg=0
2026-09-22 08:19:01,251 | INFO | SOURCE 908/1283: https://iptv-org.github.io/iptv/subdivisions/ar-u.m3u -> records=3 epg=0
2026-09-22 08:19:01,251 | INFO | SOURCE 909/1283: https://iptv-org.github.io/iptv/subdivisions/ar-w.m3u -> records=1 epg=0
2026-09-22 08:19:01,251 | INFO | SOURCE 910/1283: https://iptv-org.github.io/iptv/subdivisions/ar-s.m3u -> records=9 epg=0
2026-09-22 08:19:01,251 | INFO | SOURCE 911/1283: https://iptv-org.github.io/iptv/subdivisions/ar-g.m3u -> records=1 epg=0
2026-09-22 08:19:01,437 | INFO | SOURCE 912/1283: https://iptv-org.github.io/iptv/subdivisions/be-vlg.m3u -> records=1 epg=0
2026-09-22 08:19:01,437 | INFO | SOURCE 913/1283: https://iptv-org.github.io/iptv/regions/oce.m3u -> records=171 epg=0
2026-09-22 08:19:01,549 | INFO | SOURCE 914/1283: https://iptv-org.github.io/iptv/subdivisions/ar-v.m3u -> records=2 epg=0
2026-09-22 08:19:01,550 | INFO | SOURCE 915/1283: https://iptv-org.github.io/iptv/subdivisions/ar-z.m3u -> records=1 epg=0
2026-09-22 08:19:01,756 | INFO | SOURCE 916/1283: https://iptv-org.github.io/iptv/regions/cenamer.m3u -> records=555 epg=0
2026-09-22 08:19:01,757 | INFO | SOURCE 917/1283: https://iptv-org.github.io/iptv/languages/eng.m3u -> records=2956 epg=0
2026-09-22 08:19:01,857 | INFO | SOURCE 918/1283: https://iptv-org.github.io/iptv/subdivisions/au-nsw.m3u -> records=11 epg=0
2026-09-22 08:19:01,857 | INFO | SOURCE 919/1283: https://iptv-org.github.io/iptv/subdivisions/at-6.m3u -> records=1 epg=0
2026-09-22 08:19:01,858 | INFO | SOURCE 920/1283: https://iptv-org.github.io/iptv/regions/gcc.m3u -> records=237 epg=0
2026-09-22 08:19:01,858 | INFO | SOURCE 921/1283: https://iptv-org.github.io/iptv/regions/ser.m3u -> records=1147 epg=0
2026-09-22 08:19:01,858 | INFO | SOURCE 922/1283: https://iptv-org.github.io/iptv/subdivisions/ar-n.m3u -> records=4 epg=0
2026-09-22 08:19:01,858 | INFO | SOURCE 923/1283: https://iptv-org.github.io/iptv/subdivisions/au-nt.m3u -> records=1 epg=0
2026-09-22 08:19:01,858 | INFO | SOURCE 924/1283: https://iptv-org.github.io/iptv/subdivisions/bo-l.m3u -> records=5 epg=0
2026-09-22 08:19:01,858 | INFO | SOURCE 925/1283: https://iptv-org.github.io/iptv/subdivisions/au-wa.m3u -> records=2 epg=0
2026-09-22 08:19:01,858 | INFO | SOURCE 926/1283: https://iptv-org.github.io/iptv/subdivisions/ar-x.m3u -> records=2 epg=0
2026-09-22 08:19:01,858 | INFO | SOURCE 927/1283: https://iptv-org.github.io/iptv/regions/eaf.m3u -> records=242 epg=0
2026-09-22 08:19:01,858 | INFO | SOURCE 928/1283: https://iptv-org.github.io/iptv/regions/southam.m3u -> records=1610 epg=0
2026-09-22 08:19:01,858 | INFO | SOURCE 929/1283: https://iptv-org.github.io/iptv/subdivisions/bo-c.m3u -> records=1 epg=0
2026-09-22 08:19:01,858 | INFO | SOURCE 930/1283: https://iptv-org.github.io/iptv/subdivisions/be-van.m3u -> records=1 epg=0
2026-09-22 08:19:01,858 | INFO | SOURCE 931/1283: https://iptv-org.github.io/iptv/subdivisions/au-vic.m3u -> records=1 epg=0
2026-09-22 08:19:01,858 | INFO | SOURCE 932/1283: https://iptv-org.github.io/iptv/subdivisions/au-qld.m3u -> records=2 epg=0
2026-09-22 08:19:01,858 | INFO | SOURCE 933/1283: https://iptv-org.github.io/iptv/subdivisions/au-tas.m3u -> records=1 epg=0
2026-09-22 08:19:01,859 | INFO | SOURCE 934/1283: https://iptv-org.github.io/iptv/regions/sas.m3u -> records=1034 epg=0
2026-09-22 08:19:01,859 | INFO | SOURCE 935/1283: https://iptv-org.github.io/iptv/subdivisions/at-2.m3u -> records=1 epg=0
2026-09-22 08:19:01,859 | INFO | SOURCE 936/1283: https://iptv-org.github.io/iptv/regions/ssa.m3u -> records=456 epg=0
2026-09-22 08:19:01,859 | INFO | SOURCE 937/1283: https://iptv-org.github.io/iptv/regions/benelux.m3u -> records=368 epg=0
2026-09-22 08:19:01,859 | INFO | SOURCE 938/1283: https://iptv-org.github.io/iptv/subdivisions/br-sc.m3u -> records=4 epg=0
2026-09-22 08:19:01,945 | INFO | SOURCE 939/1283: https://iptv-org.github.io/iptv/subdivisions/au-sa.m3u -> records=2 epg=0
2026-09-22 08:19:01,945 | INFO | SOURCE 940/1283: https://iptv-org.github.io/iptv/subdivisions/br-am.m3u -> records=1 epg=0
2026-09-22 08:19:01,945 | INFO | SOURCE 941/1283: https://iptv-org.github.io/iptv/subdivisions/au-act.m3u -> records=1 epg=0
2026-09-22 08:19:01,945 | INFO | SOURCE 942/1283: https://iptv-org.github.io/iptv/subdivisions/br-mg.m3u -> records=6 epg=0
2026-09-22 08:19:01,945 | INFO | SOURCE 943/1283: https://iptv-org.github.io/iptv/subdivisions/br-ba.m3u -> records=2 epg=0
2026-09-22 08:19:02,020 | INFO | SOURCE 944/1283: https://iptv-org.github.io/iptv/subdivisions/br-mt.m3u -> records=2 epg=0
2026-09-22 08:19:02,310 | INFO | SOURCE 945/1283: https://iptv-org.github.io/iptv/subdivisions/bo-s.m3u -> records=1 epg=0
2026-09-22 08:19:02,345 | INFO | SOURCE 946/1283: https://iptv-org.github.io/iptv/subdivisions/br-df.m3u -> records=1 epg=0
2026-09-22 08:19:02,345 | INFO | SOURCE 947/1283: https://iptv-org.github.io/iptv/subdivisions/bo-o.m3u -> records=1 epg=0
2026-09-22 08:19:02,601 | INFO | SOURCE 948/1283: https://iptv-org.github.io/iptv/subdivisions/br-rs.m3u -> records=4 epg=0
2026-09-22 08:19:02,601 | INFO | SOURCE 949/1283: https://iptv-org.github.io/iptv/regions/cis.m3u -> records=850 epg=0
2026-09-22 08:19:02,601 | INFO | SOURCE 950/1283: https://iptv-org.github.io/iptv/subdivisions/br-rn.m3u -> records=3 epg=0
2026-09-22 08:19:02,601 | INFO | SOURCE 951/1283: https://iptv-org.github.io/iptv/subdivisions/br-ma.m3u -> records=1 epg=0
2026-09-22 08:19:02,601 | INFO | SOURCE 952/1283: https://iptv-org.github.io/iptv/subdivisions/br-pb.m3u -> records=2 epg=0
2026-09-22 08:19:02,601 | INFO | SOURCE 953/1283: https://iptv-org.github.io/iptv/subdivisions/br-to.m3u -> records=1 epg=0
2026-09-22 08:19:02,601 | INFO | SOURCE 954/1283: https://iptv-org.github.io/iptv/subdivisions/cl-vs.m3u -> records=1 epg=0
2026-09-22 08:19:02,602 | INFO | SOURCE 955/1283: https://iptv-org.github.io/iptv/subdivisions/ca-ns.m3u -> records=1 epg=0
2026-09-22 08:19:02,602 | INFO | SOURCE 956/1283: https://iptv-org.github.io/iptv/regions/eas.m3u -> records=400 epg=0
2026-09-22 08:19:02,602 | INFO | SOURCE 957/1283: https://iptv-org.github.io/iptv/subdivisions/ca-ab.m3u -> records=4 epg=0
2026-09-22 08:19:02,602 | INFO | SOURCE 958/1283: https://iptv-org.github.io/iptv/subdivisions/ca-mb.m3u -> records=3 epg=0
2026-09-22 08:19:02,602 | INFO | SOURCE 959/1283: https://iptv-org.github.io/iptv/regions/mena.m3u -> records=929 epg=0
2026-09-22 08:19:02,722 | INFO | SOURCE 960/1283: https://iptv-org.github.io/iptv/languages/zho.m3u -> records=212 epg=0
2026-09-22 08:19:02,737 | INFO | SOURCE 961/1283: https://iptv-org.github.io/iptv/subdivisions/ca-sk.m3u -> records=2 epg=0
2026-09-22 08:19:02,737 | INFO | SOURCE 962/1283: https://iptv-org.github.io/iptv/subdivisions/cl-ar.m3u -> records=1 epg=0
2026-09-22 08:19:02,738 | INFO | SOURCE 963/1283: https://iptv-org.github.io/iptv/regions/sea.m3u -> records=539 epg=0
2026-09-22 08:19:02,738 | INFO | SOURCE 964/1283: https://iptv-org.github.io/iptv/subdivisions/cl-li.m3u -> records=1 epg=0
2026-09-22 08:19:02,788 | INFO | SOURCE 965/1283: https://iptv-org.github.io/iptv/regions/ceu.m3u -> records=1203 epg=0
2026-09-22 08:19:02,788 | INFO | SOURCE 966/1283: https://iptv-org.github.io/iptv/subdivisions/br-es.m3u -> records=2 epg=0
2026-09-22 08:19:02,788 | INFO | SOURCE 967/1283: https://iptv-org.github.io/iptv/regions/was.m3u -> records=963 epg=0
2026-09-22 08:19:02,788 | INFO | SOURCE 968/1283: https://iptv-org.github.io/iptv/languages/rus.m3u -> records=668 epg=0
2026-09-22 08:19:02,788 | INFO | SOURCE 969/1283: https://iptv-org.github.io/iptv/subdivisions/cl-bi.m3u -> records=2 epg=0
2026-09-22 08:19:02,789 | INFO | SOURCE 970/1283: https://iptv-org.github.io/iptv/subdivisions/ca-bc.m3u -> records=5 epg=0
2026-09-22 08:19:02,789 | INFO | SOURCE 971/1283: https://iptv-org.github.io/iptv/subdivisions/ca-nu.m3u -> records=1 epg=0
2026-09-22 08:19:02,789 | INFO | SOURCE 972/1283: https://iptv-org.github.io/iptv/subdivisions/ca-nb.m3u -> records=3 epg=0
2026-09-22 08:19:02,789 | INFO | SOURCE 973/1283: https://iptv-org.github.io/iptv/subdivisions/br-ce.m3u -> records=2 epg=0
2026-09-22 08:19:02,789 | INFO | SOURCE 974/1283: https://iptv-org.github.io/iptv/regions/mideast.m3u -> records=900 epg=0
2026-09-22 08:19:02,789 | INFO | SOURCE 975/1283: https://iptv-org.github.io/iptv/subdivisions/br-pr.m3u -> records=3 epg=0
2026-09-22 08:19:02,789 | INFO | SOURCE 976/1283: https://iptv-org.github.io/iptv/subdivisions/cl-ma.m3u -> records=1 epg=0
2026-09-22 08:19:02,789 | INFO | SOURCE 977/1283: https://iptv-org.github.io/iptv/subdivisions/br-rj.m3u -> records=7 epg=0
2026-09-22 08:19:02,789 | INFO | SOURCE 978/1283: https://iptv-org.github.io/iptv/subdivisions/br-sp.m3u -> records=16 epg=0
2026-09-22 08:19:02,789 | INFO | SOURCE 979/1283: https://iptv-org.github.io/iptv/subdivisions/ca-nt.m3u -> records=1 epg=0
2026-09-22 08:19:02,789 | INFO | SOURCE 980/1283: https://iptv-org.github.io/iptv/regions/nord.m3u -> records=594 epg=0
2026-09-22 08:19:02,789 | INFO | SOURCE 981/1283: https://iptv-org.github.io/iptv/subdivisions/ca-qc.m3u -> records=11 epg=0
2026-09-22 08:19:02,789 | INFO | SOURCE 982/1283: https://iptv-org.github.io/iptv/regions/cee.m3u -> records=1716 epg=0
2026-09-22 08:19:03,018 | INFO | SOURCE 983/1283: https://iptv-org.github.io/iptv/languages/spa.m3u -> records=2276 epg=0
2026-09-22 08:19:03,036 | INFO | SOURCE 984/1283: https://iptv-org.github.io/iptv/subdivisions/ca-on.m3u -> records=6 epg=0
2026-09-22 08:19:03,036 | INFO | SOURCE 985/1283: https://iptv-org.github.io/iptv/subdivisions/co-nar.m3u -> records=1 epg=0
2026-09-22 08:19:03,036 | INFO | SOURCE 986/1283: https://iptv-org.github.io/iptv/subdivisions/ca-nl.m3u -> records=2 epg=0
2026-09-22 08:19:03,036 | INFO | SOURCE 987/1283: https://iptv-org.github.io/iptv/subdivisions/br-pa.m3u -> records=1 epg=0
2026-09-22 08:19:03,036 | INFO | SOURCE 988/1283: https://iptv-org.github.io/iptv/regions/cas.m3u -> records=263 epg=0
2026-09-22 08:19:03,036 | INFO | SOURCE 989/1283: https://iptv-org.github.io/iptv/regions/wer.m3u -> records=1263 epg=0
2026-09-22 08:19:03,036 | INFO | SOURCE 990/1283: https://iptv-org.github.io/iptv/subdivisions/cl-ml.m3u -> records=1 epg=0
2026-09-22 08:19:03,036 | INFO | SOURCE 991/1283: https://iptv-org.github.io/iptv/regions/waf.m3u -> records=285 epg=0
2026-09-22 08:19:03,036 | INFO | SOURCE 992/1283: https://iptv-org.github.io/iptv/subdivisions/de-bb.m3u -> records=1 epg=0
2026-09-22 08:19:03,036 | INFO | SOURCE 993/1283: https://iptv-org.github.io/iptv/subdivisions/co-cho.m3u -> records=1 epg=0
2026-09-22 08:19:03,037 | INFO | SOURCE 994/1283: https://iptv-org.github.io/iptv/subdivisions/de-th.m3u -> records=2 epg=0
2026-09-22 08:19:03,037 | INFO | SOURCE 995/1283: https://iptv-org.github.io/iptv/subdivisions/ca-pe.m3u -> records=1 epg=0
2026-09-22 08:19:03,037 | INFO | SOURCE 996/1283: https://iptv-org.github.io/iptv/subdivisions/co-cal.m3u -> records=1 epg=0
2026-09-22 08:19:03,037 | INFO | SOURCE 997/1283: https://iptv-org.github.io/iptv/subdivisions/cl-at.m3u -> records=1 epg=0
2026-09-22 08:19:03,037 | INFO | SOURCE 998/1283: https://iptv-org.github.io/iptv/subdivisions/de-st.m3u -> records=1 epg=0
2026-09-22 08:19:03,037 | INFO | SOURCE 999/1283: https://iptv-org.github.io/iptv/subdivisions/de-be.m3u -> records=1 epg=0
2026-09-22 08:19:03,037 | INFO | SOURCE 1000/1283: https://iptv-org.github.io/iptv/subdivisions/cr-c.m3u -> records=1 epg=0
2026-09-22 08:19:03,037 | INFO | SOURCE 1001/1283: https://iptv-org.github.io/iptv/subdivisions/do-18.m3u -> records=1 epg=0
2026-09-22 08:19:03,037 | INFO | SOURCE 1002/1283: https://iptv-org.github.io/iptv/subdivisions/de-sh.m3u -> records=1 epg=0
2026-09-22 08:19:03,037 | INFO | SOURCE 1003/1283: https://iptv-org.github.io/iptv/subdivisions/do-25.m3u -> records=1 epg=0
2026-09-22 08:19:03,037 | INFO | SOURCE 1004/1283: https://iptv-org.github.io/iptv/subdivisions/co-cau.m3u -> records=1 epg=0
2026-09-22 08:19:03,037 | INFO | SOURCE 1005/1283: https://iptv-org.github.io/iptv/subdivisions/do-28.m3u -> records=1 epg=0
2026-09-22 08:19:03,037 | INFO | SOURCE 1006/1283: https://iptv-org.github.io/iptv/subdivisions/co-sap.m3u -> records=1 epg=0
2026-09-22 08:19:03,037 | INFO | SOURCE 1007/1283: https://iptv-org.github.io/iptv/subdivisions/co-tol.m3u -> records=1 epg=0
2026-09-22 08:19:03,037 | INFO | SOURCE 1008/1283: https://iptv-org.github.io/iptv/subdivisions/co-vac.m3u -> records=2 epg=0
2026-09-22 08:19:03,037 | INFO | SOURCE 1009/1283: https://iptv-org.github.io/iptv/subdivisions/do-34.m3u -> records=1 epg=0
2026-09-22 08:19:03,038 | INFO | SOURCE 1010/1283: https://iptv-org.github.io/iptv/subdivisions/ec-l.m3u -> records=2 epg=0
2026-09-22 08:19:03,038 | INFO | SOURCE 1011/1283: https://iptv-org.github.io/iptv/subdivisions/cr-p.m3u -> records=1 epg=0
2026-09-22 08:19:03,038 | INFO | SOURCE 1012/1283: https://iptv-org.github.io/iptv/subdivisions/do-01.m3u -> records=2 epg=0
2026-09-22 08:19:03,038 | INFO | SOURCE 1013/1283: https://iptv-org.github.io/iptv/subdivisions/de-mv.m3u -> records=1 epg=0
2026-09-22 08:19:03,038 | INFO | SOURCE 1014/1283: https://iptv-org.github.io/iptv/subdivisions/de-ni.m3u -> records=2 epg=0
2026-09-22 08:19:03,093 | INFO | SOURCE 1015/1283: https://iptv-org.github.io/iptv/subdivisions/de-sn.m3u -> records=1 epg=0
2026-09-22 08:19:03,093 | INFO | SOURCE 1016/1283: https://iptv-org.github.io/iptv/subdivisions/ec-a.m3u -> records=1 epg=0
2026-09-22 08:19:03,093 | INFO | SOURCE 1017/1283: https://iptv-org.github.io/iptv/subdivisions/do-35.m3u -> records=2 epg=0
2026-09-22 08:19:03,094 | INFO | SOURCE 1018/1283: https://iptv-org.github.io/iptv/subdivisions/do-42.m3u -> records=3 epg=0
2026-09-22 08:19:03,104 | INFO | SOURCE 1019/1283: https://iptv-org.github.io/iptv/subdivisions/de-hh.m3u -> records=1 epg=0
2026-09-22 08:19:03,139 | INFO | SOURCE 1020/1283: https://iptv-org.github.io/iptv/subdivisions/ec-d.m3u -> records=1 epg=0
2026-09-22 08:19:03,140 | INFO | SOURCE 1021/1283: https://iptv-org.github.io/iptv/subdivisions/de-by.m3u -> records=2 epg=0
2026-09-22 08:19:03,140 | INFO | SOURCE 1022/1283: https://iptv-org.github.io/iptv/subdivisions/do-08.m3u -> records=1 epg=0
2026-09-22 08:19:03,140 | INFO | SOURCE 1023/1283: https://iptv-org.github.io/iptv/subdivisions/do-37.m3u -> records=1 epg=0
2026-09-22 08:19:03,140 | INFO | SOURCE 1024/1283: https://iptv-org.github.io/iptv/subdivisions/de-nw.m3u -> records=10 epg=0
2026-09-22 08:19:03,140 | INFO | SOURCE 1025/1283: https://iptv-org.github.io/iptv/subdivisions/do-13.m3u -> records=3 epg=0
2026-09-22 08:19:03,140 | INFO | SOURCE 1026/1283: https://iptv-org.github.io/iptv/regions/neu.m3u -> records=648 epg=0
2026-09-22 08:19:03,140 | INFO | SOURCE 1027/1283: https://iptv-org.github.io/iptv/subdivisions/es-h.m3u -> records=1 epg=0
2026-09-22 08:19:03,140 | INFO | SOURCE 1028/1283: https://iptv-org.github.io/iptv/subdivisions/es-b.m3u -> records=5 epg=0
2026-09-22 08:19:03,140 | INFO | SOURCE 1029/1283: https://iptv-org.github.io/iptv/subdivisions/es-gi.m3u -> records=2 epg=0
2026-09-22 08:19:03,140 | INFO | SOURCE 1030/1283: https://iptv-org.github.io/iptv/subdivisions/fi-12.m3u -> records=1 epg=0
2026-09-22 08:19:03,141 | INFO | SOURCE 1031/1283: https://iptv-org.github.io/iptv/subdivisions/es-hu.m3u -> records=1 epg=0
2026-09-22 08:19:03,141 | INFO | SOURCE 1032/1283: https://iptv-org.github.io/iptv/subdivisions/es-ib.m3u -> records=1 epg=0
2026-09-22 08:19:03,141 | INFO | SOURCE 1033/1283: https://iptv-org.github.io/iptv/subdivisions/es-cm.m3u -> records=3 epg=0
2026-09-22 08:19:03,141 | INFO | SOURCE 1034/1283: https://iptv-org.github.io/iptv/subdivisions/do-36.m3u -> records=4 epg=0
2026-09-22 08:19:03,141 | INFO | SOURCE 1035/1283: https://iptv-org.github.io/iptv/subdivisions/es-j.m3u -> records=1 epg=0
2026-09-22 08:19:03,141 | INFO | SOURCE 1036/1283: https://iptv-org.github.io/iptv/subdivisions/es-an.m3u -> records=35 epg=0
2026-09-22 08:19:03,141 | INFO | SOURCE 1037/1283: https://iptv-org.github.io/iptv/subdivisions/es-gr.m3u -> records=3 epg=0
2026-09-22 08:19:03,141 | INFO | SOURCE 1038/1283: https://iptv-org.github.io/iptv/subdivisions/cr-sj.m3u -> records=1 epg=0
2026-09-22 08:19:03,141 | INFO | SOURCE 1039/1283: https://iptv-org.github.io/iptv/subdivisions/fi-08.m3u -> records=1 epg=0
2026-09-22 08:19:03,141 | INFO | SOURCE 1040/1283: https://iptv-org.github.io/iptv/subdivisions/do-22.m3u -> records=1 epg=0
2026-09-22 08:19:03,141 | INFO | SOURCE 1041/1283: https://iptv-org.github.io/iptv/subdivisions/es-ar.m3u -> records=1 epg=0
2026-09-22 08:19:03,141 | INFO | SOURCE 1042/1283: https://iptv-org.github.io/iptv/regions/apac.m3u -> records=1854 epg=0
2026-09-22 08:19:03,141 | INFO | SOURCE 1043/1283: https://iptv-org.github.io/iptv/subdivisions/do-27.m3u -> records=1 epg=0
2026-09-22 08:19:03,142 | INFO | SOURCE 1044/1283: https://iptv-org.github.io/iptv/subdivisions/es-tf.m3u -> records=1 epg=0
2026-09-22 08:19:03,222 | INFO | SOURCE 1045/1283: https://iptv-org.github.io/iptv/subdivisions/es-co.m3u -> records=1 epg=0
2026-09-22 08:19:03,222 | INFO | SOURCE 1046/1283: https://iptv-org.github.io/iptv/subdivisions/es-bi.m3u -> records=4 epg=0
2026-09-22 08:19:03,222 | INFO | SOURCE 1047/1283: https://iptv-org.github.io/iptv/subdivisions/do-11.m3u -> records=2 epg=0
2026-09-22 08:19:03,227 | INFO | SOURCE 1048/1283: https://iptv-org.github.io/iptv/subdivisions/es-t.m3u -> records=1 epg=0
2026-09-22 08:19:03,284 | INFO | SOURCE 1049/1283: https://iptv-org.github.io/iptv/subdivisions/gr-f.m3u -> records=3 epg=0
2026-09-22 08:19:03,284 | INFO | SOURCE 1050/1283: https://iptv-org.github.io/iptv/subdivisions/es-ma.m3u -> records=2 epg=0
2026-09-22 08:19:03,284 | INFO | SOURCE 1051/1283: https://iptv-org.github.io/iptv/subdivisions/co-hui.m3u -> records=2 epg=0
2026-09-22 08:19:03,284 | INFO | SOURCE 1052/1283: https://iptv-org.github.io/iptv/subdivisions/gr-i.m3u -> records=7 epg=0
2026-09-22 08:19:03,285 | INFO | SOURCE 1053/1283: https://iptv-org.github.io/iptv/subdivisions/es-ca.m3u -> records=1 epg=0
2026-09-22 08:19:03,329 | INFO | SOURCE 1054/1283: https://iptv-org.github.io/iptv/subdivisions/es-na.m3u -> records=1 epg=0
2026-09-22 08:19:03,329 | INFO | SOURCE 1055/1283: https://iptv-org.github.io/iptv/subdivisions/gr-e.m3u -> records=2 epg=0
2026-09-22 08:19:03,329 | INFO | SOURCE 1056/1283: https://iptv-org.github.io/iptv/subdivisions/gt-07.m3u -> records=3 epg=0
2026-09-22 08:19:03,329 | INFO | SOURCE 1057/1283: https://iptv-org.github.io/iptv/subdivisions/es-ga.m3u -> records=2 epg=0
2026-09-22 08:19:03,405 | INFO | SOURCE 1058/1283: https://iptv-org.github.io/iptv/subdivisions/es-cn.m3u -> records=7 epg=0
2026-09-22 08:19:03,405 | INFO | SOURCE 1059/1283: https://iptv-org.github.io/iptv/regions/lac.m3u -> records=2415 epg=0
2026-09-22 08:19:03,405 | INFO | SOURCE 1060/1283: https://iptv-org.github.io/iptv/subdivisions/es-vc.m3u -> records=16 epg=0
2026-09-22 08:19:03,405 | INFO | SOURCE 1061/1283: https://iptv-org.github.io/iptv/subdivisions/ge-ab.m3u -> records=1 epg=0
2026-09-22 08:19:03,405 | INFO | SOURCE 1062/1283: https://iptv-org.github.io/iptv/subdivisions/es-l.m3u -> records=2 epg=0
2026-09-22 08:19:03,406 | INFO | SOURCE 1063/1283: https://iptv-org.github.io/iptv/subdivisions/gr-g.m3u -> records=3 epg=0
2026-09-22 08:19:03,411 | INFO | SOURCE 1064/1283: https://iptv-org.github.io/iptv/subdivisions/es-to.m3u -> records=1 epg=0
2026-09-22 08:19:03,411 | INFO | SOURCE 1065/1283: https://iptv-org.github.io/iptv/subdivisions/es-ct.m3u -> records=43 epg=0
2026-09-22 08:19:03,411 | INFO | SOURCE 1066/1283: https://iptv-org.github.io/iptv/regions/nam.m3u -> records=1779 epg=0
2026-09-22 08:19:03,430 | INFO | SOURCE 1067/1283: https://iptv-org.github.io/iptv/subdivisions/gr-c.m3u -> records=1 epg=0
2026-09-22 08:19:03,431 | INFO | SOURCE 1068/1283: https://iptv-org.github.io/iptv/regions/latam.m3u -> records=2366 epg=0
2026-09-22 08:19:03,431 | INFO | SOURCE 1069/1283: https://iptv-org.github.io/iptv/subdivisions/gt-06.m3u -> records=1 epg=0
2026-09-22 08:19:03,431 | INFO | SOURCE 1070/1283: https://iptv-org.github.io/iptv/regions/hispam.m3u -> records=1943 epg=0
2026-09-22 08:19:03,431 | INFO | SOURCE 1071/1283: https://iptv-org.github.io/iptv/subdivisions/gr-d.m3u -> records=5 epg=0
2026-09-22 08:19:03,450 | INFO | SOURCE 1072/1283: https://iptv-org.github.io/iptv/subdivisions/gr-l.m3u -> records=1 epg=0
2026-09-22 08:19:03,451 | INFO | SOURCE 1073/1283: https://iptv-org.github.io/iptv/subdivisions/gb-wls.m3u -> records=2 epg=0
2026-09-22 08:19:03,451 | INFO | SOURCE 1074/1283: https://iptv-org.github.io/iptv/subdivisions/es-pv.m3u -> records=6 epg=0
2026-09-22 08:19:03,451 | INFO | SOURCE 1075/1283: https://iptv-org.github.io/iptv/subdivisions/id-bb.m3u -> records=1 epg=0
2026-09-22 08:19:03,494 | INFO | SOURCE 1076/1283: https://iptv-org.github.io/iptv/subdivisions/id-ac.m3u -> records=2 epg=0
2026-09-22 08:19:03,495 | INFO | SOURCE 1077/1283: https://iptv-org.github.io/iptv/subdivisions/id-mu.m3u -> records=1 epg=0
2026-09-22 08:19:03,500 | INFO | SOURCE 1078/1283: https://iptv-org.github.io/iptv/subdivisions/es-ri.m3u -> records=1 epg=0
2026-09-22 08:19:03,520 | INFO | SOURCE 1079/1283: https://iptv-org.github.io/iptv/subdivisions/id-ja.m3u -> records=4 epg=0
2026-09-22 08:19:03,520 | INFO | SOURCE 1080/1283: https://iptv-org.github.io/iptv/subdivisions/gr-h.m3u -> records=1 epg=0
2026-09-22 08:19:03,520 | INFO | SOURCE 1081/1283: https://iptv-org.github.io/iptv/subdivisions/id-jt.m3u -> records=5 epg=0
2026-09-22 08:19:03,521 | INFO | SOURCE 1082/1283: https://iptv-org.github.io/iptv/subdivisions/id-ji.m3u -> records=14 epg=0
2026-09-22 08:19:03,521 | INFO | SOURCE 1083/1283: https://iptv-org.github.io/iptv/subdivisions/gt-05.m3u -> records=2 epg=0
2026-09-22 08:19:03,521 | INFO | SOURCE 1084/1283: https://iptv-org.github.io/iptv/subdivisions/id-jb.m3u -> records=15 epg=0
2026-09-22 08:19:03,521 | INFO | SOURCE 1085/1283: https://iptv-org.github.io/iptv/subdivisions/gr-b.m3u -> records=8 epg=0
2026-09-22 08:19:03,552 | INFO | SOURCE 1086/1283: https://iptv-org.github.io/iptv/subdivisions/id-ri.m3u -> records=3 epg=0
2026-09-22 08:19:03,634 | INFO | SOURCE 1087/1283: https://iptv-org.github.io/iptv/subdivisions/id-ks.m3u -> records=3 epg=0
2026-09-22 08:19:03,635 | INFO | SOURCE 1088/1283: https://iptv-org.github.io/iptv/subdivisions/id-be.m3u -> records=1 epg=0
2026-09-22 08:19:03,635 | INFO | SOURCE 1089/1283: https://iptv-org.github.io/iptv/subdivisions/gt-08.m3u -> records=1 epg=0
2026-09-22 08:19:03,635 | INFO | SOURCE 1090/1283: https://iptv-org.github.io/iptv/subdivisions/es-mc.m3u -> records=2 epg=0
2026-09-22 08:19:03,635 | INFO | SOURCE 1091/1283: https://iptv-org.github.io/iptv/subdivisions/id-ki.m3u -> records=4 epg=0
2026-09-22 08:19:03,635 | INFO | SOURCE 1092/1283: https://iptv-org.github.io/iptv/subdivisions/id-kb.m3u -> records=2 epg=0
2026-09-22 08:19:03,635 | INFO | SOURCE 1093/1283: https://iptv-org.github.io/iptv/subdivisions/id-ba.m3u -> records=1 epg=0
2026-09-22 08:19:03,635 | INFO | SOURCE 1094/1283: https://iptv-org.github.io/iptv/subdivisions/do-40.m3u -> records=2 epg=0
2026-09-22 08:19:03,635 | INFO | SOURCE 1095/1283: https://iptv-org.github.io/iptv/subdivisions/es-v.m3u -> records=2 epg=0
2026-09-22 08:19:03,635 | INFO | SOURCE 1096/1283: https://iptv-org.github.io/iptv/subdivisions/id-go.m3u -> records=1 epg=0
2026-09-22 08:19:03,762 | INFO | SOURCE 1097/1283: https://iptv-org.github.io/iptv/subdivisions/id-ss.m3u -> records=2 epg=0
2026-09-22 08:19:03,762 | INFO | SOURCE 1098/1283: https://iptv-org.github.io/iptv/subdivisions/id-nt.m3u -> records=3 epg=0
2026-09-22 08:19:03,762 | INFO | SOURCE 1099/1283: https://iptv-org.github.io/iptv/subdivisions/id-ml.m3u -> records=1 epg=0
2026-09-22 08:19:03,762 | INFO | SOURCE 1100/1283: https://iptv-org.github.io/iptv/subdivisions/es-md.m3u -> records=2 epg=0
2026-09-22 08:19:03,762 | INFO | SOURCE 1101/1283: https://iptv-org.github.io/iptv/subdivisions/id-pb.m3u -> records=1 epg=0
2026-09-22 08:19:03,762 | INFO | SOURCE 1102/1283: https://iptv-org.github.io/iptv/subdivisions/id-pp.m3u -> records=2 epg=0
2026-09-22 08:19:03,762 | INFO | SOURCE 1103/1283: https://iptv-org.github.io/iptv/subdivisions/id-sg.m3u -> records=2 epg=0
2026-09-22 08:19:03,763 | INFO | SOURCE 1104/1283: https://iptv-org.github.io/iptv/subdivisions/id-jw.m3u -> records=45 epg=0
2026-09-22 08:19:03,763 | INFO | SOURCE 1105/1283: https://iptv-org.github.io/iptv/subdivisions/id-sa.m3u -> records=2 epg=0
2026-09-22 08:19:03,763 | INFO | SOURCE 1106/1283: https://iptv-org.github.io/iptv/subdivisions/gt-12.m3u -> records=1 epg=0
2026-09-22 08:19:03,763 | INFO | SOURCE 1107/1283: https://iptv-org.github.io/iptv/subdivisions/id-jk.m3u -> records=8 epg=0
2026-09-22 08:19:03,826 | INFO | SOURCE 1108/1283: https://iptv-org.github.io/iptv/subdivisions/in-ap.m3u -> records=1 epg=0
2026-09-22 08:19:03,846 | INFO | SOURCE 1109/1283: https://iptv-org.github.io/iptv/subdivisions/id-bt.m3u -> records=1 epg=0
2026-09-22 08:19:03,846 | INFO | SOURCE 1110/1283: https://iptv-org.github.io/iptv/subdivisions/id-sr.m3u -> records=1 epg=0
2026-09-22 08:19:03,846 | INFO | SOURCE 1111/1283: https://iptv-org.github.io/iptv/subdivisions/kr-31.m3u -> records=1 epg=0
2026-09-22 08:19:03,846 | INFO | SOURCE 1112/1283: https://iptv-org.github.io/iptv/subdivisions/in-mh.m3u -> records=1 epg=0
2026-09-22 08:19:03,846 | INFO | SOURCE 1113/1283: https://iptv-org.github.io/iptv/subdivisions/id-kt.m3u -> records=1 epg=0
2026-09-22 08:19:03,846 | INFO | SOURCE 1114/1283: https://iptv-org.github.io/iptv/subdivisions/id-sn.m3u -> records=3 epg=0
2026-09-22 08:19:03,846 | INFO | SOURCE 1115/1283: https://iptv-org.github.io/iptv/subdivisions/es-nc.m3u -> records=1 epg=0
2026-09-22 08:19:03,847 | INFO | SOURCE 1116/1283: https://iptv-org.github.io/iptv/subdivisions/id-sl.m3u -> records=10 epg=0
2026-09-22 08:19:03,847 | INFO | SOURCE 1117/1283: https://iptv-org.github.io/iptv/subdivisions/id-la.m3u -> records=4 epg=0
2026-09-22 08:19:03,852 | INFO | SOURCE 1118/1283: https://iptv-org.github.io/iptv/subdivisions/id-ka.m3u -> records=10 epg=0
2026-09-22 08:19:03,852 | INFO | SOURCE 1119/1283: https://iptv-org.github.io/iptv/subdivisions/id-nu.m3u -> records=6 epg=0
2026-09-22 08:19:03,852 | INFO | SOURCE 1120/1283: https://iptv-org.github.io/iptv/subdivisions/kr-49.m3u -> records=2 epg=0
2026-09-22 08:19:03,853 | INFO | SOURCE 1121/1283: https://iptv-org.github.io/iptv/subdivisions/id-nb.m3u -> records=2 epg=0
2026-09-22 08:19:03,853 | INFO | SOURCE 1122/1283: https://iptv-org.github.io/iptv/subdivisions/in-ka.m3u -> records=1 epg=0
2026-09-22 08:19:03,853 | INFO | SOURCE 1123/1283: https://iptv-org.github.io/iptv/subdivisions/kr-26.m3u -> records=2 epg=0
2026-09-22 08:19:03,853 | INFO | SOURCE 1124/1283: https://iptv-org.github.io/iptv/subdivisions/kr-48.m3u -> records=1 epg=0
2026-09-22 08:19:03,853 | INFO | SOURCE 1125/1283: https://iptv-org.github.io/iptv/subdivisions/id-yo.m3u -> records=3 epg=0
2026-09-22 08:19:03,853 | INFO | SOURCE 1126/1283: https://iptv-org.github.io/iptv/subdivisions/in-kl.m3u -> records=2 epg=0
2026-09-22 08:19:03,853 | INFO | SOURCE 1127/1283: https://iptv-org.github.io/iptv/subdivisions/kr-46.m3u -> records=4 epg=0
2026-09-22 08:19:03,853 | INFO | SOURCE 1128/1283: https://iptv-org.github.io/iptv/subdivisions/id-su.m3u -> records=1 epg=0
2026-09-22 08:19:03,977 | INFO | SOURCE 1129/1283: https://iptv-org.github.io/iptv/subdivisions/kr-27.m3u -> records=2 epg=0
2026-09-22 08:19:04,021 | INFO | SOURCE 1130/1283: https://iptv-org.github.io/iptv/subdivisions/mx-bcn.m3u -> records=1 epg=0
2026-09-22 08:19:04,021 | INFO | SOURCE 1131/1283: https://iptv-org.github.io/iptv/subdivisions/mx-coa.m3u -> records=1 epg=0
2026-09-22 08:19:04,021 | INFO | SOURCE 1132/1283: https://iptv-org.github.io/iptv/subdivisions/pe-lor.m3u -> records=2 epg=0
2026-09-22 08:19:04,021 | INFO | SOURCE 1133/1283: https://iptv-org.github.io/iptv/subdivisions/in-dl.m3u -> records=1 epg=0
2026-09-22 08:19:04,021 | INFO | SOURCE 1134/1283: https://iptv-org.github.io/iptv/subdivisions/kr-47.m3u -> records=1 epg=0
2026-09-22 08:19:04,021 | INFO | SOURCE 1135/1283: https://iptv-org.github.io/iptv/subdivisions/kr-43.m3u -> records=2 epg=0
2026-09-22 08:19:04,021 | INFO | SOURCE 1136/1283: https://iptv-org.github.io/iptv/subdivisions/mx-pue.m3u -> records=1 epg=0
2026-09-22 08:19:04,021 | INFO | SOURCE 1137/1283: https://iptv-org.github.io/iptv/subdivisions/kr-41.m3u -> records=1 epg=0
2026-09-22 08:19:04,021 | INFO | SOURCE 1138/1283: https://iptv-org.github.io/iptv/subdivisions/me-20.m3u -> records=1 epg=0
2026-09-22 08:19:04,021 | INFO | SOURCE 1139/1283: https://iptv-org.github.io/iptv/subdivisions/gt-14.m3u -> records=1 epg=0
2026-09-22 08:19:04,021 | INFO | SOURCE 1140/1283: https://iptv-org.github.io/iptv/subdivisions/mx-roo.m3u -> records=2 epg=0
2026-09-22 08:19:04,032 | INFO | SOURCE 1141/1283: https://iptv-org.github.io/iptv/subdivisions/kr-42.m3u -> records=3 epg=0
2026-09-22 08:19:04,032 | INFO | SOURCE 1142/1283: https://iptv-org.github.io/iptv/subdivisions/it-32.m3u -> records=4 epg=0
2026-09-22 08:19:04,032 | INFO | SOURCE 1143/1283: https://iptv-org.github.io/iptv/subdivisions/id-sm.m3u -> records=20 epg=0
2026-09-22 08:19:04,032 | INFO | SOURCE 1144/1283: https://iptv-org.github.io/iptv/subdivisions/mx-dur.m3u -> records=1 epg=0
2026-09-22 08:19:04,032 | INFO | SOURCE 1145/1283: https://iptv-org.github.io/iptv/subdivisions/it-78.m3u -> records=1 epg=0
2026-09-22 08:19:04,032 | INFO | SOURCE 1146/1283: https://iptv-org.github.io/iptv/subdivisions/in-tn.m3u -> records=14 epg=0
2026-09-22 08:19:04,038 | INFO | SOURCE 1147/1283: https://iptv-org.github.io/iptv/subdivisions/mx-agu.m3u -> records=1 epg=0
2026-09-22 08:19:04,059 | INFO | SOURCE 1148/1283: https://iptv-org.github.io/iptv/subdivisions/ru-ce.m3u -> records=3 epg=0
2026-09-22 08:19:04,059 | INFO | SOURCE 1149/1283: https://iptv-org.github.io/iptv/subdivisions/pe-uca.m3u -> records=2 epg=0
2026-09-22 08:19:04,059 | INFO | SOURCE 1150/1283: https://iptv-org.github.io/iptv/subdivisions/ru-in.m3u -> records=2 epg=0
2026-09-22 08:19:04,080 | INFO | SOURCE 1151/1283: https://iptv-org.github.io/iptv/subdivisions/ro-gj.m3u -> records=1 epg=0
2026-09-22 08:19:04,080 | INFO | SOURCE 1152/1283: https://iptv-org.github.io/iptv/subdivisions/kr-45.m3u -> records=2 epg=0
2026-09-22 08:19:04,080 | INFO | SOURCE 1153/1283: https://iptv-org.github.io/iptv/subdivisions/pe-lim.m3u -> records=6 epg=0
2026-09-22 08:19:04,080 | INFO | SOURCE 1154/1283: https://iptv-org.github.io/iptv/regions/eu.m3u -> records=2782 epg=0
2026-09-22 08:19:04,167 | INFO | SOURCE 1155/1283: https://iptv-org.github.io/iptv/subdivisions/mx-slp.m3u -> records=1 epg=0
2026-09-22 08:19:04,207 | INFO | SOURCE 1156/1283: https://iptv-org.github.io/iptv/subdivisions/pe-jun.m3u -> records=8 epg=0
2026-09-22 08:19:04,207 | INFO | SOURCE 1157/1283: https://iptv-org.github.io/iptv/subdivisions/pe-ama.m3u -> records=1 epg=0
2026-09-22 08:19:04,208 | INFO | SOURCE 1158/1283: https://iptv-org.github.io/iptv/subdivisions/mx-chh.m3u -> records=2 epg=0
2026-09-22 08:19:04,208 | INFO | SOURCE 1159/1283: https://iptv-org.github.io/iptv/subdivisions/mx-yuc.m3u -> records=1 epg=0
2026-09-22 08:19:04,208 | INFO | SOURCE 1160/1283: https://iptv-org.github.io/iptv/subdivisions/py-7.m3u -> records=1 epg=0
2026-09-22 08:19:04,208 | INFO | SOURCE 1161/1283: https://iptv-org.github.io/iptv/subdivisions/py-5.m3u -> records=1 epg=0
2026-09-22 08:19:04,208 | INFO | SOURCE 1162/1283: https://iptv-org.github.io/iptv/subdivisions/id-st.m3u -> records=1 epg=0
2026-09-22 08:19:04,256 | INFO | SOURCE 1163/1283: https://iptv-org.github.io/iptv/subdivisions/ru-alt.m3u -> records=2 epg=0
2026-09-22 08:19:04,294 | INFO | SOURCE 1164/1283: https://iptv-org.github.io/iptv/subdivisions/ru-ast.m3u -> records=4 epg=0
2026-09-22 08:19:04,299 | INFO | SOURCE 1165/1283: https://iptv-org.github.io/iptv/subdivisions/ru-ark.m3u -> records=1 epg=0
2026-09-22 08:19:04,389 | INFO | SOURCE 1166/1283: https://iptv-org.github.io/iptv/subdivisions/pe-sam.m3u -> records=1 epg=0
2026-09-22 08:19:04,389 | INFO | SOURCE 1167/1283: https://iptv-org.github.io/iptv/subdivisions/ru-ba.m3u -> records=7 epg=0
2026-09-22 08:19:04,389 | INFO | SOURCE 1168/1283: https://iptv-org.github.io/iptv/subdivisions/ru-ngr.m3u -> records=1 epg=0
2026-09-22 08:19:04,389 | INFO | SOURCE 1169/1283: https://iptv-org.github.io/iptv/subdivisions/ru-kb.m3u -> records=1 epg=0
2026-09-22 08:19:04,389 | INFO | SOURCE 1170/1283: https://iptv-org.github.io/iptv/subdivisions/pe-apu.m3u -> records=3 epg=0
2026-09-22 08:19:04,389 | INFO | SOURCE 1171/1283: https://iptv-org.github.io/iptv/subdivisions/pe-are.m3u -> records=2 epg=0
2026-09-22 08:19:04,389 | INFO | SOURCE 1172/1283: https://iptv-org.github.io/iptv/subdivisions/ru-bel.m3u -> records=2 epg=0
2026-09-22 08:19:04,389 | INFO | SOURCE 1173/1283: https://iptv-org.github.io/iptv/subdivisions/pe-aya.m3u -> records=1 epg=0
2026-09-22 08:19:04,389 | INFO | SOURCE 1174/1283: https://iptv-org.github.io/iptv/subdivisions/ru-kha.m3u -> records=1 epg=0
2026-09-22 08:19:04,389 | INFO | SOURCE 1175/1283: https://iptv-org.github.io/iptv/subdivisions/mx-nle.m3u -> records=1 epg=0
2026-09-22 08:19:04,389 | INFO | SOURCE 1176/1283: https://iptv-org.github.io/iptv/subdivisions/mx-que.m3u -> records=1 epg=0
2026-09-22 08:19:04,389 | INFO | SOURCE 1177/1283: https://iptv-org.github.io/iptv/subdivisions/ru-ad.m3u -> records=1 epg=0
2026-09-22 08:19:04,389 | INFO | SOURCE 1178/1283: https://iptv-org.github.io/iptv/subdivisions/id-sb.m3u -> records=2 epg=0
2026-09-22 08:19:04,501 | INFO | SOURCE 1179/1283: https://iptv-org.github.io/iptv/subdivisions/ru-mo.m3u -> records=1 epg=0
2026-09-22 08:19:04,501 | INFO | SOURCE 1180/1283: https://iptv-org.github.io/iptv/subdivisions/ru-kk.m3u -> records=2 epg=0
2026-09-22 08:19:04,526 | INFO | SOURCE 1181/1283: https://iptv-org.github.io/iptv/subdivisions/ru-da.m3u -> records=2 epg=0
2026-09-22 08:19:04,559 | INFO | SOURCE 1182/1283: https://iptv-org.github.io/iptv/subdivisions/ru-ros.m3u -> records=1 epg=0
2026-09-22 08:19:04,559 | INFO | SOURCE 1183/1283: https://iptv-org.github.io/iptv/subdivisions/ru-irk.m3u -> records=1 epg=0
2026-09-22 08:19:04,559 | INFO | SOURCE 1184/1283: https://iptv-org.github.io/iptv/subdivisions/ru-nen.m3u -> records=1 epg=0
2026-09-22 08:19:04,559 | INFO | SOURCE 1185/1283: https://iptv-org.github.io/iptv/subdivisions/kr-30.m3u -> records=1 epg=0
2026-09-22 08:19:04,559 | INFO | SOURCE 1186/1283: https://iptv-org.github.io/iptv/subdivisions/ru-kem.m3u -> records=2 epg=0
2026-09-22 08:19:04,559 | INFO | SOURCE 1187/1283: https://iptv-org.github.io/iptv/subdivisions/pk-is.m3u -> records=1 epg=0
2026-09-22 08:19:04,649 | INFO | SOURCE 1188/1283: https://iptv-org.github.io/iptv/subdivisions/ru-niz.m3u -> records=3 epg=0
2026-09-22 08:19:04,649 | INFO | SOURCE 1189/1283: https://iptv-org.github.io/iptv/subdivisions/ru-kgn.m3u -> records=2 epg=0
2026-09-22 08:19:04,649 | INFO | SOURCE 1190/1283: https://iptv-org.github.io/iptv/subdivisions/ua-43.m3u -> records=7 epg=0
2026-09-22 08:19:04,649 | INFO | SOURCE 1191/1283: https://iptv-org.github.io/iptv/subdivisions/ru-mow.m3u -> records=2 epg=0
2026-09-22 08:19:04,649 | INFO | SOURCE 1192/1283: https://iptv-org.github.io/iptv/subdivisions/ru-al.m3u -> records=1 epg=0
2026-09-22 08:19:04,650 | INFO | SOURCE 1193/1283: https://iptv-org.github.io/iptv/subdivisions/ru-sam.m3u -> records=3 epg=0
2026-09-22 08:19:04,650 | INFO | SOURCE 1194/1283: https://iptv-org.github.io/iptv/subdivisions/ru-che.m3u -> records=2 epg=0
2026-09-22 08:19:04,658 | INFO | SOURCE 1195/1283: https://iptv-org.github.io/iptv/regions/noram.m3u -> records=2736 epg=0
2026-09-22 08:19:04,658 | INFO | SOURCE 1196/1283: https://iptv-org.github.io/iptv/subdivisions/ru-klu.m3u -> records=1 epg=0
2026-09-22 08:19:04,658 | INFO | SOURCE 1197/1283: https://iptv-org.github.io/iptv/subdivisions/ru-len.m3u -> records=1 epg=0
2026-09-22 08:19:04,658 | INFO | SOURCE 1198/1283: https://iptv-org.github.io/iptv/subdivisions/ru-se.m3u -> records=2 epg=0
2026-09-22 08:19:04,658 | INFO | SOURCE 1199/1283: https://iptv-org.github.io/iptv/subdivisions/ru-kda.m3u -> records=5 epg=0
2026-09-22 08:19:04,659 | INFO | SOURCE 1200/1283: https://iptv-org.github.io/iptv/subdivisions/ru-kc.m3u -> records=2 epg=0
2026-09-22 08:19:04,659 | INFO | SOURCE 1201/1283: https://iptv-org.github.io/iptv/subdivisions/ru-khm.m3u -> records=6 epg=0
2026-09-22 08:19:04,902 | INFO | SOURCE 1202/1283: https://iptv-org.github.io/iptv/subdivisions/ru-mos.m3u -> records=2 epg=0
2026-09-22 08:19:04,927 | INFO | SOURCE 1203/1283: https://iptv-org.github.io/iptv/subdivisions/ru-oms.m3u -> records=1 epg=0
2026-09-22 08:19:05,170 | INFO | SOURCE 1204/1283: https://iptv-org.github.io/iptv/subdivisions/ru-kya.m3u -> records=8 epg=0
2026-09-22 08:19:05,170 | INFO | SOURCE 1205/1283: https://iptv-org.github.io/iptv/subdivisions/ru-pri.m3u -> records=3 epg=0
2026-09-22 08:19:05,170 | INFO | SOURCE 1206/1283: https://iptv-org.github.io/iptv/subdivisions/ru-yan.m3u -> records=2 epg=0
2026-09-22 08:19:05,170 | INFO | SOURCE 1207/1283: https://iptv-org.github.io/iptv/subdivisions/ru-sta.m3u -> records=2 epg=0
2026-09-22 08:19:05,170 | INFO | SOURCE 1208/1283: https://iptv-org.github.io/iptv/subdivisions/ru-rya.m3u -> records=1 epg=0
2026-09-22 08:19:05,170 | INFO | SOURCE 1209/1283: https://iptv-org.github.io/iptv/subdivisions/ru-spe.m3u -> records=1 epg=0
2026-09-22 08:19:05,170 | INFO | SOURCE 1210/1283: https://iptv-org.github.io/iptv/subdivisions/ru-vgg.m3u -> records=2 epg=0
2026-09-22 08:19:05,170 | INFO | SOURCE 1211/1283: https://iptv-org.github.io/iptv/subdivisions/ru-per.m3u -> records=2 epg=0
2026-09-22 08:19:05,170 | INFO | SOURCE 1212/1283: https://iptv-org.github.io/iptv/subdivisions/ru-sve.m3u -> records=3 epg=0
2026-09-22 08:19:05,170 | INFO | SOURCE 1213/1283: https://iptv-org.github.io/iptv/subdivisions/ru-nvs.m3u -> records=3 epg=0
2026-09-22 08:19:05,170 | INFO | SOURCE 1214/1283: https://iptv-org.github.io/iptv/subdivisions/ru-ta.m3u -> records=3 epg=0
2026-09-22 08:19:05,170 | INFO | SOURCE 1215/1283: https://iptv-org.github.io/iptv/subdivisions/us-fl.m3u -> records=41 epg=0
2026-09-22 08:19:05,198 | INFO | SOURCE 1216/1283: https://iptv-org.github.io/iptv/subdivisions/ua-23.m3u -> records=1 epg=0
2026-09-22 08:19:05,198 | INFO | SOURCE 1217/1283: https://iptv-org.github.io/iptv/subdivisions/ru-ty.m3u -> records=2 epg=0
2026-09-22 08:19:05,198 | INFO | SOURCE 1218/1283: https://iptv-org.github.io/iptv/subdivisions/ru-yar.m3u -> records=1 epg=0
2026-09-22 08:19:05,198 | INFO | SOURCE 1219/1283: https://iptv-org.github.io/iptv/subdivisions/ua-65.m3u -> records=1 epg=0
2026-09-22 08:19:05,198 | INFO | SOURCE 1220/1283: https://iptv-org.github.io/iptv/subdivisions/us-il.m3u -> records=12 epg=0
2026-09-22 08:19:05,198 | INFO | SOURCE 1221/1283: https://iptv-org.github.io/iptv/subdivisions/us-hi.m3u -> records=6 epg=0
2026-09-22 08:19:05,199 | INFO | SOURCE 1222/1283: https://iptv-org.github.io/iptv/subdivisions/us-dc.m3u -> records=5 epg=0
2026-09-22 08:19:05,199 | INFO | SOURCE 1223/1283: https://iptv-org.github.io/iptv/subdivisions/ru-tom.m3u -> records=1 epg=0
2026-09-22 08:19:05,199 | INFO | SOURCE 1224/1283: https://iptv-org.github.io/iptv/subdivisions/ru-ore.m3u -> records=2 epg=0
2026-09-22 08:19:05,199 | INFO | SOURCE 1225/1283: https://iptv-org.github.io/iptv/subdivisions/ru-tyu.m3u -> records=2 epg=0
2026-09-22 08:19:05,199 | INFO | SOURCE 1226/1283: https://iptv-org.github.io/iptv/subdivisions/us-ks.m3u -> records=2 epg=0
2026-09-22 08:19:05,227 | INFO | SOURCE 1227/1283: https://iptv-org.github.io/iptv/subdivisions/py-19.m3u -> records=1 epg=0
2026-09-22 08:19:05,227 | INFO | SOURCE 1228/1283: https://iptv-org.github.io/iptv/subdivisions/ru-sa.m3u -> records=2 epg=0
2026-09-22 08:19:05,227 | INFO | SOURCE 1229/1283: https://iptv-org.github.io/iptv/subdivisions/us-nm.m3u -> records=1 epg=0
2026-09-22 08:19:05,227 | INFO | SOURCE 1230/1283: https://iptv-org.github.io/iptv/subdivisions/us-nh.m3u -> records=10 epg=0
2026-09-22 08:19:05,227 | INFO | SOURCE 1231/1283: https://iptv-org.github.io/iptv/subdivisions/us-co.m3u -> records=13 epg=0
2026-09-22 08:19:05,227 | INFO | SOURCE 1232/1283: https://iptv-org.github.io/iptv/subdivisions/us-ky.m3u -> records=4 epg=0
2026-09-22 08:19:05,227 | INFO | SOURCE 1233/1283: https://iptv-org.github.io/iptv/subdivisions/us-ia.m3u -> records=1 epg=0
2026-09-22 08:19:05,263 | INFO | SOURCE 1234/1283: https://iptv-org.github.io/iptv/subdivisions/us-ak.m3u -> records=2 epg=0
2026-09-22 08:19:05,264 | INFO | SOURCE 1235/1283: https://iptv-org.github.io/iptv/subdivisions/us-md.m3u -> records=8 epg=0
2026-09-22 08:19:05,537 | INFO | SOURCE 1236/1283: https://iptv-org.github.io/iptv/subdivisions/us-ct.m3u -> records=14 epg=0
2026-09-22 08:19:05,537 | INFO | SOURCE 1237/1283: https://iptv-org.github.io/iptv/subdivisions/ua-14.m3u -> records=4 epg=0
2026-09-22 08:19:05,537 | INFO | SOURCE 1238/1283: https://iptv-org.github.io/iptv/subdivisions/us-ma.m3u -> records=20 epg=0
2026-09-22 08:19:05,537 | INFO | SOURCE 1239/1283: https://iptv-org.github.io/iptv/subdivisions/ru-yev.m3u -> records=2 epg=0
2026-09-22 08:19:05,537 | INFO | SOURCE 1240/1283: https://iptv-org.github.io/iptv/subdivisions/us-ok.m3u -> records=3 epg=0
2026-09-22 08:19:05,537 | INFO | SOURCE 1241/1283: https://iptv-org.github.io/iptv/subdivisions/ru-kgd.m3u -> records=1 epg=0
2026-09-22 08:19:05,564 | INFO | SOURCE 1242/1283: https://iptv-org.github.io/iptv/subdivisions/us-la.m3u -> records=4 epg=0
2026-09-22 08:19:05,564 | INFO | SOURCE 1243/1283: https://iptv-org.github.io/iptv/subdivisions/us-mo.m3u -> records=4 epg=0
2026-09-22 08:19:05,564 | INFO | SOURCE 1244/1283: https://iptv-org.github.io/iptv/subdivisions/us-va.m3u -> records=1 epg=0
2026-09-22 08:19:05,564 | INFO | SOURCE 1245/1283: https://iptv-org.github.io/iptv/subdivisions/us-nc.m3u -> records=6 epg=0
2026-09-22 08:19:05,564 | INFO | SOURCE 1246/1283: https://iptv-org.github.io/iptv/subdivisions/us-mn.m3u -> records=7 epg=0
2026-09-22 08:19:05,580 | INFO | SOURCE 1247/1283: https://iptv-org.github.io/iptv/subdivisions/us-nd.m3u -> records=2 epg=0
2026-09-22 08:19:05,580 | INFO | SOURCE 1248/1283: https://iptv-org.github.io/iptv/subdivisions/us-ne.m3u -> records=2 epg=0
2026-09-22 08:19:05,580 | INFO | SOURCE 1249/1283: https://iptv-org.github.io/iptv/subdivisions/ve-k.m3u -> records=4 epg=0
2026-09-22 08:19:05,580 | INFO | SOURCE 1250/1283: https://iptv-org.github.io/iptv/subdivisions/us-de.m3u -> records=3 epg=0
2026-09-22 08:19:05,580 | INFO | SOURCE 1251/1283: https://iptv-org.github.io/iptv/subdivisions/us-mi.m3u -> records=13 epg=0
2026-09-22 08:19:05,580 | INFO | SOURCE 1252/1283: https://iptv-org.github.io/iptv/subdivisions/us-ar.m3u -> records=3 epg=0
2026-09-22 08:19:05,580 | INFO | SOURCE 1253/1283: https://iptv-org.github.io/iptv/subdivisions/us-az.m3u -> records=11 epg=0
2026-09-22 08:19:05,580 | INFO | SOURCE 1254/1283: https://iptv-org.github.io/iptv/subdivisions/us-ri.m3u -> records=1 epg=0
2026-09-22 08:19:05,580 | INFO | SOURCE 1255/1283: https://iptv-org.github.io/iptv/subdivisions/us-ga.m3u -> records=12 epg=0
2026-09-22 08:19:05,581 | INFO | SOURCE 1256/1283: https://iptv-org.github.io/iptv/subdivisions/us-wy.m3u -> records=3 epg=0
2026-09-22 08:19:05,718 | INFO | SOURCE 1257/1283: https://iptv-org.github.io/iptv/subdivisions/us-in.m3u -> records=1 epg=0
2026-09-22 08:19:05,718 | INFO | SOURCE 1258/1283: https://iptv-org.github.io/iptv/subdivisions/ve-d.m3u -> records=2 epg=0
2026-09-22 08:19:05,718 | INFO | SOURCE 1259/1283: https://iptv-org.github.io/iptv/subdivisions/us-al.m3u -> records=1 epg=0
2026-09-22 08:19:05,718 | INFO | SOURCE 1260/1283: https://iptv-org.github.io/iptv/subdivisions/us-pa.m3u -> records=11 epg=0
2026-09-22 08:19:05,734 | INFO | SOURCE 1261/1283: https://iptv-org.github.io/iptv/subdivisions/us-wa.m3u -> records=3 epg=0
2026-09-22 08:19:05,739 | INFO | SOURCE 1262/1283: https://iptv-org.github.io/iptv/subdivisions/us-or.m3u -> records=5 epg=0
2026-09-22 08:19:05,739 | INFO | SOURCE 1263/1283: https://iptv-org.github.io/iptv/subdivisions/us-tn.m3u -> records=3 epg=0
2026-09-22 08:19:05,739 | INFO | SOURCE 1264/1283: https://iptv-org.github.io/iptv/subdivisions/us-ms.m3u -> records=2 epg=0
2026-09-22 08:19:05,739 | INFO | SOURCE 1265/1283: https://iptv-org.github.io/iptv/subdivisions/us-ut.m3u -> records=1 epg=0
2026-09-22 08:19:05,739 | INFO | SOURCE 1266/1283: https://iptv-org.github.io/iptv/subdivisions/us-oh.m3u -> records=7 epg=0
2026-09-22 08:19:05,739 | INFO | SOURCE 1267/1283: https://iptv-org.github.io/iptv/subdivisions/us-nv.m3u -> records=10 epg=0
2026-09-22 08:19:05,740 | INFO | SOURCE 1268/1283: https://iptv-org.github.io/iptv/subdivisions/us-vt.m3u -> records=4 epg=0
2026-09-22 08:19:05,847 | INFO | SOURCE 1269/1283: https://iptv-org.github.io/iptv/subdivisions/us-ny.m3u -> records=15 epg=0
2026-09-22 08:19:05,847 | INFO | SOURCE 1270/1283: https://iptv-org.github.io/iptv/regions/asia.m3u -> records=3231 epg=0
2026-09-22 08:19:05,847 | INFO | SOURCE 1271/1283: https://iptv-org.github.io/iptv/subdivisions/us-wi.m3u -> records=5 epg=0
2026-09-22 08:19:05,858 | INFO | SOURCE 1272/1283: https://iptv-org.github.io/iptv/subdivisions/us-nj.m3u -> records=8 epg=0
2026-09-22 08:19:05,858 | INFO | SOURCE 1273/1283: https://iptv-org.github.io/iptv/subdivisions/us-sc.m3u -> records=4 epg=0
2026-09-22 08:19:05,858 | INFO | SOURCE 1274/1283: https://iptv-org.github.io/iptv/subdivisions/us-ca.m3u -> records=105 epg=0
2026-09-22 08:19:05,899 | INFO | SOURCE 1275/1283: https://iptv-org.github.io/iptv/regions/amer.m3u -> records=4084 epg=0
2026-09-22 08:19:05,899 | INFO | SOURCE 1276/1283: https://iptv-org.github.io/iptv/regions/eur.m3u -> records=4306 epg=0
2026-09-22 08:19:06,006 | INFO | SOURCE 1277/1283: https://iptv-org.github.io/iptv/subdivisions/us-tx.m3u -> records=27 epg=0
2026-09-22 08:19:06,421 | INFO | SOURCE 1278/1283: https://iptv-org.github.io/iptv/regions/emea.m3u -> records=5120 epg=0
2026-09-22 08:19:07,249 | INFO | SOURCE 1279/1283: https://iptv-org.github.io/iptv/index.category.m3u -> records=11618 epg=0
2026-09-22 08:19:07,320 | INFO | SOURCE 1280/1283: https://iptv-org.github.io/iptv/index.language.m3u -> records=12303 epg=0
2026-09-22 08:19:07,458 | INFO | SOURCE 1281/1283: https://iptv-org.github.io/iptv/index.country.m3u -> records=12344 epg=0
2026-09-22 08:19:08,371 | INFO | SOURCE 1282/1283: https://iptv-org.github.io/iptv/regions/ww.m3u -> records=10930 epg=0
2026-09-22 08:19:08,503 | INFO | SOURCE 1283/1283: https://iptv-org.github.io/iptv/regions/un.m3u -> records=10649 epg=0
2026-09-22 08:51:09,981 | INFO | CHANNELS AFTER MERGE: 13095
2026-09-22 08:51:09,981 | INFO | EPG FETCH: https://epg.one/epg2.xml.gz
2026-09-22 08:51:17,644 | INFO | EPG FETCH: https://www.teleguide.info/download/new3/xmltv.xml.gz
2026-09-22 08:51:35,966 | WARNING | EPG failed https://www.teleguide.info/download/new3/xmltv.xml.gz: The read operation timed out
2026-09-22 08:51:35,966 | INFO | EPG FETCH: https://epgshare01.online/epgshare01/epg_ripper_AL1.xml.gz
2026-09-22 08:51:36,124 | INFO | EPG FETCH: https://epgshare01.online/epgshare01/epg_ripper_ALJAZEERA1.xml.gz
2026-09-22 08:51:36,156 | INFO | EPG FETCH: https://epgshare01.online/epgshare01/epg_ripper_ALL_SOURCES1.xml.gz
2026-09-22 08:51:36,661 | WARNING | EPG failed https://epgshare01.online/epgshare01/epg_ripper_ALL_SOURCES1.xml.gz: response exceeds 157286400 bytes: https://epgshare01.online/epgshare01/epg_ripper_ALL_SOURCES1.xml.gz
2026-09-22 08:51:36,662 | INFO | EPG FETCH: https://epgshare01.online/epgshare01/epg_ripper_AR1.xml.gz
2026-09-22 08:51:36,775 | INFO | EPG FETCH: https://epgshare01.online/epgshare01/epg_ripper_ASIANTELEVISION1.xml.gz
2026-09-22 08:51:36,871 | INFO | EPG FETCH: https://epgshare01.online/epgshare01/epg_ripper_AT1.xml.gz
2026-09-22 08:51:37,358 | INFO | EPG FETCH: https://epgshare01.online/epgshare01/epg_ripper_AU1.xml.gz
2026-09-22 08:51:38,643 | INFO | EPG FETCH: https://epgshare01.online/epgshare01/epg_ripper_BA1.xml.gz
2026-09-22 08:51:39,120 | INFO | EPG FETCH: https://epgshare01.online/epgshare01/epg_ripper_BE2.xml.gz
2026-09-22 08:51:41,062 | INFO | EPG FETCH: https://epgshare01.online/epgshare01/epg_ripper_BEIN1.xml.gz
2026-09-22 08:51:41,113 | INFO | EPG FETCH: https://epgshare01.online/epgshare01/epg_ripper_BG1.xml.gz
2026-09-22 08:51:41,208 | INFO | EPG FETCH: https://epgshare01.online/epgshare01/epg_ripper_BR1.xml.gz
2026-09-22 08:51:41,535 | INFO | EPG FETCH: https://epgshare01.online/epgshare01/epg_ripper_CA1.xml.gz
2026-09-22 08:51:41,565 | WARNING | EPG failed https://epgshare01.online/epgshare01/epg_ripper_CA1.xml.gz: HTTP Error 404: Not Found
2026-09-22 08:51:41,566 | INFO | EPG FETCH: https://epgshare01.online/epgshare01/epg_ripper_CH1.xml.gz
2026-09-22 08:51:43,103 | INFO | EPG FETCH: https://epgshare01.online/epgshare01/epg_ripper_CL1.xml.gz
2026-09-22 08:51:43,206 | INFO | EPG FETCH: https://epgshare01.online/epgshare01/epg_ripper_CO1.xml.gz
2026-09-22 08:51:43,373 | INFO | EPG FETCH: https://epgshare01.online/epgshare01/epg_ripper_CR1.xml.gz
2026-09-22 08:51:43,490 | INFO | EPG FETCH: https://epgshare01.online/epgshare01/epg_ripper_CY1.xml.gz
2026-09-22 08:51:43,658 | INFO | EPG FETCH: https://epgshare01.online/epgshare01/epg_ripper_CZ1.xml.gz
2026-09-22 08:51:44,702 | INFO | EPG FETCH: https://epgshare01.online/epgshare01/epg_ripper_DE1.xml.gz
2026-09-22 08:51:45,325 | INFO | EPG FETCH: https://epgshare01.online/epgshare01/epg_ripper_DELUXEMUSIC1.xml.gz
2026-09-22 08:51:45,359 | INFO | EPG FETCH: https://epgshare01.online/epgshare01/epg_ripper_DIRECTVSPORTS1.xml.gz
2026-09-22 08:51:45,388 | INFO | EPG FETCH: https://epgshare01.online/epgshare01/epg_ripper_DISTROTV1.xml.gz
2026-09-22 08:51:45,423 | INFO | EPG FETCH: https://epgshare01.online/epgshare01/epg_ripper_DK1.xml.gz
2026-09-22 08:51:45,697 | INFO | EPG FETCH: https://epgshare01.online/epgshare01/epg_ripper_DO1.xml.gz
2026-09-22 08:51:45,770 | INFO | EPG FETCH: https://epgshare01.online/epgshare01/epg_ripper_DRAFTKINGS1.xml.gz
2026-09-22 08:51:45,809 | INFO | EPG FETCH: https://epgshare01.online/epgshare01/epg_ripper_DUMMY_CHANNELS.xml.gz
2026-09-22 08:51:45,932 | INFO | EPG FETCH: https://epgshare01.online/epgshare01/epg_ripper_EC1.xml.gz
2026-09-22 08:51:46,043 | INFO | EPG FETCH: https://epgshare01.online/epgshare01/epg_ripper_EG1.xml.gz
2026-09-22 08:51:46,121 | INFO | EPG FETCH: https://epgshare01.online/epgshare01/epg_ripper_ES1.xml.gz
2026-09-22 09:20:18,337 | INFO | EPG: loaded_sets=29
2026-09-22 09:20:18,342 | INFO | STREAM CHECK: 14541 unique URLs, workers=256
2026-09-22 09:20:18,582 | INFO | STREAM CHECK: cache hit=0 network=14541
2026-09-22 09:20:33,042 | INFO | STREAM CHECK: 1000/14541
2026-09-22 09:20:38,726 | INFO | STREAM CHECK: 2000/14541
2026-09-22 09:20:53,196 | INFO | STREAM CHECK: 3000/14541
2026-09-22 09:21:10,447 | INFO | STREAM CHECK: 4000/14541
2026-09-22 09:21:10,449 | INFO | STREAM CHECK: 5000/14541
2026-09-22 09:21:20,140 | INFO | STREAM CHECK: 6000/14541
2026-09-22 09:21:20,142 | INFO | STREAM CHECK: 7000/14541
2026-09-22 09:21:20,145 | INFO | STREAM CHECK: 8000/14541
2026-09-22 09:21:21,837 | INFO | STREAM CHECK: 9000/14541
2026-09-22 09:21:25,527 | INFO | STREAM CHECK: 10000/14541
2026-09-22 09:21:29,346 | INFO | STREAM CHECK: 11000/14541
2026-09-22 09:22:00,177 | INFO | STREAM CHECK: 12000/14541
2026-09-22 09:22:29,190 | INFO | STREAM CHECK: 13000/14541
2026-09-22 09:22:29,192 | INFO | STREAM CHECK: 14000/14541
2026-09-22 09:22:29,882 | INFO | GENERATING STRICTLY STABLE PLAYLIST...
2026-09-22 09:22:29,883 | INFO | STABLE STATE: 0 saved channel mappings loaded.
2026-09-22 09:22:29,885 | INFO | STRICTLY STABLE PLAYLIST: 0 verified entries written.
2026-09-22 09:22:29,885 | INFO | STRICTLY STABLE STATE: 0 active mappings saved.
2026-09-22 09:22:30,398 | INFO | ========================================================================
2026-09-22 09:22:30,398 | INFO | FINISHED
2026-09-22 09:22:30,398 | INFO | CHANNELS: 13095 | RU: 1289 | STREAMS: 14541 | ALIVE: 10888
2026-09-22 09:22:30,398 | INFO | >=12 pool: 0 | >=12 alive: 0
2026-09-22 09:22:30,398 | INFO | STABLE: 0 verified entries
2026-09-22 09:22:30,398 | INFO | STABLE STATE: 0 active mappings
2026-09-22 09:22:30,398 | INFO | OUTPUT: /home/runner/work/IPTVru/IPTVru/mega_iptv_output
2026-09-22 09:22:30,398 | INFO | ========================================================================
2026-09-23 08:20:57,553 | INFO | ========================================================================
2026-09-23 08:20:57,554 | INFO | RU IPTV MEGA PARSER
2026-09-23 08:20:57,554 | INFO | TARGET: >= 20000 channels / >= 10000 Russian
2026-09-23 08:20:57,554 | INFO | ALTERNATIVES TARGET: >= 12 per channel, no upper limit
2026-09-23 08:20:57,554 | INFO | ========================================================================
2026-09-23 08:20:57,619 | INFO | SOURCES: 1283
2026-09-23 08:20:57,671 | WARNING | SOURCE FAIL [1/1283] https://naggdd.github.io/iptv/ru.m3u :: <HTTPError 404: 'Not Found'>
2026-09-23 08:20:57,695 | INFO | SOURCE 2/1283: https://smolnp.github.io/IPTVru/IPTVru.m3u -> records=328 epg=1
2026-09-23 08:20:57,699 | INFO | SOURCE 3/1283: https://raw.githubusercontent.com/Free-TV/IPTV/master/playlists/playlist_russia.m3u8 -> records=58 epg=101
2026-09-23 08:20:57,742 | INFO | SOURCE 4/1283: https://raw.githubusercontent.com/substanc1/iptv-russia/main/streams/ru.m3u -> records=846 epg=0
2026-09-23 08:20:57,757 | INFO | SOURCE 5/1283: https://iptv-org.github.io/iptv/cities/arsde.m3u -> records=1 epg=0
2026-09-23 08:20:57,769 | INFO | SOURCE 6/1283: https://iptv-org.github.io/iptv/categories/weather.m3u -> records=16 epg=0
2026-09-23 08:20:57,771 | INFO | SOURCE 7/1283: https://iptv-org.github.io/iptv/categories/science.m3u -> records=22 epg=0
2026-09-23 08:20:57,771 | INFO | SOURCE 8/1283: https://iptv-org.github.io/iptv/cities/aroyo.m3u -> records=1 epg=0
2026-09-23 08:20:57,791 | INFO | SOURCE 9/1283: https://iptv-org.github.io/iptv/categories/cooking.m3u -> records=50 epg=0
2026-09-23 08:20:57,791 | INFO | SOURCE 10/1283: https://iptv-org.github.io/iptv/categories/xxx.m3u -> records=0 epg=0
2026-09-23 08:20:57,791 | INFO | SOURCE 11/1283: https://iptv-org.github.io/iptv/cities/arpss.m3u -> records=3 epg=0
2026-09-23 08:20:57,792 | INFO | SOURCE 12/1283: https://iptv-org.github.io/iptv/cities/arros.m3u -> records=1 epg=0
2026-09-23 08:20:57,837 | INFO | SOURCE 13/1283: https://iptv-org.github.io/iptv/categories/travel.m3u -> records=60 epg=0
2026-09-23 08:20:57,837 | INFO | SOURCE 14/1283: https://iptv-org.github.io/iptv/cities/artdl.m3u -> records=1 epg=0
2026-09-23 08:20:57,837 | INFO | SOURCE 15/1283: https://iptv-org.github.io/iptv/cities/arvnt.m3u -> records=1 epg=0
2026-09-23 08:20:57,837 | INFO | SOURCE 16/1283: https://iptv-org.github.io/iptv/cities/arsfn.m3u -> records=3 epg=0
2026-09-23 08:20:57,837 | INFO | SOURCE 17/1283: https://iptv-org.github.io/iptv/cities/atgrz.m3u -> records=1 epg=0
2026-09-23 08:20:57,837 | INFO | SOURCE 18/1283: https://iptv-org.github.io/iptv/cities/arsla.m3u -> records=3 epg=0
2026-09-23 08:20:57,837 | INFO | SOURCE 19/1283: https://iptv-org.github.io/iptv/cities/arcnq.m3u -> records=1 epg=0
2026-09-23 08:20:57,837 | INFO | SOURCE 20/1283: https://iptv-org.github.io/iptv/cities/arluq.m3u -> records=1 epg=0
2026-09-23 08:20:57,837 | INFO | SOURCE 21/1283: https://iptv-org.github.io/iptv/cities/arvmr.m3u -> records=1 epg=0
2026-09-23 08:20:57,837 | INFO | SOURCE 22/1283: https://iptv-org.github.io/iptv/cities/arsst.m3u -> records=1 epg=0
2026-09-23 08:20:57,837 | INFO | SOURCE 23/1283: https://iptv-org.github.io/iptv/cities/areqs.m3u -> records=1 epg=0
2026-09-23 08:20:57,847 | INFO | SOURCE 24/1283: https://iptv-org.github.io/iptv/categories/kids.m3u -> records=397 epg=0
2026-09-23 08:20:57,860 | INFO | SOURCE 25/1283: https://iptv-org.github.io/iptv/cities/arrel.m3u -> records=2 epg=0
2026-09-23 08:20:57,865 | INFO | SOURCE 26/1283: https://iptv-org.github.io/iptv/cities/arbhi.m3u -> records=1 epg=0
2026-09-23 08:20:57,876 | INFO | SOURCE 27/1283: https://iptv-org.github.io/iptv/cities/arsmg.m3u -> records=2 epg=0
2026-09-23 08:20:57,876 | INFO | SOURCE 28/1283: https://iptv-org.github.io/iptv/cities/arsmc.m3u -> records=2 epg=0
2026-09-23 08:20:57,876 | INFO | SOURCE 29/1283: https://iptv-org.github.io/iptv/categories/interactive.m3u -> records=2 epg=0
2026-09-23 08:20:57,876 | INFO | SOURCE 30/1283: https://iptv-org.github.io/iptv/cities/arres.m3u -> records=4 epg=0
2026-09-23 08:20:57,876 | INFO | SOURCE 31/1283: https://iptv-org.github.io/iptv/cities/boalt.m3u -> records=1 epg=0
2026-09-23 08:20:57,876 | INFO | SOURCE 32/1283: https://iptv-org.github.io/iptv/categories/series.m3u -> records=509 epg=0
2026-09-23 08:20:57,877 | INFO | SOURCE 33/1283: https://iptv-org.github.io/iptv/cities/arlhs.m3u -> records=1 epg=0
2026-09-23 08:20:57,877 | INFO | SOURCE 34/1283: https://iptv-org.github.io/iptv/cities/alfie.m3u -> records=1 epg=0
2026-09-23 08:20:57,877 | INFO | SOURCE 35/1283: https://iptv-org.github.io/iptv/categories/auto.m3u -> records=26 epg=0
2026-09-23 08:20:57,877 | INFO | SOURCE 36/1283: https://iptv-org.github.io/iptv/cities/arnqn.m3u -> records=2 epg=0
2026-09-23 08:20:57,877 | INFO | SOURCE 37/1283: https://iptv-org.github.io/iptv/cities/arlpg.m3u -> records=1 epg=0
2026-09-23 08:20:57,877 | INFO | SOURCE 38/1283: https://iptv-org.github.io/iptv/cities/atklu.m3u -> records=1 epg=0
2026-09-23 08:20:57,899 | INFO | SOURCE 39/1283: https://iptv-org.github.io/iptv/cities/arfma.m3u -> records=1 epg=0
2026-09-23 08:20:57,906 | INFO | SOURCE 40/1283: https://iptv-org.github.io/iptv/categories/outdoor.m3u -> records=76 epg=0
2026-09-23 08:20:58,035 | INFO | SOURCE 41/1283: https://iptv-org.github.io/iptv/categories/education.m3u -> records=214 epg=0
2026-09-23 08:20:58,044 | INFO | SOURCE 42/1283: https://iptv-org.github.io/iptv/categories/public.m3u -> records=39 epg=0
2026-09-23 08:20:58,044 | INFO | SOURCE 43/1283: https://iptv-org.github.io/iptv/cities/ausyd.m3u -> records=1 epg=0
2026-09-23 08:20:58,100 | INFO | SOURCE 44/1283: https://iptv-org.github.io/iptv/cities/brbsb.m3u -> records=1 epg=0
2026-09-23 08:20:58,100 | INFO | SOURCE 45/1283: https://iptv-org.github.io/iptv/cities/armdq.m3u -> records=5 epg=0
2026-09-23 08:20:58,100 | INFO | SOURCE 46/1283: https://iptv-org.github.io/iptv/categories/relax.m3u -> records=8 epg=0
2026-09-23 08:20:58,100 | INFO | SOURCE 47/1283: https://iptv-org.github.io/iptv/cities/arssj.m3u -> records=3 epg=0
2026-09-23 08:20:58,104 | INFO | SOURCE 48/1283: https://iptv-org.github.io/iptv/cities/bocpb.m3u -> records=1 epg=0
2026-09-23 08:20:58,144 | INFO | SOURCE 49/1283: https://iptv-org.github.io/iptv/cities/arsnp.m3u -> records=1 epg=0
2026-09-23 08:20:58,147 | INFO | SOURCE 50/1283: https://iptv-org.github.io/iptv/cities/arsfv.m3u -> records=1 epg=0
2026-09-23 08:20:58,148 | INFO | SOURCE 51/1283: https://iptv-org.github.io/iptv/cities/brcas.m3u -> records=1 epg=0
2026-09-23 08:20:58,148 | INFO | SOURCE 52/1283: https://iptv-org.github.io/iptv/cities/arrsa.m3u -> records=1 epg=0
2026-09-23 08:20:58,148 | INFO | SOURCE 53/1283: https://iptv-org.github.io/iptv/cities/bolpb.m3u -> records=1 epg=0
2026-09-23 08:20:58,160 | INFO | SOURCE 54/1283: https://iptv-org.github.io/iptv/categories/shop.m3u -> records=81 epg=0
2026-09-23 08:20:58,166 | INFO | SOURCE 55/1283: https://iptv-org.github.io/iptv/cities/brarw.m3u -> records=1 epg=0
2026-09-23 08:20:58,199 | INFO | SOURCE 56/1283: https://iptv-org.github.io/iptv/cities/brfor.m3u -> records=1 epg=0
2026-09-23 08:20:58,199 | INFO | SOURCE 57/1283: https://iptv-org.github.io/iptv/categories/business.m3u -> records=74 epg=0
2026-09-23 08:20:58,199 | INFO | SOURCE 58/1283: https://raw.githubusercontent.com/Free-TV/IPTV/master/playlist.m3u8 -> records=2069 epg=101
2026-09-23 08:20:58,199 | INFO | SOURCE 59/1283: https://iptv-org.github.io/iptv/cities/brrio.m3u -> records=1 epg=0
2026-09-23 08:20:58,199 | INFO | SOURCE 60/1283: https://iptv-org.github.io/iptv/cities/bocbb.m3u -> records=1 epg=0
2026-09-23 08:20:58,200 | INFO | SOURCE 61/1283: https://iptv-org.github.io/iptv/cities/brgus.m3u -> records=1 epg=0
2026-09-23 08:20:58,200 | INFO | SOURCE 62/1283: https://iptv-org.github.io/iptv/cities/brmrc.m3u -> records=1 epg=0
2026-09-23 08:20:58,200 | INFO | SOURCE 63/1283: https://iptv-org.github.io/iptv/categories/animation.m3u -> records=155 epg=0
2026-09-23 08:20:58,200 | INFO | SOURCE 64/1283: https://iptv-org.github.io/iptv/cities/briig.m3u -> records=1 epg=0
2026-09-23 08:20:58,200 | INFO | SOURCE 65/1283: https://iptv-org.github.io/iptv/cities/caedm.m3u -> records=3 epg=0
2026-09-23 08:20:58,200 | INFO | SOURCE 66/1283: https://iptv-org.github.io/iptv/cities/cacal.m3u -> records=1 epg=0
2026-09-23 08:20:58,200 | INFO | SOURCE 67/1283: https://iptv-org.github.io/iptv/cities/brjpa.m3u -> records=1 epg=0
2026-09-23 08:20:58,200 | INFO | SOURCE 68/1283: https://iptv-org.github.io/iptv/cities/booru.m3u -> records=1 epg=0
2026-09-23 08:20:58,200 | INFO | SOURCE 69/1283: https://iptv-org.github.io/iptv/cities/brcfo.m3u -> records=1 epg=0
2026-09-23 08:20:58,200 | INFO | SOURCE 70/1283: https://iptv-org.github.io/iptv/cities/brnat.m3u -> records=2 epg=0
2026-09-23 08:20:58,200 | INFO | SOURCE 71/1283: https://iptv-org.github.io/iptv/cities/brosa.m3u -> records=1 epg=0
2026-09-23 08:20:58,200 | INFO | SOURCE 72/1283: https://iptv-org.github.io/iptv/cities/brszo.m3u -> records=1 epg=0
2026-09-23 08:20:58,200 | INFO | SOURCE 73/1283: https://iptv-org.github.io/iptv/cities/brroo.m3u -> records=1 epg=0
2026-09-23 08:20:58,200 | INFO | SOURCE 74/1283: https://iptv-org.github.io/iptv/cities/brmuu.m3u -> records=1 epg=0
2026-09-23 08:20:58,200 | INFO | SOURCE 75/1283: https://iptv-org.github.io/iptv/cities/brcba.m3u -> records=1 epg=0
2026-09-23 08:20:58,200 | INFO | SOURCE 76/1283: https://iptv-org.github.io/iptv/cities/brbac.m3u -> records=1 epg=0
2026-09-23 08:20:58,279 | INFO | SOURCE 77/1283: https://iptv-org.github.io/iptv/cities/braru.m3u -> records=1 epg=0
2026-09-23 08:20:58,297 | INFO | SOURCE 78/1283: https://iptv-org.github.io/iptv/cities/brcxs.m3u -> records=1 epg=0
2026-09-23 08:20:58,297 | INFO | SOURCE 79/1283: https://dearbulut.github.io/iptv/playlists/country/ru.m3u -> records=465 epg=1
2026-09-23 08:20:58,298 | INFO | SOURCE 80/1283: https://iptv-org.github.io/iptv/categories/documentary.m3u -> records=249 epg=0
2026-09-23 08:20:58,298 | INFO | SOURCE 81/1283: https://iptv-org.github.io/iptv/categories/family.m3u -> records=62 epg=0
2026-09-23 08:20:58,298 | INFO | SOURCE 82/1283: https://iptv-org.github.io/iptv/categories/entertainment.m3u -> records=863 epg=0
2026-09-23 08:20:58,298 | INFO | SOURCE 83/1283: https://iptv-org.github.io/iptv/cities/cafre.m3u -> records=1 epg=0
2026-09-23 08:20:58,298 | INFO | SOURCE 84/1283: https://iptv-org.github.io/iptv/cities/brsms.m3u -> records=1 epg=0
2026-09-23 08:20:58,298 | INFO | SOURCE 85/1283: https://iptv-org.github.io/iptv/cities/clcld.m3u -> records=1 epg=0
2026-09-23 08:20:58,298 | INFO | SOURCE 86/1283: https://iptv-org.github.io/iptv/cities/calng.m3u -> records=1 epg=0
2026-09-23 08:20:58,298 | INFO | SOURCE 87/1283: https://iptv-org.github.io/iptv/cities/boscs.m3u -> records=1 epg=0
2026-09-23 08:20:58,298 | INFO | SOURCE 88/1283: https://iptv-org.github.io/iptv/cities/brpfo.m3u -> records=1 epg=0
2026-09-23 08:20:58,298 | INFO | SOURCE 89/1283: https://iptv-org.github.io/iptv/cities/brcdi.m3u -> records=1 epg=0
2026-09-23 08:20:58,298 | INFO | SOURCE 90/1283: https://iptv-org.github.io/iptv/categories/classic.m3u -> records=104 epg=0
2026-09-23 08:20:58,298 | INFO | SOURCE 91/1283: https://iptv-org.github.io/iptv/categories/religious.m3u -> records=775 epg=0
2026-09-23 08:20:58,298 | INFO | SOURCE 92/1283: https://iptv-org.github.io/iptv/cities/canee.m3u -> records=1 epg=0
2026-09-23 08:20:58,298 | INFO | SOURCE 93/1283: https://iptv-org.github.io/iptv/cities/brsje.m3u -> records=1 epg=0
2026-09-23 08:20:58,298 | INFO | SOURCE 94/1283: https://iptv-org.github.io/iptv/cities/caiql.m3u -> records=1 epg=0
2026-09-23 08:20:58,298 | INFO | SOURCE 95/1283: https://iptv-org.github.io/iptv/cities/brpmi.m3u -> records=1 epg=0
2026-09-23 08:20:58,298 | INFO | SOURCE 96/1283: https://iptv-org.github.io/iptv/cities/camtr.m3u -> records=6 epg=0
2026-09-23 08:20:58,298 | INFO | SOURCE 97/1283: https://iptv-org.github.io/iptv/cities/brssp.m3u -> records=1 epg=0
2026-09-23 08:20:58,298 | INFO | SOURCE 98/1283: https://iptv-org.github.io/iptv/cities/brsao.m3u -> records=1 epg=0
2026-09-23 08:20:58,298 | INFO | SOURCE 99/1283: https://iptv-org.github.io/iptv/categories/movies.m3u -> records=735 epg=0
2026-09-23 08:20:58,298 | INFO | SOURCE 100/1283: https://iptv-org.github.io/iptv/cities/brprx.m3u -> records=1 epg=0
2026-09-23 08:20:58,298 | INFO | SOURCE 101/1283: https://iptv-org.github.io/iptv/cities/caott.m3u -> records=2 epg=0
2026-09-23 08:20:58,298 | INFO | SOURCE 102/1283: https://iptv-org.github.io/iptv/cities/brnfu.m3u -> records=1 epg=0
2026-09-23 08:20:58,303 | INFO | SOURCE 103/1283: https://iptv-org.github.io/iptv/cities/brpoa.m3u -> records=1 epg=0
2026-09-23 08:20:58,327 | INFO | SOURCE 104/1283: https://iptv-org.github.io/iptv/cities/catrr.m3u -> records=1 epg=0
2026-09-23 08:20:58,327 | INFO | SOURCE 105/1283: https://iptv-org.github.io/iptv/cities/carim.m3u -> records=1 epg=0
2026-09-23 08:20:58,327 | INFO | SOURCE 106/1283: https://iptv-org.github.io/iptv/cities/cacha.m3u -> records=1 epg=0
2026-09-23 08:20:58,352 | INFO | SOURCE 107/1283: https://iptv-org.github.io/iptv/cities/careg.m3u -> records=2 epg=0
2026-09-23 08:20:58,356 | INFO | SOURCE 108/1283: https://iptv-org.github.io/iptv/cities/clplm.m3u -> records=1 epg=0
2026-09-23 08:20:58,372 | INFO | SOURCE 109/1283: https://iptv-org.github.io/iptv/cities/cator.m3u -> records=4 epg=0
2026-09-23 08:20:58,372 | INFO | SOURCE 110/1283: https://iptv-org.github.io/iptv/cities/clqta.m3u -> records=1 epg=0
2026-09-23 08:20:58,372 | INFO | SOURCE 111/1283: https://iptv-org.github.io/iptv/cities/brvis.m3u -> records=1 epg=0
2026-09-23 08:20:58,372 | INFO | SOURCE 112/1283: https://iptv-org.github.io/iptv/cities/deaah.m3u -> records=1 epg=0
2026-09-23 08:20:58,376 | INFO | SOURCE 113/1283: https://iptv-org.github.io/iptv/cities/brudi.m3u -> records=1 epg=0
2026-09-23 08:20:58,383 | INFO | SOURCE 114/1283: https://iptv-org.github.io/iptv/cities/cahal.m3u -> records=1 epg=0
2026-09-23 08:20:58,383 | INFO | SOURCE 115/1283: https://iptv-org.github.io/iptv/cities/conva.m3u -> records=1 epg=0
2026-09-23 08:20:58,384 | INFO | SOURCE 116/1283: https://iptv-org.github.io/iptv/cities/comzl.m3u -> records=1 epg=0
2026-09-23 08:20:58,394 | INFO | SOURCE 117/1283: https://iptv-org.github.io/iptv/cities/camnt.m3u -> records=1 epg=0
2026-09-23 08:20:58,398 | INFO | SOURCE 118/1283: https://iptv-org.github.io/iptv/cities/clyum.m3u -> records=1 epg=0
2026-09-23 08:20:58,399 | INFO | SOURCE 119/1283: https://iptv-org.github.io/iptv/cities/casbr.m3u -> records=1 epg=0
2026-09-23 08:20:58,399 | INFO | SOURCE 120/1283: https://iptv-org.github.io/iptv/categories/culture.m3u -> records=190 epg=0
2026-09-23 08:20:58,399 | INFO | SOURCE 121/1283: https://iptv-org.github.io/iptv/cities/coulq.m3u -> records=1 epg=0
2026-09-23 08:20:58,399 | INFO | SOURCE 122/1283: https://iptv-org.github.io/iptv/cities/desge.m3u -> records=1 epg=0
2026-09-23 08:20:58,399 | INFO | SOURCE 123/1283: https://iptv-org.github.io/iptv/cities/cawnd.m3u -> records=0 epg=0
2026-09-23 08:20:58,405 | INFO | SOURCE 124/1283: https://iptv-org.github.io/iptv/cities/decgn.m3u -> records=1 epg=0
2026-09-23 08:20:58,405 | INFO | SOURCE 125/1283: https://iptv-org.github.io/iptv/cities/dosti.m3u -> records=1 epg=0
2026-09-23 08:20:58,405 | INFO | SOURCE 126/1283: https://iptv-org.github.io/iptv/cities/casjf.m3u -> records=2 epg=0
2026-09-23 08:20:58,405 | INFO | SOURCE 127/1283: https://iptv-org.github.io/iptv/cities/coibe.m3u -> records=1 epg=0
2026-09-23 08:20:58,405 | INFO | SOURCE 128/1283: https://iptv-org.github.io/iptv/countries/ru.m3u -> records=521 epg=0
2026-09-23 08:20:58,408 | INFO | SOURCE 129/1283: https://iptv-org.github.io/iptv/cities/caque.m3u -> records=1 epg=0
2026-09-23 08:20:58,410 | INFO | SOURCE 130/1283: https://iptv-org.github.io/iptv/cities/eccue.m3u -> records=1 epg=0
2026-09-23 08:20:58,417 | INFO | SOURCE 131/1283: https://iptv-org.github.io/iptv/cities/crmtz.m3u -> records=1 epg=0
2026-09-23 08:20:58,418 | INFO | SOURCE 132/1283: https://iptv-org.github.io/iptv/cities/debon.m3u -> records=1 epg=0
2026-09-23 08:20:58,418 | INFO | SOURCE 133/1283: https://iptv-org.github.io/iptv/cities/escdd.m3u -> records=1 epg=0
2026-09-23 08:20:58,418 | INFO | SOURCE 134/1283: https://iptv-org.github.io/iptv/cities/dedus.m3u -> records=1 epg=0
2026-09-23 08:20:58,420 | INFO | SOURCE 135/1283: https://iptv-org.github.io/iptv/cities/cayzf.m3u -> records=1 epg=0
2026-09-23 08:20:58,420 | INFO | SOURCE 136/1283: https://iptv-org.github.io/iptv/categories/sports.m3u -> records=420 epg=0
2026-09-23 08:20:58,420 | INFO | SOURCE 137/1283: https://iptv-org.github.io/iptv/cities/cosac.m3u -> records=1 epg=0
2026-09-23 08:20:58,449 | INFO | SOURCE 138/1283: https://iptv-org.github.io/iptv/categories/legislative.m3u -> records=181 epg=0
2026-09-23 08:20:58,465 | INFO | SOURCE 139/1283: https://iptv-org.github.io/iptv/cities/cavan.m3u -> records=2 epg=0
2026-09-23 08:20:58,474 | INFO | SOURCE 140/1283: https://iptv-org.github.io/iptv/cities/dolvc.m3u -> records=1 epg=0
2026-09-23 08:20:58,474 | INFO | SOURCE 141/1283: https://iptv-org.github.io/iptv/cities/cawnp.m3u -> records=2 epg=0
2026-09-23 08:20:58,474 | INFO | SOURCE 142/1283: https://iptv-org.github.io/iptv/cities/dedui.m3u -> records=1 epg=0
2026-09-23 08:20:58,475 | INFO | SOURCE 143/1283: https://iptv-org.github.io/iptv/cities/esbio.m3u -> records=4 epg=0
2026-09-23 08:20:58,480 | INFO | SOURCE 144/1283: https://iptv-org.github.io/iptv/categories/comedy.m3u -> records=211 epg=0
2026-09-23 08:20:58,486 | INFO | SOURCE 145/1283: https://iptv-org.github.io/iptv/cities/clcur.m3u -> records=1 epg=0
2026-09-23 08:20:58,486 | INFO | SOURCE 146/1283: https://iptv-org.github.io/iptv/cities/esfgl.m3u -> records=1 epg=0
2026-09-23 08:20:58,494 | INFO | SOURCE 147/1283: https://iptv-org.github.io/iptv/categories/news.m3u -> records=994 epg=0
2026-09-23 08:20:58,494 | INFO | SOURCE 148/1283: https://iptv-org.github.io/iptv/cities/dedtm.m3u -> records=1 epg=0
2026-09-23 08:20:58,495 | INFO | SOURCE 149/1283: https://iptv-org.github.io/iptv/cities/debfe.m3u -> records=1 epg=0
2026-09-23 08:20:58,495 | INFO | SOURCE 150/1283: https://iptv-org.github.io/iptv/cities/esmto.m3u -> records=1 epg=0
2026-09-23 08:20:58,499 | INFO | SOURCE 151/1283: https://iptv-org.github.io/iptv/cities/dohig.m3u -> records=1 epg=0
2026-09-23 08:20:58,521 | INFO | SOURCE 152/1283: https://iptv-org.github.io/iptv/cities/casag.m3u -> records=1 epg=0
2026-09-23 08:20:58,545 | INFO | SOURCE 153/1283: https://iptv-org.github.io/iptv/cities/dopop.m3u -> records=1 epg=0
2026-09-23 08:20:58,552 | INFO | SOURCE 154/1283: https://iptv-org.github.io/iptv/cities/eslpg.m3u -> records=1 epg=0
2026-09-23 08:20:58,569 | INFO | SOURCE 155/1283: https://iptv-org.github.io/iptv/categories/lifestyle.m3u -> records=125 epg=0
2026-09-23 08:20:58,596 | INFO | SOURCE 156/1283: https://iptv-org.github.io/iptv/cities/esjae.m3u -> records=1 epg=0
2026-09-23 08:20:58,597 | INFO | SOURCE 157/1283: https://iptv-org.github.io/iptv/cities/dewup.m3u -> records=1 epg=0
2026-09-23 08:20:58,597 | INFO | SOURCE 158/1283: https://iptv-org.github.io/iptv/cities/cavic.m3u -> records=2 epg=0
2026-09-23 08:20:58,597 | INFO | SOURCE 159/1283: https://iptv-org.github.io/iptv/cities/esooe.m3u -> records=1 epg=0
2026-09-23 08:20:58,622 | INFO | SOURCE 160/1283: https://iptv-org.github.io/iptv/cities/crtoo.m3u -> records=1 epg=0
2026-09-23 08:20:58,624 | INFO | SOURCE 161/1283: https://iptv-org.github.io/iptv/cities/fikyy.m3u -> records=1 epg=0
2026-09-23 08:20:58,625 | INFO | SOURCE 162/1283: https://iptv-org.github.io/iptv/cities/idjog.m3u -> records=1 epg=0
2026-09-23 08:20:58,625 | INFO | SOURCE 163/1283: https://iptv-org.github.io/iptv/cities/dobno.m3u -> records=1 epg=0
2026-09-23 08:20:58,625 | INFO | SOURCE 164/1283: https://iptv-org.github.io/iptv/categories/music.m3u -> records=736 epg=0
2026-09-23 08:20:58,632 | INFO | SOURCE 165/1283: https://iptv-org.github.io/iptv/cities/esboi.m3u -> records=1 epg=0
2026-09-23 08:20:58,632 | INFO | SOURCE 166/1283: https://iptv-org.github.io/iptv/cities/idjkt.m3u -> records=4 epg=0
2026-09-23 08:20:58,632 | INFO | SOURCE 167/1283: https://iptv-org.github.io/iptv/cities/idmdi.m3u -> records=1 epg=0
2026-09-23 08:20:58,632 | INFO | SOURCE 168/1283: https://iptv-org.github.io/iptv/cities/esalg.m3u -> records=1 epg=0
2026-09-23 08:20:58,664 | INFO | SOURCE 169/1283: https://iptv-org.github.io/iptv/cities/esmqe.m3u -> records=1 epg=0
2026-09-23 08:20:58,664 | INFO | SOURCE 170/1283: https://iptv-org.github.io/iptv/cities/grgak.m3u -> records=1 epg=0
2026-09-23 08:20:58,664 | INFO | SOURCE 171/1283: https://iptv-org.github.io/iptv/cities/espna.m3u -> records=1 epg=0
2026-09-23 08:20:58,664 | INFO | SOURCE 172/1283: https://iptv-org.github.io/iptv/cities/esodb.m3u -> records=1 epg=0
2026-09-23 08:20:58,664 | INFO | SOURCE 173/1283: https://iptv-org.github.io/iptv/cities/esvic.m3u -> records=1 epg=0
2026-09-23 08:20:58,664 | INFO | SOURCE 174/1283: https://iptv-org.github.io/iptv/cities/eslle.m3u -> records=1 epg=0
2026-09-23 08:20:58,664 | INFO | SOURCE 175/1283: https://iptv-org.github.io/iptv/cities/esdre.m3u -> records=1 epg=0
2026-09-23 08:20:58,664 | INFO | SOURCE 176/1283: https://iptv-org.github.io/iptv/cities/esgrx.m3u -> records=2 epg=0
2026-09-23 08:20:58,664 | INFO | SOURCE 177/1283: https://iptv-org.github.io/iptv/cities/deess.m3u -> records=1 epg=0
2026-09-23 08:20:58,664 | INFO | SOURCE 178/1283: https://iptv-org.github.io/iptv/cities/ecloh.m3u -> records=1 epg=0
2026-09-23 08:20:58,669 | INFO | SOURCE 179/1283: https://iptv-org.github.io/iptv/cities/gtbab.m3u -> records=1 epg=0
2026-09-23 08:20:58,676 | INFO | SOURCE 180/1283: https://iptv-org.github.io/iptv/cities/id5ss.m3u -> records=1 epg=0
2026-09-23 08:20:58,687 | INFO | SOURCE 181/1283: https://iptv-org.github.io/iptv/cities/grlam.m3u -> records=1 epg=0
2026-09-23 08:20:58,688 | INFO | SOURCE 182/1283: https://iptv-org.github.io/iptv/cities/grkzi.m3u -> records=1 epg=0
2026-09-23 08:20:58,693 | INFO | SOURCE 183/1283: https://iptv-org.github.io/iptv/cities/eslsl.m3u -> records=1 epg=0
2026-09-23 08:20:58,693 | INFO | SOURCE 184/1283: https://iptv-org.github.io/iptv/cities/grath.m3u -> records=3 epg=0
2026-09-23 08:20:58,693 | INFO | SOURCE 185/1283: https://iptv-org.github.io/iptv/cities/esbrb.m3u -> records=1 epg=0
2026-09-23 08:20:58,712 | INFO | SOURCE 186/1283: https://iptv-org.github.io/iptv/cities/idbpn.m3u -> records=1 epg=0
2026-09-23 08:20:58,712 | INFO | SOURCE 187/1283: https://iptv-org.github.io/iptv/cities/grart.m3u -> records=1 epg=0
2026-09-23 08:20:58,712 | INFO | SOURCE 188/1283: https://iptv-org.github.io/iptv/cities/grkkz.m3u -> records=1 epg=0
2026-09-23 08:20:58,712 | INFO | SOURCE 189/1283: https://iptv-org.github.io/iptv/cities/demun.m3u -> records=1 epg=0
2026-09-23 08:20:58,712 | INFO | SOURCE 190/1283: https://iptv-org.github.io/iptv/cities/idpdg.m3u -> records=1 epg=0
2026-09-23 08:20:58,712 | INFO | SOURCE 191/1283: https://iptv-org.github.io/iptv/cities/grskg.m3u -> records=5 epg=0
2026-09-23 08:20:58,724 | INFO | SOURCE 192/1283: https://iptv-org.github.io/iptv/cities/id5su.m3u -> records=2 epg=0
2026-09-23 08:20:58,732 | INFO | SOURCE 193/1283: https://iptv-org.github.io/iptv/cities/eshuv.m3u -> records=1 epg=0
2026-09-23 08:20:58,733 | INFO | SOURCE 194/1283: https://iptv-org.github.io/iptv/cities/idtsy.m3u -> records=1 epg=0
2026-09-23 08:20:58,733 | INFO | SOURCE 195/1283: https://iptv-org.github.io/iptv/cities/idpwl.m3u -> records=1 epg=0
2026-09-23 08:20:58,733 | INFO | SOURCE 196/1283: https://iptv-org.github.io/iptv/cities/essbp.m3u -> records=2 epg=0
2026-09-23 08:20:58,739 | INFO | SOURCE 197/1283: https://iptv-org.github.io/iptv/cities/estol.m3u -> records=1 epg=0
2026-09-23 08:20:58,739 | INFO | SOURCE 198/1283: https://iptv-org.github.io/iptv/cities/idmak.m3u -> records=2 epg=0
2026-09-23 08:20:58,739 | INFO | SOURCE 199/1283: https://iptv-org.github.io/iptv/cities/espfl.m3u -> records=1 epg=0
2026-09-23 08:20:58,739 | INFO | SOURCE 200/1283: https://iptv-org.github.io/iptv/cities/invgh.m3u -> records=1 epg=0
2026-09-23 08:20:58,763 | INFO | SOURCE 201/1283: https://iptv-org.github.io/iptv/cities/indil.m3u -> records=1 epg=0
2026-09-23 08:20:58,763 | INFO | SOURCE 202/1283: https://iptv-org.github.io/iptv/cities/grioa.m3u -> records=1 epg=0
2026-09-23 08:20:58,763 | INFO | SOURCE 203/1283: https://iptv-org.github.io/iptv/cities/idbdj.m3u -> records=2 epg=0
2026-09-23 08:20:58,763 | INFO | SOURCE 204/1283: https://iptv-org.github.io/iptv/cities/intri.m3u -> records=1 epg=0
2026-09-23 08:20:58,767 | INFO | SOURCE 205/1283: https://iptv-org.github.io/iptv/cities/idsrg.m3u -> records=1 epg=0
2026-09-23 08:20:58,767 | INFO | SOURCE 206/1283: https://iptv-org.github.io/iptv/cities/idtlu.m3u -> records=1 epg=0
2026-09-23 08:20:58,767 | INFO | SOURCE 207/1283: https://iptv-org.github.io/iptv/cities/indel.m3u -> records=1 epg=0
2026-09-23 08:20:58,767 | INFO | SOURCE 208/1283: https://iptv-org.github.io/iptv/cities/idser.m3u -> records=1 epg=0
2026-09-23 08:20:58,775 | INFO | SOURCE 209/1283: https://iptv-org.github.io/iptv/cities/idtkg.m3u -> records=3 epg=0
2026-09-23 08:20:58,775 | INFO | SOURCE 210/1283: https://iptv-org.github.io/iptv/cities/idmlg.m3u -> records=3 epg=0
2026-09-23 08:20:58,775 | INFO | SOURCE 211/1283: https://iptv-org.github.io/iptv/cities/idabu.m3u -> records=1 epg=0
2026-09-23 08:20:58,775 | INFO | SOURCE 212/1283: https://iptv-org.github.io/iptv/cities/idmdc.m3u -> records=1 epg=0
2026-09-23 08:20:58,778 | INFO | SOURCE 213/1283: https://iptv-org.github.io/iptv/cities/indpi.m3u -> records=1 epg=0
2026-09-23 08:20:58,779 | INFO | SOURCE 214/1283: https://iptv-org.github.io/iptv/cities/inccj.m3u -> records=1 epg=0
2026-09-23 08:20:58,779 | INFO | SOURCE 215/1283: https://iptv-org.github.io/iptv/cities/krchc.m3u -> records=1 epg=0
2026-09-23 08:20:58,787 | INFO | SOURCE 216/1283: https://iptv-org.github.io/iptv/cities/idkdr.m3u -> records=2 epg=0
2026-09-23 08:20:58,789 | INFO | SOURCE 217/1283: https://iptv-org.github.io/iptv/cities/eslgr.m3u -> records=1 epg=0
2026-09-23 08:20:58,790 | INFO | SOURCE 218/1283: https://iptv-org.github.io/iptv/cities/krcha.m3u -> records=2 epg=0
2026-09-23 08:20:58,791 | INFO | SOURCE 219/1283: https://iptv-org.github.io/iptv/cities/inngc.m3u -> records=1 epg=0
2026-09-23 08:20:58,792 | INFO | SOURCE 220/1283: https://iptv-org.github.io/iptv/cities/intjv.m3u -> records=1 epg=0
2026-09-23 08:20:58,792 | INFO | SOURCE 221/1283: https://iptv-org.github.io/iptv/cities/inkar.m3u -> records=1 epg=0
2026-09-23 08:20:58,792 | INFO | SOURCE 222/1283: https://iptv-org.github.io/iptv/cities/krmok.m3u -> records=1 epg=0
2026-09-23 08:20:58,792 | INFO | SOURCE 223/1283: https://iptv-org.github.io/iptv/cities/esazj.m3u -> records=1 epg=0
2026-09-23 08:20:58,792 | INFO | SOURCE 224/1283: https://iptv-org.github.io/iptv/cities/intks.m3u -> records=3 epg=0
2026-09-23 08:20:58,797 | INFO | SOURCE 225/1283: https://iptv-org.github.io/iptv/cities/idskt.m3u -> records=1 epg=0
2026-09-23 08:20:58,803 | INFO | SOURCE 226/1283: https://iptv-org.github.io/iptv/cities/idsub.m3u -> records=3 epg=0
2026-09-23 08:20:58,807 | INFO | SOURCE 227/1283: https://iptv-org.github.io/iptv/cities/krtjn.m3u -> records=1 epg=0
2026-09-23 08:20:58,811 | INFO | SOURCE 228/1283: https://iptv-org.github.io/iptv/cities/krbcn.m3u -> records=1 epg=0
2026-09-23 08:20:58,812 | INFO | SOURCE 229/1283: https://iptv-org.github.io/iptv/cities/gtsol.m3u -> records=1 epg=0
2026-09-23 08:20:58,813 | INFO | SOURCE 230/1283: https://iptv-org.github.io/iptv/cities/usanp.m3u -> records=2 epg=0
2026-09-23 08:20:58,817 | INFO | SOURCE 231/1283: https://iptv-org.github.io/iptv/cities/pesip.m3u -> records=3 epg=0
2026-09-23 08:20:58,817 | INFO | SOURCE 232/1283: https://iptv-org.github.io/iptv/cities/inkcp.m3u -> records=1 epg=0
2026-09-23 08:20:58,820 | INFO | SOURCE 233/1283: https://iptv-org.github.io/iptv/categories/undefined.m3u -> records=1449 epg=0
2026-09-23 08:20:58,821 | INFO | SOURCE 234/1283: https://iptv-org.github.io/iptv/cities/krpus.m3u -> records=2 epg=0
2026-09-23 08:20:58,821 | INFO | SOURCE 235/1283: https://iptv-org.github.io/iptv/cities/krcoj.m3u -> records=1 epg=0
2026-09-23 08:20:58,823 | INFO | SOURCE 236/1283: https://iptv-org.github.io/iptv/cities/meulc.m3u -> records=1 epg=0
2026-09-23 08:20:58,823 | INFO | SOURCE 237/1283: https://iptv-org.github.io/iptv/cities/pycoo.m3u -> records=1 epg=0
2026-09-23 08:20:58,823 | INFO | SOURCE 238/1283: https://iptv-org.github.io/iptv/cities/mxsbn.m3u -> records=1 epg=0
2026-09-23 08:20:58,823 | INFO | SOURCE 239/1283: https://iptv-org.github.io/iptv/cities/peab4.m3u -> records=1 epg=0
2026-09-23 08:20:58,823 | INFO | SOURCE 240/1283: https://iptv-org.github.io/iptv/cities/krjnj.m3u -> records=2 epg=0
2026-09-23 08:20:58,823 | INFO | SOURCE 241/1283: https://iptv-org.github.io/iptv/cities/usaev.m3u -> records=1 epg=0
2026-09-23 08:20:58,823 | INFO | SOURCE 242/1283: https://iptv-org.github.io/iptv/cities/kryos.m3u -> records=1 epg=0
2026-09-23 08:20:58,823 | INFO | SOURCE 243/1283: https://iptv-org.github.io/iptv/cities/pebag.m3u -> records=1 epg=0
2026-09-23 08:20:58,827 | INFO | SOURCE 244/1283: https://iptv-org.github.io/iptv/cities/mxcun.m3u -> records=2 epg=0
2026-09-23 08:20:58,828 | INFO | SOURCE 245/1283: https://iptv-org.github.io/iptv/cities/ruvms.m3u -> records=1 epg=0
2026-09-23 08:20:58,830 | INFO | SOURCE 246/1283: https://iptv-org.github.io/iptv/cities/inpal.m3u -> records=1 epg=0
2026-09-23 08:20:58,831 | INFO | SOURCE 247/1283: https://iptv-org.github.io/iptv/cities/pyeno.m3u -> records=1 epg=0
2026-09-23 08:20:58,834 | INFO | SOURCE 248/1283: https://iptv-org.github.io/iptv/cities/inagu.m3u -> records=1 epg=0
2026-09-23 08:20:58,834 | INFO | SOURCE 249/1283: https://iptv-org.github.io/iptv/cities/krusn.m3u -> records=1 epg=0
2026-09-23 08:20:58,834 | INFO | SOURCE 250/1283: https://iptv-org.github.io/iptv/cities/pepcl.m3u -> records=2 epg=0
2026-09-23 08:20:58,834 | INFO | SOURCE 251/1283: https://iptv-org.github.io/iptv/cities/usauc.m3u -> records=1 epg=0
2026-09-23 08:20:58,834 | INFO | SOURCE 252/1283: https://iptv-org.github.io/iptv/cities/pehnt.m3u -> records=1 epg=0
2026-09-23 08:20:58,834 | INFO | SOURCE 253/1283: https://iptv-org.github.io/iptv/cities/pejhy.m3u -> records=3 epg=0
2026-09-23 08:20:58,834 | INFO | SOURCE 254/1283: https://iptv-org.github.io/iptv/cities/kradg.m3u -> records=1 epg=0
2026-09-23 08:20:58,835 | INFO | SOURCE 255/1283: https://iptv-org.github.io/iptv/cities/pyflm.m3u -> records=1 epg=0
2026-09-23 08:20:58,835 | INFO | SOURCE 256/1283: https://iptv-org.github.io/iptv/cities/mxtij.m3u -> records=1 epg=0
2026-09-23 08:20:58,835 | INFO | SOURCE 257/1283: https://iptv-org.github.io/iptv/cities/pelim.m3u -> records=4 epg=0
2026-09-23 08:20:58,835 | INFO | SOURCE 258/1283: https://iptv-org.github.io/iptv/cities/mxcjs.m3u -> records=1 epg=0
2026-09-23 08:20:58,835 | INFO | SOURCE 259/1283: https://iptv-org.github.io/iptv/cities/krtae.m3u -> records=2 epg=0
2026-09-23 08:20:58,835 | INFO | SOURCE 260/1283: https://iptv-org.github.io/iptv/cities/mxsqe.m3u -> records=1 epg=0
2026-09-23 08:20:58,835 | INFO | SOURCE 261/1283: https://iptv-org.github.io/iptv/cities/peyms.m3u -> records=1 epg=0
2026-09-23 08:20:58,835 | INFO | SOURCE 262/1283: https://iptv-org.github.io/iptv/cities/pkisb.m3u -> records=1 epg=0
2026-09-23 08:20:58,835 | INFO | SOURCE 263/1283: https://iptv-org.github.io/iptv/cities/usahn.m3u -> records=2 epg=0
2026-09-23 08:20:58,835 | INFO | SOURCE 264/1283: https://iptv-org.github.io/iptv/cities/usbur.m3u -> records=1 epg=0
2026-09-23 08:20:58,835 | INFO | SOURCE 265/1283: https://iptv-org.github.io/iptv/cities/mxmid.m3u -> records=1 epg=0
2026-09-23 08:20:58,835 | INFO | SOURCE 266/1283: https://iptv-org.github.io/iptv/cities/usaac.m3u -> records=2 epg=0
2026-09-23 08:20:58,835 | INFO | SOURCE 267/1283: https://iptv-org.github.io/iptv/cities/usbos.m3u -> records=5 epg=0
2026-09-23 08:20:58,835 | INFO | SOURCE 268/1283: https://iptv-org.github.io/iptv/cities/peaqp.m3u -> records=1 epg=0
2026-09-23 08:20:58,835 | INFO | SOURCE 269/1283: https://iptv-org.github.io/iptv/cities/usact.m3u -> records=1 epg=0
2026-09-23 08:20:58,835 | INFO | SOURCE 270/1283: https://iptv-org.github.io/iptv/cities/usaus.m3u -> records=5 epg=0
2026-09-23 08:20:58,836 | INFO | SOURCE 271/1283: https://iptv-org.github.io/iptv/cities/usaum.m3u -> records=1 epg=0
2026-09-23 08:20:58,836 | INFO | SOURCE 272/1283: https://iptv-org.github.io/iptv/cities/usalb.m3u -> records=1 epg=0
2026-09-23 08:20:58,836 | INFO | SOURCE 273/1283: https://iptv-org.github.io/iptv/cities/usbfl.m3u -> records=2 epg=0
2026-09-23 08:20:58,836 | INFO | SOURCE 274/1283: https://iptv-org.github.io/iptv/cities/usabq.m3u -> records=1 epg=0
2026-09-23 08:20:58,836 | INFO | SOURCE 275/1283: https://iptv-org.github.io/iptv/cities/usbdr.m3u -> records=1 epg=0
2026-09-23 08:20:58,836 | INFO | SOURCE 276/1283: https://iptv-org.github.io/iptv/cities/rukrr.m3u -> records=1 epg=0
2026-09-23 08:20:58,836 | INFO | SOURCE 277/1283: https://iptv-org.github.io/iptv/cities/peiqt.m3u -> records=1 epg=0
2026-09-23 08:20:58,836 | INFO | SOURCE 278/1283: https://iptv-org.github.io/iptv/cities/usbgk.m3u -> records=1 epg=0
2026-09-23 08:20:58,836 | INFO | SOURCE 279/1283: https://iptv-org.github.io/iptv/cities/usccr.m3u -> records=1 epg=0
2026-09-23 08:20:58,836 | INFO | SOURCE 280/1283: https://iptv-org.github.io/iptv/cities/usash.m3u -> records=4 epg=0
2026-09-23 08:20:58,836 | INFO | SOURCE 281/1283: https://iptv-org.github.io/iptv/cities/usatl.m3u -> records=4 epg=0
2026-09-23 08:20:58,836 | INFO | SOURCE 282/1283: https://iptv-org.github.io/iptv/cities/rugrv.m3u -> records=1 epg=0
2026-09-23 08:20:58,836 | INFO | SOURCE 283/1283: https://iptv-org.github.io/iptv/cities/uscrp.m3u -> records=3 epg=0
2026-09-23 08:20:58,836 | INFO | SOURCE 284/1283: https://iptv-org.github.io/iptv/cities/usbbi.m3u -> records=1 epg=0
2026-09-23 08:20:58,836 | INFO | SOURCE 285/1283: https://iptv-org.github.io/iptv/cities/uschi.m3u -> records=7 epg=0
2026-09-23 08:20:58,836 | INFO | SOURCE 286/1283: https://iptv-org.github.io/iptv/cities/uscek.m3u -> records=1 epg=0
2026-09-23 08:20:58,836 | INFO | SOURCE 287/1283: https://iptv-org.github.io/iptv/cities/usclb.m3u -> records=1 epg=0
2026-09-23 08:20:58,836 | INFO | SOURCE 288/1283: https://iptv-org.github.io/iptv/cities/usbal.m3u -> records=3 epg=0
2026-09-23 08:20:58,836 | INFO | SOURCE 289/1283: https://iptv-org.github.io/iptv/cities/uscmi.m3u -> records=1 epg=0
2026-09-23 08:20:58,836 | INFO | SOURCE 290/1283: https://iptv-org.github.io/iptv/cities/usazo.m3u -> records=1 epg=0
2026-09-23 08:20:58,836 | INFO | SOURCE 291/1283: https://iptv-org.github.io/iptv/cities/usasi.m3u -> records=3 epg=0
2026-09-23 08:20:58,836 | INFO | SOURCE 292/1283: https://iptv-org.github.io/iptv/cities/usbvh.m3u -> records=3 epg=0
2026-09-23 08:20:58,836 | INFO | SOURCE 293/1283: https://iptv-org.github.io/iptv/cities/uschs.m3u -> records=1 epg=0
2026-09-23 08:20:58,836 | INFO | SOURCE 294/1283: https://iptv-org.github.io/iptv/cities/uscgi.m3u -> records=1 epg=0
2026-09-23 08:20:58,836 | INFO | SOURCE 295/1283: https://iptv-org.github.io/iptv/cities/usbl8.m3u -> records=3 epg=0
2026-09-23 08:20:58,836 | INFO | SOURCE 296/1283: https://iptv-org.github.io/iptv/cities/usbma.m3u -> records=2 epg=0
2026-09-23 08:20:58,836 | INFO | SOURCE 297/1283: https://iptv-org.github.io/iptv/cities/rotgu.m3u -> records=1 epg=0
2026-09-23 08:20:58,836 | INFO | SOURCE 298/1283: https://iptv-org.github.io/iptv/cities/usdsm.m3u -> records=1 epg=0
2026-09-23 08:20:58,836 | INFO | SOURCE 299/1283: https://iptv-org.github.io/iptv/cities/uscrz.m3u -> records=1 epg=0
2026-09-23 08:20:58,837 | INFO | SOURCE 300/1283: https://iptv-org.github.io/iptv/cities/uscc2.m3u -> records=1 epg=0
2026-09-23 08:20:58,839 | INFO | SOURCE 301/1283: https://iptv-org.github.io/iptv/cities/uscsl.m3u -> records=1 epg=0
2026-09-23 08:20:58,842 | INFO | SOURCE 302/1283: https://iptv-org.github.io/iptv/cities/uscyq.m3u -> records=1 epg=0
2026-09-23 08:20:58,842 | INFO | SOURCE 303/1283: https://iptv-org.github.io/iptv/cities/usdal.m3u -> records=1 epg=0
2026-09-23 08:20:58,842 | INFO | SOURCE 304/1283: https://iptv-org.github.io/iptv/cities/usdab.m3u -> records=1 epg=0
2026-09-23 08:20:58,843 | INFO | SOURCE 305/1283: https://iptv-org.github.io/iptv/cities/usapf.m3u -> records=1 epg=0
2026-09-23 08:20:58,843 | INFO | SOURCE 306/1283: https://iptv-org.github.io/iptv/cities/usday.m3u -> records=2 epg=0
2026-09-23 08:20:58,844 | INFO | SOURCE 307/1283: https://iptv-org.github.io/iptv/cities/usch3.m3u -> records=1 epg=0
2026-09-23 08:20:58,844 | INFO | SOURCE 308/1283: https://iptv-org.github.io/iptv/cities/usbtl.m3u -> records=2 epg=0
2026-09-23 08:20:58,844 | INFO | SOURCE 309/1283: https://iptv-org.github.io/iptv/cities/uscld.m3u -> records=1 epg=0
2026-09-23 08:20:58,844 | INFO | SOURCE 310/1283: https://iptv-org.github.io/iptv/cities/uscha.m3u -> records=1 epg=0
2026-09-23 08:20:58,844 | INFO | SOURCE 311/1283: https://iptv-org.github.io/iptv/cities/usbun.m3u -> records=1 epg=0
2026-09-23 08:20:58,844 | INFO | SOURCE 312/1283: https://iptv-org.github.io/iptv/cities/usclt.m3u -> records=2 epg=0
2026-09-23 08:20:58,844 | INFO | SOURCE 313/1283: https://iptv-org.github.io/iptv/cities/uscvg.m3u -> records=1 epg=0
2026-09-23 08:20:58,844 | INFO | SOURCE 314/1283: https://iptv-org.github.io/iptv/cities/usbms.m3u -> records=4 epg=0
2026-09-23 08:20:58,844 | INFO | SOURCE 315/1283: https://iptv-org.github.io/iptv/cities/usfwt.m3u -> records=1 epg=0
2026-09-23 08:20:58,845 | INFO | SOURCE 316/1283: https://iptv-org.github.io/iptv/cities/usbtr.m3u -> records=1 epg=0
2026-09-23 08:20:58,845 | INFO | SOURCE 317/1283: https://iptv-org.github.io/iptv/cities/uscyi.m3u -> records=1 epg=0
2026-09-23 08:20:58,845 | INFO | SOURCE 318/1283: https://iptv-org.github.io/iptv/cities/usgls.m3u -> records=1 epg=0
2026-09-23 08:20:58,845 | INFO | SOURCE 319/1283: https://iptv-org.github.io/iptv/cities/usgcc.m3u -> records=3 epg=0
2026-09-23 08:20:58,845 | INFO | SOURCE 320/1283: https://iptv-org.github.io/iptv/cities/usdnp.m3u -> records=2 epg=0
2026-09-23 08:20:58,846 | INFO | SOURCE 321/1283: https://iptv-org.github.io/iptv/cities/usdlh.m3u -> records=1 epg=0
2026-09-23 08:20:58,846 | INFO | SOURCE 322/1283: https://iptv-org.github.io/iptv/cities/usden.m3u -> records=2 epg=0
2026-09-23 08:20:58,846 | INFO | SOURCE 323/1283: https://iptv-org.github.io/iptv/cities/usfhm.m3u -> records=1 epg=0
2026-09-23 08:20:58,846 | INFO | SOURCE 324/1283: https://iptv-org.github.io/iptv/cities/usfxg.m3u -> records=1 epg=0
2026-09-23 08:20:58,846 | INFO | SOURCE 325/1283: https://iptv-org.github.io/iptv/cities/uscqv.m3u -> records=1 epg=0
2026-09-23 08:20:58,846 | INFO | SOURCE 326/1283: https://iptv-org.github.io/iptv/cities/usczm.m3u -> records=1 epg=0
2026-09-23 08:20:58,846 | INFO | SOURCE 327/1283: https://iptv-org.github.io/iptv/cities/usfnl.m3u -> records=3 epg=0
2026-09-23 08:20:58,846 | INFO | SOURCE 328/1283: https://iptv-org.github.io/iptv/cities/usfat.m3u -> records=3 epg=0
2026-09-23 08:20:58,846 | INFO | SOURCE 329/1283: https://iptv-org.github.io/iptv/categories/general.m3u -> records=2712 epg=0
2026-09-23 08:20:58,846 | INFO | SOURCE 330/1283: https://iptv-org.github.io/iptv/cities/usflo.m3u -> records=1 epg=0
2026-09-23 08:20:58,846 | INFO | SOURCE 331/1283: https://iptv-org.github.io/iptv/cities/usfpr.m3u -> records=1 epg=0
2026-09-23 08:20:58,846 | INFO | SOURCE 332/1283: https://iptv-org.github.io/iptv/cities/usd5w.m3u -> records=2 epg=0
2026-09-23 08:20:58,846 | INFO | SOURCE 333/1283: https://iptv-org.github.io/iptv/cities/usifp.m3u -> records=1 epg=0
2026-09-23 08:20:58,846 | INFO | SOURCE 334/1283: https://iptv-org.github.io/iptv/cities/usdmo.m3u -> records=1 epg=0
2026-09-23 08:20:58,846 | INFO | SOURCE 335/1283: https://iptv-org.github.io/iptv/cities/usgrx.m3u -> records=1 epg=0
2026-09-23 08:20:58,846 | INFO | SOURCE 336/1283: https://iptv-org.github.io/iptv/cities/usdet.m3u -> records=6 epg=0
2026-09-23 08:20:58,846 | INFO | SOURCE 337/1283: https://iptv-org.github.io/iptv/cities/ushnl.m3u -> records=2 epg=0
2026-09-23 08:20:58,846 | INFO | SOURCE 338/1283: https://iptv-org.github.io/iptv/cities/usgoe.m3u -> records=1 epg=0
2026-09-23 08:20:58,846 | INFO | SOURCE 339/1283: https://iptv-org.github.io/iptv/cities/useyw.m3u -> records=2 epg=0
2026-09-23 08:20:58,846 | INFO | SOURCE 340/1283: https://iptv-org.github.io/iptv/cities/usgnv.m3u -> records=1 epg=0
2026-09-23 08:20:58,846 | INFO | SOURCE 341/1283: https://iptv-org.github.io/iptv/cities/usewr.m3u -> records=2 epg=0
2026-09-23 08:20:58,846 | INFO | SOURCE 342/1283: https://iptv-org.github.io/iptv/cities/uselp.m3u -> records=4 epg=0
2026-09-23 08:20:58,846 | INFO | SOURCE 343/1283: https://iptv-org.github.io/iptv/cities/ushtd.m3u -> records=1 epg=0
2026-09-23 08:20:58,846 | INFO | SOURCE 344/1283: https://iptv-org.github.io/iptv/cities/uscmh.m3u -> records=1 epg=0
2026-09-23 08:20:58,846 | INFO | SOURCE 345/1283: https://iptv-org.github.io/iptv/cities/usfeb.m3u -> records=1 epg=0
2026-09-23 08:20:58,846 | INFO | SOURCE 346/1283: https://iptv-org.github.io/iptv/cities/ushig.m3u -> records=1 epg=0
2026-09-23 08:20:58,846 | INFO | SOURCE 347/1283: https://iptv-org.github.io/iptv/cities/usict.m3u -> records=1 epg=0
2026-09-23 08:20:58,846 | INFO | SOURCE 348/1283: https://iptv-org.github.io/iptv/cities/usgv9.m3u -> records=2 epg=0
2026-09-23 08:20:58,846 | INFO | SOURCE 349/1283: https://iptv-org.github.io/iptv/cities/usiyh.m3u -> records=1 epg=0
2026-09-23 08:20:58,846 | INFO | SOURCE 350/1283: https://iptv-org.github.io/iptv/cities/useka.m3u -> records=1 epg=0
2026-09-23 08:20:58,846 | INFO | SOURCE 351/1283: https://iptv-org.github.io/iptv/cities/usjgt.m3u -> records=1 epg=0
2026-09-23 08:20:58,847 | INFO | SOURCE 352/1283: https://iptv-org.github.io/iptv/cities/usgir.m3u -> records=4 epg=0
2026-09-23 08:20:58,847 | INFO | SOURCE 353/1283: https://iptv-org.github.io/iptv/cities/ushdu.m3u -> records=3 epg=0
2026-09-23 08:20:58,847 | INFO | SOURCE 354/1283: https://iptv-org.github.io/iptv/cities/ushou.m3u -> records=3 epg=0
2026-09-23 08:20:58,847 | INFO | SOURCE 355/1283: https://iptv-org.github.io/iptv/cities/uslax.m3u -> records=7 epg=0
2026-09-23 08:20:58,847 | INFO | SOURCE 356/1283: https://iptv-org.github.io/iptv/cities/usgrb.m3u -> records=2 epg=0
2026-09-23 08:20:58,847 | INFO | SOURCE 357/1283: https://iptv-org.github.io/iptv/cities/uslit.m3u -> records=1 epg=0
2026-09-23 08:20:58,847 | INFO | SOURCE 358/1283: https://iptv-org.github.io/iptv/cities/uslbj.m3u -> records=1 epg=0
2026-09-23 08:20:58,848 | INFO | SOURCE 359/1283: https://iptv-org.github.io/iptv/cities/usgda.m3u -> records=1 epg=0
2026-09-23 08:20:58,848 | INFO | SOURCE 360/1283: https://iptv-org.github.io/iptv/cities/uskck.m3u -> records=1 epg=0
2026-09-23 08:20:58,848 | INFO | SOURCE 361/1283: https://iptv-org.github.io/iptv/cities/usint.m3u -> records=1 epg=0
2026-09-23 08:20:58,848 | INFO | SOURCE 362/1283: https://iptv-org.github.io/iptv/cities/uskft.m3u -> records=1 epg=0
2026-09-23 08:20:58,848 | INFO | SOURCE 363/1283: https://iptv-org.github.io/iptv/cities/usjgx.m3u -> records=1 epg=0
2026-09-23 08:20:58,848 | INFO | SOURCE 364/1283: https://iptv-org.github.io/iptv/cities/usjst.m3u -> records=1 epg=0
2026-09-23 08:20:58,848 | INFO | SOURCE 365/1283: https://iptv-org.github.io/iptv/cities/uslcb.m3u -> records=1 epg=0
2026-09-23 08:20:58,848 | INFO | SOURCE 366/1283: https://iptv-org.github.io/iptv/cities/usfmy.m3u -> records=1 epg=0
2026-09-23 08:20:58,849 | INFO | SOURCE 367/1283: https://iptv-org.github.io/iptv/cities/ushvn.m3u -> records=1 epg=0
2026-09-23 08:20:58,849 | INFO | SOURCE 368/1283: https://iptv-org.github.io/iptv/cities/uslnk.m3u -> records=1 epg=0
2026-09-23 08:20:58,849 | INFO | SOURCE 369/1283: https://iptv-org.github.io/iptv/cities/uslas.m3u -> records=10 epg=0
2026-09-23 08:20:58,849 | INFO | SOURCE 370/1283: https://iptv-org.github.io/iptv/cities/uslft.m3u -> records=1 epg=0
2026-09-23 08:20:58,849 | INFO | SOURCE 371/1283: https://iptv-org.github.io/iptv/cities/uslex.m3u -> records=2 epg=0
2026-09-23 08:20:58,849 | INFO | SOURCE 372/1283: https://iptv-org.github.io/iptv/cities/usilg.m3u -> records=1 epg=0
2026-09-23 08:20:58,849 | INFO | SOURCE 373/1283: https://iptv-org.github.io/iptv/cities/uslxx.m3u -> records=1 epg=0
2026-09-23 08:20:58,849 | INFO | SOURCE 374/1283: https://iptv-org.github.io/iptv/cities/uslia.m3u -> records=1 epg=0
2026-09-23 08:20:58,849 | INFO | SOURCE 375/1283: https://iptv-org.github.io/iptv/cities/usilm.m3u -> records=1 epg=0
2026-09-23 08:20:58,849 | INFO | SOURCE 376/1283: https://iptv-org.github.io/iptv/cities/usgpt.m3u -> records=1 epg=0
2026-09-23 08:20:58,851 | INFO | SOURCE 377/1283: https://iptv-org.github.io/iptv/cities/uslto.m3u -> records=1 epg=0
2026-09-23 08:20:58,851 | INFO | SOURCE 378/1283: https://iptv-org.github.io/iptv/cities/usmem.m3u -> records=1 epg=0
2026-09-23 08:20:58,851 | INFO | SOURCE 379/1283: https://iptv-org.github.io/iptv/cities/uslov.m3u -> records=1 epg=0
2026-09-23 08:20:58,851 | INFO | SOURCE 380/1283: https://iptv-org.github.io/iptv/cities/usjnu.m3u -> records=1 epg=0
2026-09-23 08:20:58,852 | INFO | SOURCE 381/1283: https://iptv-org.github.io/iptv/cities/usmob.m3u -> records=1 epg=0
2026-09-23 08:20:58,852 | INFO | SOURCE 382/1283: https://iptv-org.github.io/iptv/cities/usljk.m3u -> records=1 epg=0
2026-09-23 08:20:58,854 | INFO | SOURCE 383/1283: https://iptv-org.github.io/iptv/cities/usjot.m3u -> records=1 epg=0
2026-09-23 08:20:58,855 | INFO | SOURCE 384/1283: https://iptv-org.github.io/iptv/cities/usnfc.m3u -> records=3 epg=0
2026-09-23 08:20:58,856 | INFO | SOURCE 385/1283: https://iptv-org.github.io/iptv/cities/uslee.m3u -> records=1 epg=0
2026-09-23 08:20:58,861 | INFO | SOURCE 386/1283: https://iptv-org.github.io/iptv/cities/usnak.m3u -> records=3 epg=0
2026-09-23 08:20:58,861 | INFO | SOURCE 387/1283: https://iptv-org.github.io/iptv/cities/uslpc.m3u -> records=3 epg=0
2026-09-23 08:20:58,863 | INFO | SOURCE 388/1283: https://iptv-org.github.io/iptv/cities/usjax.m3u -> records=2 epg=0
2026-09-23 08:20:58,868 | INFO | SOURCE 389/1283: https://iptv-org.github.io/iptv/cities/usmke.m3u -> records=3 epg=0
2026-09-23 08:20:58,869 | INFO | SOURCE 390/1283: https://iptv-org.github.io/iptv/cities/usmy3.m3u -> records=5 epg=0
2026-09-23 08:20:58,870 | INFO | SOURCE 391/1283: https://iptv-org.github.io/iptv/cities/usmia.m3u -> records=3 epg=0
2026-09-23 08:20:58,875 | INFO | SOURCE 392/1283: https://iptv-org.github.io/iptv/cities/usmkl.m3u -> records=1 epg=0
2026-09-23 08:20:58,881 | INFO | SOURCE 393/1283: https://iptv-org.github.io/iptv/cities/uslui.m3u -> records=2 epg=0
2026-09-23 08:20:58,889 | INFO | SOURCE 394/1283: https://iptv-org.github.io/iptv/cities/usmht.m3u -> records=1 epg=0
2026-09-23 08:20:58,890 | INFO | SOURCE 395/1283: https://iptv-org.github.io/iptv/cities/usknl.m3u -> records=1 epg=0
2026-09-23 08:20:58,890 | INFO | SOURCE 396/1283: https://iptv-org.github.io/iptv/cities/usnwn.m3u -> records=1 epg=0
2026-09-23 08:20:58,892 | INFO | SOURCE 397/1283: https://iptv-org.github.io/iptv/cities/uslqq.m3u -> records=1 epg=0
2026-09-23 08:20:58,895 | INFO | SOURCE 398/1283: https://iptv-org.github.io/iptv/cities/usoma.m3u -> records=1 epg=0
2026-09-23 08:20:58,896 | INFO | SOURCE 399/1283: https://iptv-org.github.io/iptv/cities/usmoi.m3u -> records=3 epg=0
2026-09-23 08:20:58,898 | INFO | SOURCE 400/1283: https://iptv-org.github.io/iptv/cities/usmjk.m3u -> records=1 epg=0
2026-09-23 08:20:58,898 | INFO | SOURCE 401/1283: https://iptv-org.github.io/iptv/cities/usmcn.m3u -> records=1 epg=0
2026-09-23 08:20:58,900 | INFO | SOURCE 402/1283: https://iptv-org.github.io/iptv/cities/uslxi.m3u -> records=1 epg=0
2026-09-23 08:20:58,901 | INFO | SOURCE 403/1283: https://iptv-org.github.io/iptv/cities/usmkc.m3u -> records=1 epg=0
2026-09-23 08:20:58,902 | INFO | SOURCE 404/1283: https://iptv-org.github.io/iptv/cities/usorl.m3u -> records=2 epg=0
2026-09-23 08:20:58,903 | INFO | SOURCE 405/1283: https://iptv-org.github.io/iptv/cities/usokc.m3u -> records=2 epg=0
2026-09-23 08:20:58,905 | INFO | SOURCE 406/1283: https://iptv-org.github.io/iptv/cities/uslns.m3u -> records=1 epg=0
2026-09-23 08:20:58,905 | INFO | SOURCE 407/1283: https://iptv-org.github.io/iptv/cities/usnyc.m3u -> records=7 epg=0
2026-09-23 08:20:58,909 | INFO | SOURCE 408/1283: https://iptv-org.github.io/iptv/cities/uspat.m3u -> records=1 epg=0
2026-09-23 08:20:58,912 | INFO | SOURCE 409/1283: https://iptv-org.github.io/iptv/cities/usnrh.m3u -> records=1 epg=0
2026-09-23 08:20:58,912 | INFO | SOURCE 410/1283: https://iptv-org.github.io/iptv/cities/usmsy.m3u -> records=1 epg=0
2026-09-23 08:20:58,918 | INFO | SOURCE 411/1283: https://iptv-org.github.io/iptv/cities/usoaj.m3u -> records=1 epg=0
2026-09-23 08:20:58,920 | INFO | SOURCE 412/1283: https://iptv-org.github.io/iptv/cities/usogg.m3u -> records=3 epg=0
2026-09-23 08:20:58,924 | INFO | SOURCE 413/1283: https://iptv-org.github.io/iptv/cities/usmes.m3u -> records=3 epg=0
2026-09-23 08:20:58,925 | INFO | SOURCE 414/1283: https://iptv-org.github.io/iptv/cities/uspdx.m3u -> records=1 epg=0
2026-09-23 08:20:58,930 | INFO | SOURCE 415/1283: https://iptv-org.github.io/iptv/cities/uspfq.m3u -> records=1 epg=0
2026-09-23 08:20:58,931 | INFO | SOURCE 416/1283: https://iptv-org.github.io/iptv/cities/usphx.m3u -> records=3 epg=0
2026-09-23 08:20:58,931 | INFO | SOURCE 417/1283: https://iptv-org.github.io/iptv/cities/usp2c.m3u -> records=2 epg=0
2026-09-23 08:20:58,933 | INFO | SOURCE 418/1283: https://iptv-org.github.io/iptv/cities/uspbf.m3u -> records=1 epg=0
2026-09-23 08:20:58,935 | INFO | SOURCE 419/1283: https://iptv-org.github.io/iptv/cities/usocn.m3u -> records=2 epg=0
2026-09-23 08:20:58,936 | INFO | SOURCE 420/1283: https://iptv-org.github.io/iptv/cities/usppm.m3u -> records=1 epg=0
2026-09-23 08:20:58,939 | INFO | SOURCE 421/1283: https://iptv-org.github.io/iptv/cities/usnwc.m3u -> records=1 epg=0
2026-09-23 08:20:58,940 | INFO | SOURCE 422/1283: https://iptv-org.github.io/iptv/cities/uslmr.m3u -> records=3 epg=0
2026-09-23 08:20:58,946 | INFO | SOURCE 423/1283: https://iptv-org.github.io/iptv/cities/usphl.m3u -> records=5 epg=0
2026-09-23 08:20:58,948 | INFO | SOURCE 424/1283: https://iptv-org.github.io/iptv/cities/uspzl.m3u -> records=1 epg=0
2026-09-23 08:20:58,948 | INFO | SOURCE 425/1283: https://iptv-org.github.io/iptv/cities/usral.m3u -> records=1 epg=0
2026-09-23 08:20:58,954 | INFO | SOURCE 426/1283: https://iptv-org.github.io/iptv/cities/uspit.m3u -> records=1 epg=0
2026-09-23 08:20:58,959 | INFO | SOURCE 427/1283: https://iptv-org.github.io/iptv/cities/usril.m3u -> records=1 epg=0
2026-09-23 08:20:58,962 | INFO | SOURCE 428/1283: https://iptv-org.github.io/iptv/cities/usrkv.m3u -> records=2 epg=0
2026-09-23 08:20:58,966 | INFO | SOURCE 429/1283: https://iptv-org.github.io/iptv/cities/usoak.m3u -> records=1 epg=0
2026-09-23 08:20:58,967 | INFO | SOURCE 430/1283: https://iptv-org.github.io/iptv/cities/usont.m3u -> records=2 epg=0
2026-09-23 08:20:58,967 | INFO | SOURCE 431/1283: https://iptv-org.github.io/iptv/cities/usnwt.m3u -> records=1 epg=0
2026-09-23 08:20:58,968 | INFO | SOURCE 432/1283: https://iptv-org.github.io/iptv/cities/usndz.m3u -> records=2 epg=0
2026-09-23 08:20:58,969 | INFO | SOURCE 433/1283: https://iptv-org.github.io/iptv/cities/usrcu.m3u -> records=1 epg=0
2026-09-23 08:20:58,970 | INFO | SOURCE 434/1283: https://iptv-org.github.io/iptv/cities/uspqc.m3u -> records=2 epg=0
2026-09-23 08:20:58,973 | INFO | SOURCE 435/1283: https://iptv-org.github.io/iptv/cities/ussbn.m3u -> records=1 epg=0
2026-09-23 08:20:58,973 | INFO | SOURCE 436/1283: https://iptv-org.github.io/iptv/cities/uspbi.m3u -> records=3 epg=0
2026-09-23 08:20:58,975 | INFO | SOURCE 437/1283: https://iptv-org.github.io/iptv/cities/usorb.m3u -> records=1 epg=0
2026-09-23 08:20:58,976 | INFO | SOURCE 438/1283: https://iptv-org.github.io/iptv/cities/ussat.m3u -> records=3 epg=0
2026-09-23 08:20:58,977 | INFO | SOURCE 439/1283: https://iptv-org.github.io/iptv/cities/usrok.m3u -> records=1 epg=0
2026-09-23 08:20:58,981 | INFO | SOURCE 440/1283: https://iptv-org.github.io/iptv/cities/uspao.m3u -> records=5 epg=0
2026-09-23 08:20:58,987 | INFO | SOURCE 441/1283: https://iptv-org.github.io/iptv/countries/ae.m3u -> records=19 epg=0
2026-09-23 08:20:58,987 | INFO | SOURCE 442/1283: https://iptv-org.github.io/iptv/cities/ussea.m3u -> records=2 epg=0
2026-09-23 08:20:58,988 | INFO | SOURCE 443/1283: https://iptv-org.github.io/iptv/cities/uspvd.m3u -> records=1 epg=0
2026-09-23 08:20:58,989 | INFO | SOURCE 444/1283: https://iptv-org.github.io/iptv/countries/af.m3u -> records=24 epg=0
2026-09-23 08:20:58,992 | INFO | SOURCE 445/1283: https://iptv-org.github.io/iptv/cities/ussby.m3u -> records=1 epg=0
2026-09-23 08:20:58,995 | INFO | SOURCE 446/1283: https://iptv-org.github.io/iptv/cities/ussac.m3u -> records=3 epg=0
2026-09-23 08:20:58,997 | INFO | SOURCE 447/1283: https://iptv-org.github.io/iptv/cities/usroc.m3u -> records=1 epg=0
2026-09-23 08:20:58,998 | INFO | SOURCE 448/1283: https://iptv-org.github.io/iptv/cities/ussmo.m3u -> records=1 epg=0
2026-09-23 08:20:58,998 | INFO | SOURCE 449/1283: https://iptv-org.github.io/iptv/cities/ussfb.m3u -> records=1 epg=0
2026-09-23 08:20:59,000 | INFO | SOURCE 450/1283: https://iptv-org.github.io/iptv/countries/al.m3u -> records=28 epg=0
2026-09-23 08:20:59,001 | INFO | SOURCE 451/1283: https://iptv-org.github.io/iptv/cities/ussck.m3u -> records=1 epg=0
2026-09-23 08:20:59,002 | INFO | SOURCE 452/1283: https://iptv-org.github.io/iptv/cities/usssk.m3u -> records=1 epg=0
2026-09-23 08:20:59,002 | INFO | SOURCE 453/1283: https://iptv-org.github.io/iptv/cities/usric.m3u -> records=1 epg=0
2026-09-23 08:20:59,013 | INFO | SOURCE 454/1283: https://iptv-org.github.io/iptv/cities/ussru.m3u -> records=3 epg=0
2026-09-23 08:20:59,014 | INFO | SOURCE 455/1283: https://iptv-org.github.io/iptv/countries/ar.m3u -> records=176 epg=0
2026-09-23 08:20:59,014 | INFO | SOURCE 456/1283: https://iptv-org.github.io/iptv/cities/usscz.m3u -> records=1 epg=0
2026-09-23 08:20:59,014 | INFO | SOURCE 457/1283: https://iptv-org.github.io/iptv/cities/ussns.m3u -> records=1 epg=0
2026-09-23 08:20:59,017 | INFO | SOURCE 458/1283: https://iptv-org.github.io/iptv/cities/usrdg.m3u -> records=1 epg=0
2026-09-23 08:20:59,019 | INFO | SOURCE 459/1283: https://iptv-org.github.io/iptv/cities/ussan.m3u -> records=3 epg=0
2026-09-23 08:20:59,029 | INFO | SOURCE 460/1283: https://iptv-org.github.io/iptv/countries/be.m3u -> records=47 epg=0
2026-09-23 08:20:59,029 | INFO | SOURCE 461/1283: https://iptv-org.github.io/iptv/countries/aw.m3u -> records=12 epg=0
2026-09-23 08:20:59,029 | INFO | SOURCE 462/1283: https://iptv-org.github.io/iptv/countries/au.m3u -> records=74 epg=0
2026-09-23 08:20:59,031 | INFO | SOURCE 463/1283: https://iptv-org.github.io/iptv/cities/ustlh.m3u -> records=2 epg=0
2026-09-23 08:20:59,032 | INFO | SOURCE 464/1283: https://iptv-org.github.io/iptv/cities/ussfo.m3u -> records=5 epg=0
2026-09-23 08:20:59,032 | INFO | SOURCE 465/1283: https://iptv-org.github.io/iptv/cities/ustht.m3u -> records=1 epg=0
2026-09-23 08:20:59,033 | INFO | SOURCE 466/1283: https://iptv-org.github.io/iptv/cities/ussnk.m3u -> records=1 epg=0
2026-09-23 08:20:59,033 | INFO | SOURCE 467/1283: https://iptv-org.github.io/iptv/cities/ussbt.m3u -> records=1 epg=0
2026-09-23 08:20:59,033 | INFO | SOURCE 468/1283: https://iptv-org.github.io/iptv/cities/usttn.m3u -> records=1 epg=0
2026-09-23 08:20:59,034 | INFO | SOURCE 469/1283: https://iptv-org.github.io/iptv/cities/usslc.m3u -> records=1 epg=0
2026-09-23 08:20:59,035 | INFO | SOURCE 470/1283: https://iptv-org.github.io/iptv/countries/bn.m3u -> records=5 epg=0
2026-09-23 08:20:59,038 | INFO | SOURCE 471/1283: https://iptv-org.github.io/iptv/cities/ussmx.m3u -> records=3 epg=0
2026-09-23 08:20:59,038 | INFO | SOURCE 472/1283: https://iptv-org.github.io/iptv/cities/ustul.m3u -> records=1 epg=0
2026-09-23 08:20:59,041 | INFO | SOURCE 473/1283: https://iptv-org.github.io/iptv/cities/ustol.m3u -> records=1 epg=0
2026-09-23 08:20:59,043 | INFO | SOURCE 474/1283: https://iptv-org.github.io/iptv/cities/ustvc.m3u -> records=1 epg=0
2026-09-23 08:20:59,044 | INFO | SOURCE 475/1283: https://iptv-org.github.io/iptv/cities/ustmc.m3u -> records=1 epg=0
2026-09-23 08:20:59,045 | INFO | SOURCE 476/1283: https://iptv-org.github.io/iptv/cities/ussjc.m3u -> records=5 epg=0
2026-09-23 08:20:59,052 | INFO | SOURCE 477/1283: https://iptv-org.github.io/iptv/countries/bo.m3u -> records=85 epg=0
2026-09-23 08:20:59,052 | INFO | SOURCE 478/1283: https://iptv-org.github.io/iptv/cities/usuyk.m3u -> records=1 epg=0
2026-09-23 08:20:59,065 | INFO | SOURCE 479/1283: https://iptv-org.github.io/iptv/cities/usuyj.m3u -> records=1 epg=0
2026-09-23 08:20:59,066 | INFO | SOURCE 480/1283: https://iptv-org.github.io/iptv/countries/ch.m3u -> records=130 epg=0
2026-09-23 08:20:59,066 | INFO | SOURCE 481/1283: https://iptv-org.github.io/iptv/cities/ussjj.m3u -> records=1 epg=0
2026-09-23 08:20:59,066 | INFO | SOURCE 482/1283: https://iptv-org.github.io/iptv/cities/usstp.m3u -> records=1 epg=0
2026-09-23 08:20:59,070 | INFO | SOURCE 483/1283: https://iptv-org.github.io/iptv/cities/usvbr.m3u -> records=2 epg=0
2026-09-23 08:20:59,070 | INFO | SOURCE 484/1283: https://iptv-org.github.io/iptv/cities/uswai.m3u -> records=2 epg=0
2026-09-23 08:20:59,070 | INFO | SOURCE 485/1283: https://iptv-org.github.io/iptv/countries/cd.m3u -> records=16 epg=0
2026-09-23 08:20:59,073 | INFO | SOURCE 486/1283: https://iptv-org.github.io/iptv/cities/usubs.m3u -> records=1 epg=0
2026-09-23 08:20:59,074 | INFO | SOURCE 487/1283: https://iptv-org.github.io/iptv/cities/usstz.m3u -> records=1 epg=0
2026-09-23 08:20:59,074 | INFO | SOURCE 488/1283: https://iptv-org.github.io/iptv/cities/ussor.m3u -> records=1 epg=0
2026-09-23 08:20:59,074 | INFO | SOURCE 489/1283: https://iptv-org.github.io/iptv/cities/usvis.m3u -> records=1 epg=0
2026-09-23 08:20:59,078 | INFO | SOURCE 490/1283: https://iptv-org.github.io/iptv/cities/uswko.m3u -> records=2 epg=0
2026-09-23 08:20:59,078 | INFO | SOURCE 491/1283: https://iptv-org.github.io/iptv/countries/cr.m3u -> records=65 epg=0
2026-09-23 08:20:59,083 | INFO | SOURCE 492/1283: https://iptv-org.github.io/iptv/cities/usszg.m3u -> records=1 epg=0
2026-09-23 08:20:59,098 | INFO | SOURCE 493/1283: https://iptv-org.github.io/iptv/cities/uswwu.m3u -> records=1 epg=0
2026-09-23 08:20:59,111 | INFO | SOURCE 494/1283: https://iptv-org.github.io/iptv/cities/usyum.m3u -> records=3 epg=0
2026-09-23 08:20:59,114 | INFO | SOURCE 495/1283: https://iptv-org.github.io/iptv/countries/cn.m3u -> records=143 epg=0
2026-09-23 08:20:59,118 | INFO | SOURCE 496/1283: https://iptv-org.github.io/iptv/cities/uszgv.m3u -> records=1 epg=0
2026-09-23 08:20:59,124 | INFO | SOURCE 497/1283: https://iptv-org.github.io/iptv/cities/uswhr.m3u -> records=1 epg=0
2026-09-23 08:20:59,127 | INFO | SOURCE 498/1283: https://iptv-org.github.io/iptv/countries/ee.m3u -> records=26 epg=0
2026-09-23 08:20:59,132 | INFO | SOURCE 499/1283: https://iptv-org.github.io/iptv/cities/usspi.m3u -> records=2 epg=0
2026-09-23 08:20:59,143 | INFO | SOURCE 500/1283: https://iptv-org.github.io/iptv/cities/usxfr.m3u -> records=1 epg=0
2026-09-23 08:20:59,147 | INFO | SOURCE 501/1283: https://iptv-org.github.io/iptv/cities/usxmg.m3u -> records=1 epg=0
2026-09-23 08:20:59,148 | INFO | SOURCE 502/1283: https://iptv-org.github.io/iptv/cities/ussuu.m3u -> records=1 epg=0
2026-09-23 08:20:59,154 | INFO | SOURCE 503/1283: https://iptv-org.github.io/iptv/cities/usxlu.m3u -> records=1 epg=0
2026-09-23 08:20:59,162 | INFO | SOURCE 504/1283: https://iptv-org.github.io/iptv/countries/cl.m3u -> records=242 epg=0
2026-09-23 08:20:59,162 | INFO | SOURCE 505/1283: https://iptv-org.github.io/iptv/cities/ustuz.m3u -> records=1 epg=0
2026-09-23 08:20:59,163 | INFO | SOURCE 506/1283: https://iptv-org.github.io/iptv/cities/ustiw.m3u -> records=1 epg=0
2026-09-23 08:20:59,175 | INFO | SOURCE 507/1283: https://iptv-org.github.io/iptv/cities/ustpa.m3u -> records=3 epg=0
2026-09-23 08:20:59,175 | INFO | SOURCE 508/1283: https://iptv-org.github.io/iptv/cities/usxfx.m3u -> records=1 epg=0
2026-09-23 08:20:59,175 | INFO | SOURCE 509/1283: https://iptv-org.github.io/iptv/cities/vemyc.m3u -> records=1 epg=0
2026-09-23 08:20:59,175 | INFO | SOURCE 510/1283: https://iptv-org.github.io/iptv/countries/bd.m3u -> records=41 epg=0
2026-09-23 08:20:59,175 | INFO | SOURCE 511/1283: https://iptv-org.github.io/iptv/cities/usvlo.m3u -> records=1 epg=0
2026-09-23 08:20:59,175 | INFO | SOURCE 512/1283: https://iptv-org.github.io/iptv/cities/uswas.m3u -> records=5 epg=0
2026-09-23 08:20:59,175 | INFO | SOURCE 513/1283: https://iptv-org.github.io/iptv/countries/fi.m3u -> records=26 epg=0
2026-09-23 08:20:59,175 | INFO | SOURCE 514/1283: https://iptv-org.github.io/iptv/cities/uswct.m3u -> records=2 epg=0
2026-09-23 08:20:59,175 | INFO | SOURCE 515/1283: https://iptv-org.github.io/iptv/countries/bb.m3u -> records=1 epg=0
2026-09-23 08:20:59,175 | INFO | SOURCE 516/1283: https://iptv-org.github.io/iptv/countries/ca.m3u -> records=258 epg=0
2026-09-23 08:20:59,175 | INFO | SOURCE 517/1283: https://iptv-org.github.io/iptv/countries/ao.m3u -> records=3 epg=0
2026-09-23 08:20:59,176 | INFO | SOURCE 518/1283: https://iptv-org.github.io/iptv/countries/am.m3u -> records=8 epg=0
2026-09-23 08:20:59,176 | INFO | SOURCE 519/1283: https://iptv-org.github.io/iptv/countries/bh.m3u -> records=4 epg=0
2026-09-23 08:20:59,176 | INFO | SOURCE 520/1283: https://iptv-org.github.io/iptv/countries/bq.m3u -> records=6 epg=0
2026-09-23 08:20:59,181 | INFO | SOURCE 521/1283: https://iptv-org.github.io/iptv/countries/ag.m3u -> records=1 epg=0
2026-09-23 08:20:59,182 | INFO | SOURCE 522/1283: https://iptv-org.github.io/iptv/countries/az.m3u -> records=18 epg=0
2026-09-23 08:20:59,182 | INFO | SOURCE 523/1283: https://iptv-org.github.io/iptv/countries/gh.m3u -> records=11 epg=0
2026-09-23 08:20:59,182 | INFO | SOURCE 524/1283: https://iptv-org.github.io/iptv/countries/ad.m3u -> records=8 epg=0
2026-09-23 08:20:59,182 | INFO | SOURCE 525/1283: https://iptv-org.github.io/iptv/cities/uswmx.m3u -> records=1 epg=0
2026-09-23 08:20:59,182 | INFO | SOURCE 526/1283: https://iptv-org.github.io/iptv/countries/bj.m3u -> records=9 epg=0
2026-09-23 08:20:59,182 | INFO | SOURCE 527/1283: https://iptv-org.github.io/iptv/countries/bz.m3u -> records=2 epg=0
2026-09-23 08:20:59,185 | INFO | SOURCE 528/1283: https://iptv-org.github.io/iptv/countries/cu.m3u -> records=2 epg=0
2026-09-23 08:20:59,185 | INFO | SOURCE 529/1283: https://iptv-org.github.io/iptv/countries/ba.m3u -> records=20 epg=0
2026-09-23 08:20:59,185 | INFO | SOURCE 530/1283: https://iptv-org.github.io/iptv/countries/cm.m3u -> records=15 epg=0
2026-09-23 08:20:59,185 | INFO | SOURCE 531/1283: https://iptv-org.github.io/iptv/countries/bf.m3u -> records=6 epg=0
2026-09-23 08:20:59,185 | INFO | SOURCE 532/1283: https://iptv-org.github.io/iptv/countries/do.m3u -> records=255 epg=0
2026-09-23 08:20:59,185 | INFO | SOURCE 533/1283: https://iptv-org.github.io/iptv/countries/cw.m3u -> records=5 epg=0
2026-09-23 08:20:59,185 | INFO | SOURCE 534/1283: https://iptv-org.github.io/iptv/countries/bs.m3u -> records=4 epg=0
2026-09-23 08:20:59,185 | INFO | SOURCE 535/1283: https://iptv-org.github.io/iptv/countries/bt.m3u -> records=1 epg=0
2026-09-23 08:20:59,185 | INFO | SOURCE 536/1283: https://iptv-org.github.io/iptv/countries/cv.m3u -> records=1 epg=0
2026-09-23 08:20:59,186 | INFO | SOURCE 537/1283: https://iptv-org.github.io/iptv/countries/ge.m3u -> records=22 epg=0
2026-09-23 08:20:59,194 | INFO | SOURCE 538/1283: https://iptv-org.github.io/iptv/countries/eh.m3u -> records=1 epg=0
2026-09-23 08:20:59,194 | INFO | SOURCE 539/1283: https://iptv-org.github.io/iptv/countries/cy.m3u -> records=16 epg=0
2026-09-23 08:20:59,194 | INFO | SOURCE 540/1283: https://iptv-org.github.io/iptv/countries/gy.m3u -> records=8 epg=0
2026-09-23 08:20:59,194 | INFO | SOURCE 541/1283: https://iptv-org.github.io/iptv/countries/ci.m3u -> records=19 epg=0
2026-09-23 08:20:59,194 | INFO | SOURCE 542/1283: https://iptv-org.github.io/iptv/countries/gt.m3u -> records=64 epg=0
2026-09-23 08:20:59,195 | INFO | SOURCE 543/1283: https://iptv-org.github.io/iptv/countries/cg.m3u -> records=5 epg=0
2026-09-23 08:20:59,196 | INFO | SOURCE 544/1283: https://iptv-org.github.io/iptv/countries/gf.m3u -> records=1 epg=0
2026-09-23 08:20:59,203 | INFO | SOURCE 545/1283: https://iptv-org.github.io/iptv/countries/gr.m3u -> records=71 epg=0
2026-09-23 08:20:59,203 | INFO | SOURCE 546/1283: https://iptv-org.github.io/iptv/countries/hn.m3u -> records=76 epg=0
2026-09-23 08:20:59,208 | INFO | SOURCE 547/1283: https://iptv-org.github.io/iptv/countries/by.m3u -> records=23 epg=0
2026-09-23 08:20:59,208 | INFO | SOURCE 548/1283: https://iptv-org.github.io/iptv/countries/ht.m3u -> records=27 epg=0
2026-09-23 08:20:59,257 | INFO | SOURCE 549/1283: https://iptv-org.github.io/iptv/countries/cz.m3u -> records=85 epg=0
2026-09-23 08:20:59,267 | INFO | SOURCE 550/1283: https://iptv-org.github.io/iptv/countries/iq.m3u -> records=59 epg=0
2026-09-23 08:20:59,272 | INFO | SOURCE 551/1283: https://iptv-org.github.io/iptv/countries/et.m3u -> records=4 epg=0
2026-09-23 08:20:59,272 | INFO | SOURCE 552/1283: https://iptv-org.github.io/iptv/countries/kw.m3u -> records=11 epg=0
2026-09-23 08:20:59,272 | INFO | SOURCE 553/1283: https://iptv-org.github.io/iptv/countries/hk.m3u -> records=18 epg=0
2026-09-23 08:20:59,272 | INFO | SOURCE 554/1283: https://iptv-org.github.io/iptv/countries/it.m3u -> records=315 epg=0
2026-09-23 08:20:59,272 | INFO | SOURCE 555/1283: https://iptv-org.github.io/iptv/countries/at.m3u -> records=115 epg=0
2026-09-23 08:20:59,272 | INFO | SOURCE 556/1283: https://iptv-org.github.io/iptv/countries/gq.m3u -> records=2 epg=0
2026-09-23 08:20:59,272 | INFO | SOURCE 557/1283: https://iptv-org.github.io/iptv/countries/gg.m3u -> records=1 epg=0
2026-09-23 08:20:59,272 | INFO | SOURCE 558/1283: https://iptv-org.github.io/iptv/countries/er.m3u -> records=1 epg=0
2026-09-23 08:20:59,277 | INFO | SOURCE 559/1283: https://iptv-org.github.io/iptv/countries/jp.m3u -> records=7 epg=0
2026-09-23 08:20:59,281 | INFO | SOURCE 560/1283: https://iptv-org.github.io/iptv/countries/gp.m3u -> records=5 epg=0
2026-09-23 08:20:59,282 | INFO | SOURCE 561/1283: https://iptv-org.github.io/iptv/countries/kg.m3u -> records=8 epg=0
2026-09-23 08:20:59,285 | INFO | SOURCE 562/1283: https://iptv-org.github.io/iptv/countries/hr.m3u -> records=29 epg=0
2026-09-23 08:20:59,285 | INFO | SOURCE 563/1283: https://iptv-org.github.io/iptv/countries/in.m3u -> records=741 epg=0
2026-09-23 08:20:59,285 | INFO | SOURCE 564/1283: https://iptv-org.github.io/iptv/countries/mg.m3u -> records=1 epg=0
2026-09-23 08:20:59,285 | INFO | SOURCE 565/1283: https://iptv-org.github.io/iptv/countries/jm.m3u -> records=7 epg=0
2026-09-23 08:20:59,285 | INFO | SOURCE 566/1283: https://iptv-org.github.io/iptv/countries/bg.m3u -> records=74 epg=0
2026-09-23 08:20:59,286 | INFO | SOURCE 567/1283: https://iptv-org.github.io/iptv/countries/gm.m3u -> records=1 epg=0
2026-09-23 08:20:59,286 | INFO | SOURCE 568/1283: https://iptv-org.github.io/iptv/countries/dz.m3u -> records=8 epg=0
2026-09-23 08:20:59,286 | INFO | SOURCE 569/1283: https://iptv-org.github.io/iptv/countries/eg.m3u -> records=19 epg=0
2026-09-23 08:20:59,286 | INFO | SOURCE 570/1283: https://iptv-org.github.io/iptv/countries/gn.m3u -> records=5 epg=0
2026-09-23 08:20:59,286 | INFO | SOURCE 571/1283: https://iptv-org.github.io/iptv/countries/kp.m3u -> records=4 epg=0
2026-09-23 08:20:59,286 | INFO | SOURCE 572/1283: https://iptv-org.github.io/iptv/countries/kh.m3u -> records=27 epg=0
2026-09-23 08:20:59,308 | INFO | SOURCE 573/1283: https://iptv-org.github.io/iptv/countries/gu.m3u -> records=2 epg=0
2026-09-23 08:20:59,438 | INFO | SOURCE 574/1283: https://iptv-org.github.io/iptv/countries/co.m3u -> records=117 epg=0
2026-09-23 08:20:59,438 | INFO | SOURCE 575/1283: https://iptv-org.github.io/iptv/countries/la.m3u -> records=12 epg=0
2026-09-23 08:20:59,438 | INFO | SOURCE 576/1283: https://iptv-org.github.io/iptv/countries/lc.m3u -> records=2 epg=0
2026-09-23 08:20:59,438 | INFO | SOURCE 577/1283: https://iptv-org.github.io/iptv/countries/ma.m3u -> records=12 epg=0
2026-09-23 08:20:59,438 | INFO | SOURCE 578/1283: https://iptv-org.github.io/iptv/countries/km.m3u -> records=1 epg=0
2026-09-23 08:20:59,463 | INFO | SOURCE 579/1283: https://iptv-org.github.io/iptv/countries/li.m3u -> records=2 epg=0
2026-09-23 08:20:59,474 | INFO | SOURCE 580/1283: https://iptv-org.github.io/iptv/countries/lk.m3u -> records=17 epg=0
2026-09-23 08:20:59,484 | INFO | SOURCE 581/1283: https://iptv-org.github.io/iptv/countries/is.m3u -> records=6 epg=0
2026-09-23 08:20:59,484 | INFO | SOURCE 582/1283: https://iptv-org.github.io/iptv/countries/kn.m3u -> records=3 epg=0
2026-09-23 08:20:59,484 | INFO | SOURCE 583/1283: https://iptv-org.github.io/iptv/countries/mo.m3u -> records=7 epg=0
2026-09-23 08:20:59,484 | INFO | SOURCE 584/1283: https://iptv-org.github.io/iptv/countries/ly.m3u -> records=6 epg=0
2026-09-23 08:20:59,484 | INFO | SOURCE 585/1283: https://iptv-org.github.io/iptv/countries/ke.m3u -> records=38 epg=0
2026-09-23 08:20:59,484 | INFO | SOURCE 586/1283: https://iptv-org.github.io/iptv/countries/ec.m3u -> records=96 epg=0
2026-09-23 08:20:59,504 | INFO | SOURCE 587/1283: https://iptv-org.github.io/iptv/countries/fr.m3u -> records=204 epg=0
2026-09-23 08:20:59,516 | INFO | SOURCE 588/1283: https://iptv-org.github.io/iptv/countries/lb.m3u -> records=31 epg=0
2026-09-23 08:20:59,540 | INFO | SOURCE 589/1283: https://iptv-org.github.io/iptv/countries/il.m3u -> records=37 epg=0
2026-09-23 08:20:59,547 | INFO | SOURCE 590/1283: https://iptv-org.github.io/iptv/countries/ne.m3u -> records=6 epg=0
2026-09-23 08:20:59,559 | INFO | SOURCE 591/1283: https://iptv-org.github.io/iptv/countries/kz.m3u -> records=49 epg=0
2026-09-23 08:20:59,573 | INFO | SOURCE 592/1283: https://iptv-org.github.io/iptv/countries/jo.m3u -> records=19 epg=0
2026-09-23 08:20:59,573 | INFO | SOURCE 593/1283: https://iptv-org.github.io/iptv/countries/lt.m3u -> records=25 epg=0
2026-09-23 08:20:59,573 | INFO | SOURCE 594/1283: https://iptv-org.github.io/iptv/countries/br.m3u -> records=386 epg=0
2026-09-23 08:20:59,573 | INFO | SOURCE 595/1283: https://iptv-org.github.io/iptv/countries/mq.m3u -> records=6 epg=0
2026-09-23 08:20:59,573 | INFO | SOURCE 596/1283: https://iptv-org.github.io/iptv/countries/ie.m3u -> records=70 epg=0
2026-09-23 08:20:59,573 | INFO | SOURCE 597/1283: https://iptv-org.github.io/iptv/countries/mt.m3u -> records=7 epg=0
2026-09-23 08:20:59,581 | INFO | SOURCE 598/1283: https://iptv-org.github.io/iptv/countries/ml.m3u -> records=4 epg=0
2026-09-23 08:20:59,582 | INFO | SOURCE 599/1283: https://iptv-org.github.io/iptv/countries/ni.m3u -> records=19 epg=0
2026-09-23 08:20:59,583 | INFO | SOURCE 600/1283: https://iptv-org.github.io/iptv/countries/me.m3u -> records=8 epg=0
2026-09-23 08:20:59,583 | INFO | SOURCE 601/1283: https://iptv-org.github.io/iptv/countries/lu.m3u -> records=14 epg=0
2026-09-23 08:20:59,583 | INFO | SOURCE 602/1283: https://iptv-org.github.io/iptv/countries/my.m3u -> records=22 epg=0
2026-09-23 08:20:59,583 | INFO | SOURCE 603/1283: https://iptv-org.github.io/iptv/countries/mm.m3u -> records=18 epg=0
2026-09-23 08:20:59,583 | INFO | SOURCE 604/1283: https://iptv-org.github.io/iptv/countries/pf.m3u -> records=2 epg=0
2026-09-23 08:20:59,583 | INFO | SOURCE 605/1283: https://iptv-org.github.io/iptv/countries/lv.m3u -> records=25 epg=0
2026-09-23 08:20:59,584 | INFO | SOURCE 606/1283: https://iptv-org.github.io/iptv/countries/md.m3u -> records=31 epg=0
2026-09-23 08:20:59,584 | INFO | SOURCE 607/1283: https://iptv-org.github.io/iptv/countries/rs.m3u -> records=49 epg=0
2026-09-23 08:20:59,584 | INFO | SOURCE 608/1283: https://iptv-org.github.io/iptv/countries/om.m3u -> records=5 epg=0
2026-09-23 08:20:59,584 | INFO | SOURCE 609/1283: https://iptv-org.github.io/iptv/countries/mk.m3u -> records=28 epg=0
2026-09-23 08:20:59,584 | INFO | SOURCE 610/1283: https://iptv-org.github.io/iptv/countries/na.m3u -> records=2 epg=0
2026-09-23 08:20:59,584 | INFO | SOURCE 611/1283: https://iptv-org.github.io/iptv/countries/mz.m3u -> records=5 epg=0
2026-09-23 08:20:59,584 | INFO | SOURCE 612/1283: https://iptv-org.github.io/iptv/countries/mr.m3u -> records=1 epg=0
2026-09-23 08:20:59,584 | INFO | SOURCE 613/1283: https://iptv-org.github.io/iptv/countries/ir.m3u -> records=184 epg=0
2026-09-23 08:20:59,584 | INFO | SOURCE 614/1283: https://iptv-org.github.io/iptv/countries/pr.m3u -> records=28 epg=0
2026-09-23 08:20:59,584 | INFO | SOURCE 615/1283: https://iptv-org.github.io/iptv/countries/dk.m3u -> records=153 epg=0
2026-09-23 08:20:59,584 | INFO | SOURCE 616/1283: https://iptv-org.github.io/iptv/countries/ng.m3u -> records=53 epg=0
2026-09-23 08:20:59,584 | INFO | SOURCE 617/1283: https://iptv-org.github.io/iptv/countries/mv.m3u -> records=11 epg=0
2026-09-23 08:20:59,584 | INFO | SOURCE 618/1283: https://iptv-org.github.io/iptv/countries/qa.m3u -> records=10 epg=0
2026-09-23 08:20:59,584 | INFO | SOURCE 619/1283: https://iptv-org.github.io/iptv/countries/mu.m3u -> records=2 epg=0
2026-09-23 08:20:59,600 | INFO | SOURCE 620/1283: https://iptv-org.github.io/iptv/countries/es.m3u -> records=321 epg=0
2026-09-23 08:20:59,626 | INFO | SOURCE 621/1283: https://iptv-org.github.io/iptv/countries/pg.m3u -> records=1 epg=0
2026-09-23 08:20:59,626 | INFO | SOURCE 622/1283: https://iptv-org.github.io/iptv/countries/int.m3u -> records=948 epg=0
2026-09-23 08:20:59,626 | INFO | SOURCE 623/1283: https://iptv-org.github.io/iptv/countries/np.m3u -> records=20 epg=0
2026-09-23 08:20:59,626 | INFO | SOURCE 624/1283: https://iptv-org.github.io/iptv/countries/sa.m3u -> records=53 epg=0
2026-09-23 08:20:59,626 | INFO | SOURCE 625/1283: https://iptv-org.github.io/iptv/countries/sr.m3u -> records=2 epg=0
2026-09-23 08:20:59,626 | INFO | SOURCE 626/1283: https://iptv-org.github.io/iptv/countries/mc.m3u -> records=4 epg=0
2026-09-23 08:20:59,626 | INFO | SOURCE 627/1283: https://iptv-org.github.io/iptv/countries/rw.m3u -> records=8 epg=0
2026-09-23 08:20:59,626 | INFO | SOURCE 628/1283: https://iptv-org.github.io/iptv/countries/sg.m3u -> records=12 epg=0
2026-09-23 08:20:59,630 | INFO | SOURCE 629/1283: https://iptv-org.github.io/iptv/countries/re.m3u -> records=1 epg=0
2026-09-23 08:20:59,631 | INFO | SOURCE 630/1283: https://iptv-org.github.io/iptv/countries/py.m3u -> records=75 epg=0
2026-09-23 08:20:59,639 | INFO | SOURCE 631/1283: https://iptv-org.github.io/iptv/countries/pl.m3u -> records=90 epg=0
2026-09-23 08:20:59,661 | INFO | SOURCE 632/1283: https://iptv-org.github.io/iptv/countries/so.m3u -> records=7 epg=0
2026-09-23 08:20:59,694 | INFO | SOURCE 633/1283: https://iptv-org.github.io/iptv/countries/kr.m3u -> records=73 epg=0
2026-09-23 08:20:59,694 | INFO | SOURCE 634/1283: https://iptv-org.github.io/iptv/countries/sd.m3u -> records=3 epg=0
2026-09-23 08:20:59,694 | INFO | SOURCE 635/1283: https://iptv-org.github.io/iptv/countries/tz.m3u -> records=8 epg=0
2026-09-23 08:20:59,694 | INFO | SOURCE 636/1283: https://iptv-org.github.io/iptv/countries/sn.m3u -> records=16 epg=0
2026-09-23 08:20:59,694 | INFO | SOURCE 637/1283: https://iptv-org.github.io/iptv/countries/id.m3u -> records=175 epg=0
2026-09-23 08:20:59,694 | INFO | SOURCE 638/1283: https://iptv-org.github.io/iptv/countries/nz.m3u -> records=27 epg=0
2026-09-23 08:20:59,694 | INFO | SOURCE 639/1283: https://iptv-org.github.io/iptv/countries/sv.m3u -> records=36 epg=0
2026-09-23 08:20:59,694 | INFO | SOURCE 640/1283: https://iptv-org.github.io/iptv/countries/mn.m3u -> records=38 epg=0
2026-09-23 08:20:59,694 | INFO | SOURCE 641/1283: https://iptv-org.github.io/iptv/countries/tn.m3u -> records=5 epg=0
2026-09-23 08:20:59,694 | INFO | SOURCE 642/1283: https://iptv-org.github.io/iptv/countries/ps.m3u -> records=19 epg=0
2026-09-23 08:20:59,694 | INFO | SOURCE 643/1283: https://iptv-org.github.io/iptv/countries/nl.m3u -> records=162 epg=0
2026-09-23 08:20:59,694 | INFO | SOURCE 644/1283: https://iptv-org.github.io/iptv/countries/sy.m3u -> records=11 epg=0
2026-09-23 08:20:59,713 | INFO | SOURCE 645/1283: https://iptv-org.github.io/iptv/countries/sl.m3u -> records=1 epg=0
2026-09-23 08:20:59,758 | INFO | SOURCE 646/1283: https://iptv-org.github.io/iptv/countries/tj.m3u -> records=14 epg=0
2026-09-23 08:20:59,758 | INFO | SOURCE 647/1283: https://iptv-org.github.io/iptv/countries/td.m3u -> records=1 epg=0
2026-09-23 08:20:59,758 | INFO | SOURCE 648/1283: https://iptv-org.github.io/iptv/countries/pe.m3u -> records=189 epg=0
2026-09-23 08:20:59,758 | INFO | SOURCE 649/1283: https://iptv-org.github.io/iptv/countries/ph.m3u -> records=19 epg=0
2026-09-23 08:20:59,758 | INFO | SOURCE 650/1283: https://iptv-org.github.io/iptv/countries/uz.m3u -> records=33 epg=0
2026-09-23 08:20:59,758 | INFO | SOURCE 651/1283: https://iptv-org.github.io/iptv/countries/va.m3u -> records=2 epg=0
2026-09-23 08:20:59,758 | INFO | SOURCE 652/1283: https://iptv-org.github.io/iptv/countries/de.m3u -> records=282 epg=0
2026-09-23 08:20:59,768 | INFO | SOURCE 653/1283: https://iptv-org.github.io/iptv/countries/hu.m3u -> records=143 epg=0
2026-09-23 08:20:59,770 | INFO | SOURCE 654/1283: https://iptv-org.github.io/iptv/countries/uy.m3u -> records=16 epg=0
2026-09-23 08:20:59,801 | INFO | SOURCE 655/1283: https://iptv-org.github.io/iptv/countries/pa.m3u -> records=25 epg=0
2026-09-23 08:20:59,810 | INFO | SOURCE 656/1283: https://iptv-org.github.io/iptv/languages/acf.m3u -> records=1 epg=0
2026-09-23 08:20:59,832 | INFO | SOURCE 657/1283: https://iptv-org.github.io/iptv/countries/undefined.m3u -> records=0 epg=0
2026-09-23 08:20:59,832 | INFO | SOURCE 658/1283: https://iptv-org.github.io/iptv/countries/sm.m3u -> records=3 epg=0
2026-09-23 08:20:59,840 | INFO | SOURCE 659/1283: https://iptv-org.github.io/iptv/countries/mx.m3u -> records=159 epg=0
2026-09-23 08:20:59,853 | INFO | SOURCE 660/1283: https://iptv-org.github.io/iptv/countries/vc.m3u -> records=1 epg=0
2026-09-23 08:20:59,870 | INFO | SOURCE 661/1283: https://iptv-org.github.io/iptv/countries/tt.m3u -> records=6 epg=0
2026-09-23 08:20:59,870 | INFO | SOURCE 662/1283: https://iptv-org.github.io/iptv/countries/tw.m3u -> records=25 epg=0
2026-09-23 08:20:59,870 | INFO | SOURCE 663/1283: https://iptv-org.github.io/iptv/countries/tg.m3u -> records=11 epg=0
2026-09-23 08:20:59,870 | INFO | SOURCE 664/1283: https://iptv-org.github.io/iptv/countries/sk.m3u -> records=76 epg=0
2026-09-23 08:20:59,874 | INFO | SOURCE 665/1283: https://iptv-org.github.io/iptv/countries/ro.m3u -> records=140 epg=0
2026-09-23 08:20:59,892 | INFO | SOURCE 666/1283: https://iptv-org.github.io/iptv/countries/ws.m3u -> records=1 epg=0
2026-09-23 08:20:59,900 | INFO | SOURCE 667/1283: https://iptv-org.github.io/iptv/languages/afr.m3u -> records=5 epg=0
2026-09-23 08:20:59,900 | INFO | SOURCE 668/1283: https://iptv-org.github.io/iptv/countries/no.m3u -> records=115 epg=0
2026-09-23 08:20:59,900 | INFO | SOURCE 669/1283: https://iptv-org.github.io/iptv/languages/abk.m3u -> records=1 epg=0
2026-09-23 08:20:59,900 | INFO | SOURCE 670/1283: https://iptv-org.github.io/iptv/languages/bel.m3u -> records=12 epg=0
2026-09-23 08:20:59,909 | INFO | SOURCE 671/1283: https://iptv-org.github.io/iptv/countries/ye.m3u -> records=4 epg=0
2026-09-23 08:20:59,909 | INFO | SOURCE 672/1283: https://iptv-org.github.io/iptv/countries/vg.m3u -> records=2 epg=0
2026-09-23 08:20:59,909 | INFO | SOURCE 673/1283: https://iptv-org.github.io/iptv/countries/ug.m3u -> records=21 epg=0
2026-09-23 08:20:59,914 | INFO | SOURCE 674/1283: https://iptv-org.github.io/iptv/countries/tm.m3u -> records=8 epg=0
2026-09-23 08:20:59,915 | INFO | SOURCE 675/1283: https://iptv-org.github.io/iptv/languages/ayb.m3u -> records=1 epg=0
2026-09-23 08:20:59,919 | INFO | SOURCE 676/1283: https://iptv-org.github.io/iptv/countries/si.m3u -> records=24 epg=0
2026-09-23 08:20:59,919 | INFO | SOURCE 677/1283: https://iptv-org.github.io/iptv/languages/aho.m3u -> records=1 epg=0
2026-09-23 08:20:59,927 | INFO | SOURCE 678/1283: https://iptv-org.github.io/iptv/languages/bib.m3u -> records=1 epg=0
2026-09-23 08:20:59,927 | INFO | SOURCE 679/1283: https://iptv-org.github.io/iptv/languages/asm.m3u -> records=17 epg=0
2026-09-23 08:20:59,927 | INFO | SOURCE 680/1283: https://iptv-org.github.io/iptv/languages/arz.m3u -> records=1 epg=0
2026-09-23 08:20:59,927 | INFO | SOURCE 681/1283: https://iptv-org.github.io/iptv/languages/ach.m3u -> records=1 epg=0
2026-09-23 08:20:59,927 | INFO | SOURCE 682/1283: https://iptv-org.github.io/iptv/languages/bbo.m3u -> records=1 epg=0
2026-09-23 08:20:59,927 | INFO | SOURCE 683/1283: https://iptv-org.github.io/iptv/countries/sx.m3u -> records=6 epg=0
2026-09-23 08:20:59,929 | INFO | SOURCE 684/1283: https://iptv-org.github.io/iptv/countries/ve.m3u -> records=80 epg=0
2026-09-23 08:20:59,931 | INFO | SOURCE 685/1283: https://iptv-org.github.io/iptv/languages/adh.m3u -> records=1 epg=0
2026-09-23 08:20:59,932 | INFO | SOURCE 686/1283: https://iptv-org.github.io/iptv/countries/zw.m3u -> records=1 epg=0
2026-09-23 08:20:59,933 | INFO | SOURCE 687/1283: https://iptv-org.github.io/iptv/countries/xk.m3u -> records=15 epg=0
2026-09-23 08:20:59,938 | INFO | SOURCE 688/1283: https://iptv-org.github.io/iptv/countries/vn.m3u -> records=81 epg=0
2026-09-23 08:20:59,946 | INFO | SOURCE 689/1283: https://iptv-org.github.io/iptv/languages/cmn.m3u -> records=3 epg=0
2026-09-23 08:20:59,946 | INFO | SOURCE 690/1283: https://iptv-org.github.io/iptv/languages/box.m3u -> records=1 epg=0
2026-09-23 08:20:59,946 | INFO | SOURCE 691/1283: https://iptv-org.github.io/iptv/languages/alz.m3u -> records=1 epg=0
2026-09-23 08:20:59,949 | INFO | SOURCE 692/1283: https://iptv-org.github.io/iptv/languages/ben.m3u -> records=95 epg=0
2026-09-23 08:20:59,952 | INFO | SOURCE 693/1283: https://iptv-org.github.io/iptv/languages/bod.m3u -> records=0 epg=0
2026-09-23 08:20:59,959 | INFO | SOURCE 694/1283: https://iptv-org.github.io/iptv/languages/dyu.m3u -> records=1 epg=0
2026-09-23 08:20:59,959 | INFO | SOURCE 695/1283: https://iptv-org.github.io/iptv/languages/est.m3u -> records=10 epg=0
2026-09-23 08:20:59,959 | INFO | SOURCE 696/1283: https://iptv-org.github.io/iptv/languages/amh.m3u -> records=6 epg=0
2026-09-23 08:20:59,959 | INFO | SOURCE 697/1283: https://iptv-org.github.io/iptv/languages/aze.m3u -> records=20 epg=0
2026-09-23 08:20:59,959 | INFO | SOURCE 698/1283: https://iptv-org.github.io/iptv/languages/dje.m3u -> records=2 epg=0
2026-09-23 08:20:59,959 | INFO | SOURCE 699/1283: https://iptv-org.github.io/iptv/languages/aii.m3u -> records=1 epg=0
2026-09-23 08:20:59,960 | INFO | SOURCE 700/1283: https://iptv-org.github.io/iptv/languages/czh.m3u -> records=1 epg=0
2026-09-23 08:20:59,962 | INFO | SOURCE 701/1283: https://iptv-org.github.io/iptv/languages/asp.m3u -> records=1 epg=0
2026-09-23 08:20:59,964 | INFO | SOURCE 702/1283: https://iptv-org.github.io/iptv/languages/bak.m3u -> records=1 epg=0
2026-09-23 08:20:59,972 | INFO | SOURCE 703/1283: https://iptv-org.github.io/iptv/languages/cgg.m3u -> records=2 epg=0
2026-09-23 08:20:59,985 | INFO | SOURCE 704/1283: https://iptv-org.github.io/iptv/languages/cnr.m3u -> records=1 epg=0
2026-09-23 08:20:59,990 | INFO | SOURCE 705/1283: https://iptv-org.github.io/iptv/languages/bul.m3u -> records=82 epg=0
2026-09-23 08:20:59,990 | INFO | SOURCE 706/1283: https://iptv-org.github.io/iptv/countries/uk.m3u -> records=295 epg=0
2026-09-23 08:20:59,990 | INFO | SOURCE 707/1283: https://iptv-org.github.io/iptv/countries/za.m3u -> records=21 epg=0
2026-09-23 08:21:00,008 | INFO | SOURCE 708/1283: https://iptv-org.github.io/iptv/countries/th.m3u -> records=78 epg=0
2026-09-23 08:21:00,008 | INFO | SOURCE 709/1283: https://iptv-org.github.io/iptv/languages/fin.m3u -> records=25 epg=0
2026-09-23 08:21:00,008 | INFO | SOURCE 710/1283: https://iptv-org.github.io/iptv/languages/fon.m3u -> records=1 epg=0
2026-09-23 08:21:00,008 | INFO | SOURCE 711/1283: https://iptv-org.github.io/iptv/countries/ua.m3u -> records=199 epg=0
2026-09-23 08:21:00,008 | INFO | SOURCE 712/1283: https://iptv-org.github.io/iptv/countries/pk.m3u -> records=103 epg=0
2026-09-23 08:21:00,008 | INFO | SOURCE 713/1283: https://iptv-org.github.io/iptv/languages/gcf.m3u -> records=1 epg=0
2026-09-23 08:21:00,008 | INFO | SOURCE 714/1283: https://iptv-org.github.io/iptv/languages/ceb.m3u -> records=2 epg=0
2026-09-23 08:21:00,008 | INFO | SOURCE 715/1283: https://iptv-org.github.io/iptv/languages/div.m3u -> records=9 epg=0
2026-09-23 08:21:00,008 | INFO | SOURCE 716/1283: https://iptv-org.github.io/iptv/languages/gom.m3u -> records=1 epg=0
2026-09-23 08:21:00,008 | INFO | SOURCE 717/1283: https://iptv-org.github.io/iptv/languages/fil.m3u -> records=2 epg=0
2026-09-23 08:21:00,008 | INFO | SOURCE 718/1283: https://iptv-org.github.io/iptv/languages/ara.m3u -> records=348 epg=0
2026-09-23 08:21:00,008 | INFO | SOURCE 719/1283: https://iptv-org.github.io/iptv/countries/se.m3u -> records=140 epg=0
2026-09-23 08:21:00,008 | INFO | SOURCE 720/1283: https://iptv-org.github.io/iptv/languages/far.m3u -> records=1 epg=0
2026-09-23 08:21:00,009 | INFO | SOURCE 721/1283: https://iptv-org.github.io/iptv/languages/ful.m3u -> records=1 epg=0
2026-09-23 08:21:00,009 | INFO | SOURCE 722/1283: https://iptv-org.github.io/iptv/languages/dgi.m3u -> records=1 epg=0
2026-09-23 08:21:00,009 | INFO | SOURCE 723/1283: https://iptv-org.github.io/iptv/languages/bam.m3u -> records=1 epg=0
2026-09-23 08:21:00,009 | INFO | SOURCE 724/1283: https://iptv-org.github.io/iptv/languages/eus.m3u -> records=8 epg=0
2026-09-23 08:21:00,036 | INFO | SOURCE 725/1283: https://iptv-org.github.io/iptv/languages/ewe.m3u -> records=1 epg=0
2026-09-23 08:21:00,036 | INFO | SOURCE 726/1283: https://iptv-org.github.io/iptv/languages/isl.m3u -> records=6 epg=0
2026-09-23 08:21:00,037 | INFO | SOURCE 727/1283: https://iptv-org.github.io/iptv/languages/glg.m3u -> records=2 epg=0
2026-09-23 08:21:00,042 | INFO | SOURCE 728/1283: https://iptv-org.github.io/iptv/languages/her.m3u -> records=1 epg=0
2026-09-23 08:21:00,042 | INFO | SOURCE 729/1283: https://iptv-org.github.io/iptv/languages/hmo.m3u -> records=1 epg=0
2026-09-23 08:21:00,042 | INFO | SOURCE 730/1283: https://iptv-org.github.io/iptv/languages/bos.m3u -> records=14 epg=0
2026-09-23 08:21:00,042 | INFO | SOURCE 731/1283: https://iptv-org.github.io/iptv/languages/hne.m3u -> records=1 epg=0
2026-09-23 08:21:00,042 | INFO | SOURCE 732/1283: https://iptv-org.github.io/iptv/languages/bho.m3u -> records=11 epg=0
2026-09-23 08:21:00,042 | INFO | SOURCE 733/1283: https://iptv-org.github.io/iptv/languages/heb.m3u -> records=31 epg=0
2026-09-23 08:21:00,042 | INFO | SOURCE 734/1283: https://iptv-org.github.io/iptv/languages/fry.m3u -> records=1 epg=0
2026-09-23 08:21:00,070 | INFO | SOURCE 735/1283: https://iptv-org.github.io/iptv/languages/aym.m3u -> records=1 epg=0
2026-09-23 08:21:00,070 | INFO | SOURCE 736/1283: https://iptv-org.github.io/iptv/countries/us.m3u -> records=1462 epg=0
2026-09-23 08:21:00,070 | INFO | SOURCE 737/1283: https://iptv-org.github.io/iptv/languages/grn.m3u -> records=1 epg=0
2026-09-23 08:21:00,070 | INFO | SOURCE 738/1283: https://iptv-org.github.io/iptv/languages/gle.m3u -> records=4 epg=0
2026-09-23 08:21:00,070 | INFO | SOURCE 739/1283: https://iptv-org.github.io/iptv/languages/hmn.m3u -> records=2 epg=0
2026-09-23 08:21:00,070 | INFO | SOURCE 740/1283: https://iptv-org.github.io/iptv/languages/gla.m3u -> records=2 epg=0
2026-09-23 08:21:00,073 | INFO | SOURCE 741/1283: https://iptv-org.github.io/iptv/languages/cym.m3u -> records=1 epg=0
2026-09-23 08:21:00,074 | INFO | SOURCE 742/1283: https://iptv-org.github.io/iptv/languages/hat.m3u -> records=14 epg=0
2026-09-23 08:21:00,083 | INFO | SOURCE 743/1283: https://iptv-org.github.io/iptv/languages/gux.m3u -> records=1 epg=0
2026-09-23 08:21:00,104 | INFO | SOURCE 744/1283: https://iptv-org.github.io/iptv/countries/pt.m3u -> records=62 epg=0
2026-09-23 08:21:00,104 | INFO | SOURCE 745/1283: https://iptv-org.github.io/iptv/languages/fra.m3u -> records=448 epg=0
2026-09-23 08:21:00,104 | INFO | SOURCE 746/1283: https://iptv-org.github.io/iptv/languages/hau.m3u -> records=4 epg=0
2026-09-23 08:21:00,104 | INFO | SOURCE 747/1283: https://iptv-org.github.io/iptv/languages/ell.m3u -> records=86 epg=0
2026-09-23 08:21:00,105 | INFO | SOURCE 748/1283: https://iptv-org.github.io/iptv/languages/kin.m3u -> records=7 epg=0
2026-09-23 08:21:00,105 | INFO | SOURCE 749/1283: https://iptv-org.github.io/iptv/languages/hye.m3u -> records=13 epg=0
2026-09-23 08:21:00,138 | INFO | SOURCE 750/1283: https://iptv-org.github.io/iptv/languages/its.m3u -> records=1 epg=0
2026-09-23 08:21:00,138 | INFO | SOURCE 751/1283: https://iptv-org.github.io/iptv/languages/deu.m3u -> records=321 epg=0
2026-09-23 08:21:00,138 | INFO | SOURCE 752/1283: https://iptv-org.github.io/iptv/countries/tr.m3u -> records=174 epg=0
2026-09-23 08:21:00,138 | INFO | SOURCE 753/1283: https://iptv-org.github.io/iptv/languages/kdi.m3u -> records=1 epg=0
2026-09-23 08:21:00,138 | INFO | SOURCE 754/1283: https://iptv-org.github.io/iptv/languages/khm.m3u -> records=24 epg=0
2026-09-23 08:21:00,138 | INFO | SOURCE 755/1283: https://iptv-org.github.io/iptv/languages/fuc.m3u -> records=1 epg=0
2026-09-23 08:21:00,138 | INFO | SOURCE 756/1283: https://iptv-org.github.io/iptv/languages/hrv.m3u -> records=30 epg=0
2026-09-23 08:21:00,138 | INFO | SOURCE 757/1283: https://iptv-org.github.io/iptv/languages/iku.m3u -> records=1 epg=0
2026-09-23 08:21:00,138 | INFO | SOURCE 758/1283: https://iptv-org.github.io/iptv/languages/cat.m3u -> records=56 epg=0
2026-09-23 08:21:00,148 | INFO | SOURCE 759/1283: https://iptv-org.github.io/iptv/languages/icr.m3u -> records=1 epg=0
2026-09-23 08:21:00,148 | INFO | SOURCE 760/1283: https://iptv-org.github.io/iptv/languages/guj.m3u -> records=19 epg=0
2026-09-23 08:21:00,194 | INFO | SOURCE 761/1283: https://iptv-org.github.io/iptv/languages/fas.m3u -> records=202 epg=0
2026-09-23 08:21:00,194 | INFO | SOURCE 762/1283: https://iptv-org.github.io/iptv/languages/ces.m3u -> records=69 epg=0
2026-09-23 08:21:00,237 | INFO | SOURCE 763/1283: https://iptv-org.github.io/iptv/languages/kon.m3u -> records=1 epg=0
2026-09-23 08:21:00,262 | INFO | SOURCE 764/1283: https://iptv-org.github.io/iptv/languages/dan.m3u -> records=154 epg=0
2026-09-23 08:21:00,262 | INFO | SOURCE 765/1283: https://iptv-org.github.io/iptv/languages/lob.m3u -> records=1 epg=0
2026-09-23 08:21:00,262 | INFO | SOURCE 766/1283: https://iptv-org.github.io/iptv/languages/gug.m3u -> records=1 epg=0
2026-09-23 08:21:00,269 | INFO | SOURCE 767/1283: https://iptv-org.github.io/iptv/languages/kat.m3u -> records=20 epg=0
2026-09-23 08:21:00,303 | INFO | SOURCE 768/1283: https://iptv-org.github.io/iptv/languages/kmz.m3u -> records=1 epg=0
2026-09-23 08:21:00,341 | INFO | SOURCE 769/1283: https://iptv-org.github.io/iptv/languages/kok.m3u -> records=2 epg=0
2026-09-23 08:21:00,356 | INFO | SOURCE 770/1283: https://iptv-org.github.io/iptv/languages/kab.m3u -> records=1 epg=0
2026-09-23 08:21:00,356 | INFO | SOURCE 771/1283: https://iptv-org.github.io/iptv/languages/lee.m3u -> records=1 epg=0
2026-09-23 08:21:00,410 | INFO | SOURCE 772/1283: https://iptv-org.github.io/iptv/languages/ita.m3u -> records=319 epg=0
2026-09-23 08:21:00,460 | INFO | SOURCE 773/1283: https://iptv-org.github.io/iptv/languages/lin.m3u -> records=4 epg=0
2026-09-23 08:21:00,460 | INFO | SOURCE 774/1283: https://iptv-org.github.io/iptv/languages/koo.m3u -> records=1 epg=0
2026-09-23 08:21:00,460 | INFO | SOURCE 775/1283: https://iptv-org.github.io/iptv/languages/lug.m3u -> records=8 epg=0
2026-09-23 08:21:00,460 | INFO | SOURCE 776/1283: https://iptv-org.github.io/iptv/languages/kaz.m3u -> records=48 epg=0
2026-09-23 08:21:00,460 | INFO | SOURCE 777/1283: https://iptv-org.github.io/iptv/languages/mar.m3u -> records=28 epg=0
2026-09-23 08:21:00,465 | INFO | SOURCE 778/1283: https://iptv-org.github.io/iptv/languages/mri.m3u -> records=2 epg=0
2026-09-23 08:21:00,560 | INFO | SOURCE 779/1283: https://iptv-org.github.io/iptv/languages/lav.m3u -> records=15 epg=0
2026-09-23 08:21:00,615 | INFO | SOURCE 780/1283: https://iptv-org.github.io/iptv/languages/lat.m3u -> records=2 epg=0
2026-09-23 08:21:00,675 | INFO | SOURCE 781/1283: https://iptv-org.github.io/iptv/languages/kan.m3u -> records=33 epg=0
2026-09-23 08:21:00,688 | INFO | SOURCE 782/1283: https://iptv-org.github.io/iptv/languages/ltz.m3u -> records=8 epg=0
2026-09-23 08:21:00,689 | INFO | SOURCE 783/1283: https://iptv-org.github.io/iptv/languages/jpn.m3u -> records=13 epg=0
2026-09-23 08:21:00,689 | INFO | SOURCE 784/1283: https://iptv-org.github.io/iptv/languages/mai.m3u -> records=9 epg=0
2026-09-23 08:21:00,689 | INFO | SOURCE 785/1283: https://iptv-org.github.io/iptv/languages/jav.m3u -> records=6 epg=0
2026-09-23 08:21:00,689 | INFO | SOURCE 786/1283: https://iptv-org.github.io/iptv/languages/man.m3u -> records=1 epg=0
2026-09-23 08:21:00,689 | INFO | SOURCE 787/1283: https://iptv-org.github.io/iptv/languages/kor.m3u -> records=82 epg=0
2026-09-23 08:21:00,689 | INFO | SOURCE 788/1283: https://iptv-org.github.io/iptv/languages/msa.m3u -> records=18 epg=0
2026-09-23 08:21:00,689 | INFO | SOURCE 789/1283: https://iptv-org.github.io/iptv/languages/lao.m3u -> records=5 epg=0
2026-09-23 08:21:00,689 | INFO | SOURCE 790/1283: https://iptv-org.github.io/iptv/languages/pap.m3u -> records=20 epg=0
2026-09-23 08:21:00,689 | INFO | SOURCE 791/1283: https://iptv-org.github.io/iptv/languages/ori.m3u -> records=15 epg=0
2026-09-23 08:21:00,689 | INFO | SOURCE 792/1283: https://iptv-org.github.io/iptv/languages/lah.m3u -> records=2 epg=0
2026-09-23 08:21:00,689 | INFO | SOURCE 793/1283: https://iptv-org.github.io/iptv/languages/lus.m3u -> records=1 epg=0
2026-09-23 08:21:00,689 | INFO | SOURCE 794/1283: https://iptv-org.github.io/iptv/languages/kbp.m3u -> records=1 epg=0
2026-09-23 08:21:00,689 | INFO | SOURCE 795/1283: https://iptv-org.github.io/iptv/languages/nyo.m3u -> records=1 epg=0
2026-09-23 08:21:00,689 | INFO | SOURCE 796/1283: https://iptv-org.github.io/iptv/languages/rif.m3u -> records=1 epg=0
2026-09-23 08:21:00,689 | INFO | SOURCE 797/1283: https://iptv-org.github.io/iptv/languages/kik.m3u -> records=3 epg=0
2026-09-23 08:21:00,689 | INFO | SOURCE 798/1283: https://iptv-org.github.io/iptv/languages/mkw.m3u -> records=1 epg=0
2026-09-23 08:21:00,689 | INFO | SOURCE 799/1283: https://iptv-org.github.io/iptv/languages/lua.m3u -> records=1 epg=0
2026-09-23 08:21:00,689 | INFO | SOURCE 800/1283: https://iptv-org.github.io/iptv/languages/mal.m3u -> records=68 epg=0
2026-09-23 08:21:00,689 | INFO | SOURCE 801/1283: https://iptv-org.github.io/iptv/languages/nan.m3u -> records=1 epg=0
2026-09-23 08:21:00,731 | INFO | SOURCE 802/1283: https://iptv-org.github.io/iptv/languages/kur.m3u -> records=34 epg=0
2026-09-23 08:21:00,743 | INFO | SOURCE 803/1283: https://iptv-org.github.io/iptv/languages/mon.m3u -> records=39 epg=0
2026-09-23 08:21:00,743 | INFO | SOURCE 804/1283: https://iptv-org.github.io/iptv/languages/nbl.m3u -> records=1 epg=0
2026-09-23 08:21:00,743 | INFO | SOURCE 805/1283: https://iptv-org.github.io/iptv/languages/mos.m3u -> records=2 epg=0
2026-09-23 08:21:00,743 | INFO | SOURCE 806/1283: https://iptv-org.github.io/iptv/languages/mlt.m3u -> records=9 epg=0
2026-09-23 08:21:00,760 | INFO | SOURCE 807/1283: https://iptv-org.github.io/iptv/languages/luo.m3u -> records=1 epg=0
2026-09-23 08:21:00,778 | INFO | SOURCE 808/1283: https://iptv-org.github.io/iptv/languages/hun.m3u -> records=146 epg=0
2026-09-23 08:21:00,783 | INFO | SOURCE 809/1283: https://iptv-org.github.io/iptv/languages/kir.m3u -> records=11 epg=0
2026-09-23 08:21:00,832 | INFO | SOURCE 810/1283: https://iptv-org.github.io/iptv/languages/mya.m3u -> records=17 epg=0
2026-09-23 08:21:00,921 | INFO | SOURCE 811/1283: https://iptv-org.github.io/iptv/languages/lit.m3u -> records=19 epg=0
2026-09-23 08:21:00,921 | INFO | SOURCE 812/1283: https://iptv-org.github.io/iptv/languages/laj.m3u -> records=1 epg=0
2026-09-23 08:21:00,921 | INFO | SOURCE 813/1283: https://iptv-org.github.io/iptv/languages/sat.m3u -> records=1 epg=0
2026-09-23 08:21:00,921 | INFO | SOURCE 814/1283: https://iptv-org.github.io/iptv/languages/pol.m3u -> records=72 epg=0
2026-09-23 08:21:00,921 | INFO | SOURCE 815/1283: https://iptv-org.github.io/iptv/languages/nor.m3u -> records=115 epg=0
2026-09-23 08:21:00,926 | INFO | SOURCE 816/1283: https://iptv-org.github.io/iptv/languages/nep.m3u -> records=16 epg=0
2026-09-23 08:21:00,984 | INFO | SOURCE 817/1283: https://iptv-org.github.io/iptv/languages/ind.m3u -> records=177 epg=0
2026-09-23 08:21:01,095 | INFO | SOURCE 818/1283: https://iptv-org.github.io/iptv/languages/pus.m3u -> records=22 epg=0
2026-09-23 08:21:01,110 | INFO | SOURCE 819/1283: https://iptv-org.github.io/iptv/languages/prd.m3u -> records=13 epg=0
2026-09-23 08:21:01,110 | INFO | SOURCE 820/1283: https://iptv-org.github.io/iptv/languages/shi.m3u -> records=1 epg=0
2026-09-23 08:21:01,110 | INFO | SOURCE 821/1283: https://iptv-org.github.io/iptv/languages/pam.m3u -> records=1 epg=0
2026-09-23 08:21:01,110 | INFO | SOURCE 822/1283: https://iptv-org.github.io/iptv/languages/hin.m3u -> records=323 epg=0
2026-09-23 08:21:01,110 | INFO | SOURCE 823/1283: https://iptv-org.github.io/iptv/languages/mnk.m3u -> records=1 epg=0
2026-09-23 08:21:01,110 | INFO | SOURCE 824/1283: https://iptv-org.github.io/iptv/languages/nyn.m3u -> records=1 epg=0
2026-09-23 08:21:01,110 | INFO | SOURCE 825/1283: https://iptv-org.github.io/iptv/languages/mkd.m3u -> records=25 epg=0
2026-09-23 08:21:01,111 | INFO | SOURCE 826/1283: https://iptv-org.github.io/iptv/languages/ory.m3u -> records=2 epg=0
2026-09-23 08:21:01,111 | INFO | SOURCE 827/1283: https://iptv-org.github.io/iptv/languages/sym.m3u -> records=1 epg=0
2026-09-23 08:21:01,139 | INFO | SOURCE 828/1283: https://iptv-org.github.io/iptv/languages/que.m3u -> records=1 epg=0
2026-09-23 08:21:01,209 | INFO | SOURCE 829/1283: https://iptv-org.github.io/iptv/languages/stj.m3u -> records=1 epg=0
2026-09-23 08:21:01,278 | INFO | SOURCE 830/1283: https://iptv-org.github.io/iptv/languages/pan.m3u -> records=47 epg=0
2026-09-23 08:21:01,278 | INFO | SOURCE 831/1283: https://iptv-org.github.io/iptv/languages/sqi.m3u -> records=56 epg=0
2026-09-23 08:21:01,278 | INFO | SOURCE 832/1283: https://iptv-org.github.io/iptv/languages/tir.m3u -> records=1 epg=0
2026-09-23 08:21:01,279 | INFO | SOURCE 833/1283: https://iptv-org.github.io/iptv/languages/rkm.m3u -> records=1 epg=0
2026-09-23 08:21:01,279 | INFO | SOURCE 834/1283: https://iptv-org.github.io/iptv/languages/sin.m3u -> records=8 epg=0
2026-09-23 08:21:01,279 | INFO | SOURCE 835/1283: https://iptv-org.github.io/iptv/languages/por.m3u -> records=463 epg=0
2026-09-23 08:21:01,279 | INFO | SOURCE 836/1283: https://iptv-org.github.io/iptv/languages/smo.m3u -> records=1 epg=0
2026-09-23 08:21:01,290 | INFO | SOURCE 837/1283: https://iptv-org.github.io/iptv/languages/tha.m3u -> records=81 epg=0
2026-09-23 08:21:01,346 | INFO | SOURCE 838/1283: https://iptv-org.github.io/iptv/languages/shy.m3u -> records=1 epg=0
2026-09-23 08:21:01,357 | INFO | SOURCE 839/1283: https://iptv-org.github.io/iptv/languages/rom.m3u -> records=2 epg=0
2026-09-23 08:21:01,403 | INFO | SOURCE 840/1283: https://iptv-org.github.io/iptv/languages/sfs.m3u -> records=1 epg=0
2026-09-23 08:21:01,484 | INFO | SOURCE 841/1283: https://iptv-org.github.io/iptv/languages/snd.m3u -> records=1 epg=0
2026-09-23 08:21:01,523 | INFO | SOURCE 842/1283: https://iptv-org.github.io/iptv/languages/swa.m3u -> records=22 epg=0
2026-09-23 08:21:01,686 | INFO | SOURCE 843/1283: https://iptv-org.github.io/iptv/languages/som.m3u -> records=10 epg=0
2026-09-23 08:21:01,745 | INFO | SOURCE 844/1283: https://iptv-org.github.io/iptv/languages/sbd.m3u -> records=1 epg=0
2026-09-23 08:21:01,745 | INFO | SOURCE 845/1283: https://iptv-org.github.io/iptv/languages/slv.m3u -> records=21 epg=0
2026-09-23 08:21:01,745 | INFO | SOURCE 846/1283: https://iptv-org.github.io/iptv/languages/tig.m3u -> records=1 epg=0
2026-09-23 08:21:01,745 | INFO | SOURCE 847/1283: https://iptv-org.github.io/iptv/languages/sun.m3u -> records=4 epg=0
2026-09-23 08:21:01,745 | INFO | SOURCE 848/1283: https://iptv-org.github.io/iptv/languages/tah.m3u -> records=1 epg=0
2026-09-23 08:21:01,745 | INFO | SOURCE 849/1283: https://iptv-org.github.io/iptv/languages/taq.m3u -> records=1 epg=0
2026-09-23 08:21:01,745 | INFO | SOURCE 850/1283: https://iptv-org.github.io/iptv/languages/tpi.m3u -> records=1 epg=0
2026-09-23 08:21:01,745 | INFO | SOURCE 851/1283: https://iptv-org.github.io/iptv/languages/sah.m3u -> records=1 epg=0
2026-09-23 08:21:01,745 | INFO | SOURCE 852/1283: https://iptv-org.github.io/iptv/languages/tzm.m3u -> records=1 epg=0
2026-09-23 08:21:01,745 | INFO | SOURCE 853/1283: https://iptv-org.github.io/iptv/languages/tgk.m3u -> records=15 epg=0
2026-09-23 08:21:01,745 | INFO | SOURCE 854/1283: https://iptv-org.github.io/iptv/languages/uig.m3u -> records=1 epg=0
2026-09-23 08:21:01,754 | INFO | SOURCE 855/1283: https://iptv-org.github.io/iptv/languages/slk.m3u -> records=55 epg=0
2026-09-23 08:21:01,754 | WARNING | SOURCE FAIL [856/1283] https://iptv-org.github.io/iptv/raw/<FILENAME>.m3u :: <HTTPError 404: 'Not Found'>
2026-09-23 08:21:01,754 | INFO | SOURCE 857/1283: https://iptv-org.github.io/iptv/languages/tat.m3u -> records=1 epg=0
2026-09-23 08:21:01,754 | INFO | SOURCE 858/1283: https://iptv-org.github.io/iptv/languages/tmh.m3u -> records=2 epg=0
2026-09-23 08:21:01,754 | INFO | SOURCE 859/1283: https://iptv-org.github.io/iptv/languages/svc.m3u -> records=1 epg=0
2026-09-23 08:21:01,755 | INFO | SOURCE 860/1283: https://iptv-org.github.io/iptv/languages/ttj.m3u -> records=1 epg=0
2026-09-23 08:21:01,788 | INFO | SOURCE 861/1283: https://iptv-org.github.io/iptv/languages/rus.m3u -> records=668 epg=0
2026-09-23 08:21:01,806 | INFO | SOURCE 862/1283: https://iptv-org.github.io/iptv/languages/srp.m3u -> records=55 epg=0
2026-09-23 08:21:01,807 | INFO | SOURCE 863/1283: https://iptv-org.github.io/iptv/languages/nld.m3u -> records=191 epg=0
2026-09-23 08:21:01,807 | INFO | SOURCE 864/1283: https://iptv-org.github.io/iptv/languages/tuk.m3u -> records=9 epg=0
2026-09-23 08:21:01,807 | INFO | SOURCE 865/1283: https://iptv-org.github.io/iptv/languages/undefined.m3u -> records=18 epg=0
2026-09-23 08:21:01,807 | INFO | SOURCE 866/1283: https://iptv-org.github.io/iptv/languages/yor.m3u -> records=2 epg=0
2026-09-23 08:21:01,925 | INFO | SOURCE 867/1283: https://iptv-org.github.io/iptv/languages/yue.m3u -> records=9 epg=0
2026-09-23 08:21:01,930 | INFO | SOURCE 868/1283: https://iptv-org.github.io/iptv/languages/ssw.m3u -> records=1 epg=0
2026-09-23 08:21:01,954 | INFO | SOURCE 869/1283: https://iptv-org.github.io/iptv/languages/zul.m3u -> records=1 epg=0
2026-09-23 08:21:01,967 | INFO | SOURCE 870/1283: https://iptv-org.github.io/iptv/languages/xms.m3u -> records=1 epg=0
2026-09-23 08:21:01,973 | INFO | SOURCE 871/1283: https://iptv-org.github.io/iptv/languages/ven.m3u -> records=1 epg=0
2026-09-23 08:21:02,001 | INFO | SOURCE 872/1283: https://iptv-org.github.io/iptv/languages/tso.m3u -> records=1 epg=0
2026-09-23 08:21:02,001 | INFO | SOURCE 873/1283: https://iptv-org.github.io/iptv/languages/swe.m3u -> records=132 epg=0
2026-09-23 08:21:02,001 | INFO | SOURCE 874/1283: https://iptv-org.github.io/iptv/languages/tgl.m3u -> records=11 epg=0
2026-09-23 08:21:02,001 | INFO | SOURCE 875/1283: https://iptv-org.github.io/iptv/languages/wol.m3u -> records=5 epg=0
2026-09-23 08:21:02,001 | INFO | SOURCE 876/1283: https://iptv-org.github.io/iptv/languages/uzb.m3u -> records=33 epg=0
2026-09-23 08:21:02,001 | INFO | SOURCE 877/1283: https://iptv-org.github.io/iptv/languages/xho.m3u -> records=1 epg=0
2026-09-23 08:21:02,001 | INFO | SOURCE 878/1283: https://iptv-org.github.io/iptv/languages/tur.m3u -> records=176 epg=0
2026-09-23 08:21:02,001 | INFO | SOURCE 879/1283: https://iptv-org.github.io/iptv/languages/tel.m3u -> records=82 epg=0
2026-09-23 08:21:02,001 | INFO | SOURCE 880/1283: https://iptv-org.github.io/iptv/languages/yua.m3u -> records=1 epg=0
2026-09-23 08:21:02,001 | INFO | SOURCE 881/1283: https://iptv-org.github.io/iptv/languages/urd.m3u -> records=84 epg=0
2026-09-23 08:21:02,001 | INFO | SOURCE 882/1283: https://iptv-org.github.io/iptv/languages/zza.m3u -> records=4 epg=0
2026-09-23 08:21:02,001 | WARNING | SOURCE FAIL [883/1283] https://iptv-org.github.io/iptv/sources/<FILENAME>.m3u :: <HTTPError 404: 'Not Found'>
2026-09-23 08:21:02,001 | INFO | SOURCE 884/1283: https://iptv-org.github.io/iptv/regions/gcc.m3u -> records=237 epg=0
2026-09-23 08:21:02,001 | INFO | SOURCE 885/1283: https://iptv-org.github.io/iptv/languages/vie.m3u -> records=85 epg=0
2026-09-23 08:21:02,001 | INFO | SOURCE 886/1283: https://iptv-org.github.io/iptv/languages/ron.m3u -> records=150 epg=0
2026-09-23 08:21:02,001 | INFO | SOURCE 887/1283: https://iptv-org.github.io/iptv/languages/tam.m3u -> records=118 epg=0
2026-09-23 08:21:02,001 | INFO | SOURCE 888/1283: https://iptv-org.github.io/iptv/regions/neu.m3u -> records=645 epg=0
2026-09-23 08:21:02,001 | INFO | SOURCE 889/1283: https://iptv-org.github.io/iptv/regions/cenamer.m3u -> records=555 epg=0
2026-09-23 08:21:02,001 | INFO | SOURCE 890/1283: https://iptv-org.github.io/iptv/subdivisions/ar-b.m3u -> records=18 epg=0
2026-09-23 08:21:02,004 | INFO | SOURCE 891/1283: https://iptv-org.github.io/iptv/regions/asean.m3u -> records=539 epg=0
2026-09-23 08:21:02,004 | INFO | SOURCE 892/1283: https://iptv-org.github.io/iptv/subdivisions/ar-a.m3u -> records=3 epg=0
2026-09-23 08:21:02,004 | INFO | SOURCE 893/1283: https://iptv-org.github.io/iptv/regions/arab.m3u -> records=464 epg=0
2026-09-23 08:21:02,004 | INFO | SOURCE 894/1283: https://iptv-org.github.io/iptv/subdivisions/ar-d.m3u -> records=1 epg=0
2026-09-23 08:21:02,004 | INFO | SOURCE 895/1283: https://iptv-org.github.io/iptv/subdivisions/ar-p.m3u -> records=1 epg=0
2026-09-23 08:21:02,004 | INFO | SOURCE 896/1283: https://iptv-org.github.io/iptv/subdivisions/ar-f.m3u -> records=1 epg=0
2026-09-23 08:21:02,004 | INFO | SOURCE 897/1283: https://iptv-org.github.io/iptv/languages/spa.m3u -> records=2260 epg=0
2026-09-23 08:21:02,004 | INFO | SOURCE 898/1283: https://iptv-org.github.io/iptv/regions/afr.m3u -> records=502 epg=0
2026-09-23 08:21:02,004 | INFO | SOURCE 899/1283: https://iptv-org.github.io/iptv/subdivisions/al-04.m3u -> records=1 epg=0
2026-09-23 08:21:02,004 | INFO | SOURCE 900/1283: https://iptv-org.github.io/iptv/subdivisions/ar-n.m3u -> records=4 epg=0
2026-09-23 08:21:02,004 | INFO | SOURCE 901/1283: https://iptv-org.github.io/iptv/subdivisions/ar-e.m3u -> records=3 epg=0
2026-09-23 08:21:02,004 | INFO | SOURCE 902/1283: https://iptv-org.github.io/iptv/regions/benelux.m3u -> records=368 epg=0
2026-09-23 08:21:02,004 | INFO | SOURCE 903/1283: https://iptv-org.github.io/iptv/languages/eng.m3u -> records=2937 epg=0
2026-09-23 08:21:02,004 | INFO | SOURCE 904/1283: https://iptv-org.github.io/iptv/subdivisions/ar-h.m3u -> records=5 epg=0
2026-09-23 08:21:02,004 | INFO | SOURCE 905/1283: https://iptv-org.github.io/iptv/languages/zho.m3u -> records=212 epg=0
2026-09-23 08:21:02,034 | INFO | SOURCE 906/1283: https://iptv-org.github.io/iptv/subdivisions/ar-l.m3u -> records=1 epg=0
2026-09-23 08:21:02,054 | INFO | SOURCE 907/1283: https://iptv-org.github.io/iptv/subdivisions/ar-g.m3u -> records=1 epg=0
2026-09-23 08:21:02,054 | INFO | SOURCE 908/1283: https://iptv-org.github.io/iptv/subdivisions/ar-j.m3u -> records=5 epg=0
2026-09-23 08:21:02,054 | INFO | SOURCE 909/1283: https://iptv-org.github.io/iptv/regions/ssa.m3u -> records=456 epg=0
2026-09-23 08:21:02,054 | INFO | SOURCE 910/1283: https://iptv-org.github.io/iptv/regions/balkan.m3u -> records=816 epg=0
2026-09-23 08:21:02,054 | INFO | SOURCE 911/1283: https://iptv-org.github.io/iptv/subdivisions/ar-y.m3u -> records=3 epg=0
2026-09-23 08:21:02,079 | INFO | SOURCE 912/1283: https://iptv-org.github.io/iptv/regions/sea.m3u -> records=539 epg=0
2026-09-23 08:21:02,187 | INFO | SOURCE 913/1283: https://iptv-org.github.io/iptv/subdivisions/ar-v.m3u -> records=2 epg=0
2026-09-23 08:21:02,220 | INFO | SOURCE 914/1283: https://iptv-org.github.io/iptv/subdivisions/au-act.m3u -> records=1 epg=0
2026-09-23 08:21:02,220 | INFO | SOURCE 915/1283: https://iptv-org.github.io/iptv/subdivisions/ar-k.m3u -> records=1 epg=0
2026-09-23 08:21:02,220 | INFO | SOURCE 916/1283: https://iptv-org.github.io/iptv/regions/waf.m3u -> records=285 epg=0
2026-09-23 08:21:02,221 | INFO | SOURCE 917/1283: https://iptv-org.github.io/iptv/subdivisions/ar-w.m3u -> records=1 epg=0
2026-09-23 08:21:02,221 | INFO | SOURCE 918/1283: https://iptv-org.github.io/iptv/subdivisions/ar-q.m3u -> records=3 epg=0
2026-09-23 08:21:02,221 | INFO | SOURCE 919/1283: https://iptv-org.github.io/iptv/subdivisions/au-nt.m3u -> records=1 epg=0
2026-09-23 08:21:02,221 | INFO | SOURCE 920/1283: https://iptv-org.github.io/iptv/subdivisions/au-qld.m3u -> records=2 epg=0
2026-09-23 08:21:02,221 | INFO | SOURCE 921/1283: https://iptv-org.github.io/iptv/subdivisions/ar-x.m3u -> records=2 epg=0
2026-09-23 08:21:02,221 | INFO | SOURCE 922/1283: https://iptv-org.github.io/iptv/languages/ukr.m3u -> records=176 epg=0
2026-09-23 08:21:02,221 | INFO | SOURCE 923/1283: https://iptv-org.github.io/iptv/subdivisions/br-es.m3u -> records=2 epg=0
2026-09-23 08:21:02,221 | INFO | SOURCE 924/1283: https://iptv-org.github.io/iptv/subdivisions/be-vlg.m3u -> records=1 epg=0
2026-09-23 08:21:02,276 | INFO | SOURCE 925/1283: https://iptv-org.github.io/iptv/subdivisions/ar-t.m3u -> records=2 epg=0
2026-09-23 08:21:02,339 | INFO | SOURCE 926/1283: https://iptv-org.github.io/iptv/regions/ceu.m3u -> records=1179 epg=0
2026-09-23 08:21:02,413 | INFO | SOURCE 927/1283: https://iptv-org.github.io/iptv/subdivisions/au-tas.m3u -> records=1 epg=0
2026-09-23 08:21:02,413 | INFO | SOURCE 928/1283: https://iptv-org.github.io/iptv/subdivisions/ar-u.m3u -> records=3 epg=0
2026-09-23 08:21:02,413 | INFO | SOURCE 929/1283: https://iptv-org.github.io/iptv/subdivisions/at-2.m3u -> records=1 epg=0
2026-09-23 08:21:02,413 | INFO | SOURCE 930/1283: https://iptv-org.github.io/iptv/regions/mena.m3u -> records=929 epg=0
2026-09-23 08:21:02,413 | INFO | SOURCE 931/1283: https://iptv-org.github.io/iptv/subdivisions/bo-o.m3u -> records=1 epg=0
2026-09-23 08:21:02,413 | INFO | SOURCE 932/1283: https://iptv-org.github.io/iptv/subdivisions/au-nsw.m3u -> records=11 epg=0
2026-09-23 08:21:02,413 | INFO | SOURCE 933/1283: https://iptv-org.github.io/iptv/subdivisions/au-vic.m3u -> records=1 epg=0
2026-09-23 08:21:02,413 | INFO | SOURCE 934/1283: https://iptv-org.github.io/iptv/subdivisions/ar-s.m3u -> records=9 epg=0
2026-09-23 08:21:02,413 | INFO | SOURCE 935/1283: https://iptv-org.github.io/iptv/subdivisions/be-van.m3u -> records=1 epg=0
2026-09-23 08:21:02,413 | INFO | SOURCE 936/1283: https://iptv-org.github.io/iptv/subdivisions/au-sa.m3u -> records=2 epg=0
2026-09-23 08:21:02,413 | INFO | SOURCE 937/1283: https://iptv-org.github.io/iptv/regions/maghreb.m3u -> records=183 epg=0
2026-09-23 08:21:02,414 | INFO | SOURCE 938/1283: https://iptv-org.github.io/iptv/regions/carib.m3u -> records=636 epg=0
2026-09-23 08:21:02,414 | INFO | SOURCE 939/1283: https://iptv-org.github.io/iptv/subdivisions/bo-c.m3u -> records=1 epg=0
2026-09-23 08:21:02,414 | INFO | SOURCE 940/1283: https://iptv-org.github.io/iptv/subdivisions/ar-z.m3u -> records=1 epg=0
2026-09-23 08:21:02,414 | INFO | SOURCE 941/1283: https://iptv-org.github.io/iptv/regions/sas.m3u -> records=1034 epg=0
2026-09-23 08:21:02,437 | INFO | SOURCE 942/1283: https://iptv-org.github.io/iptv/regions/saf.m3u -> records=128 epg=0
2026-09-23 08:21:02,442 | INFO | SOURCE 943/1283: https://iptv-org.github.io/iptv/regions/was.m3u -> records=963 epg=0
2026-09-23 08:21:02,450 | INFO | SOURCE 944/1283: https://iptv-org.github.io/iptv/subdivisions/bo-l.m3u -> records=5 epg=0
2026-09-23 08:21:02,451 | INFO | SOURCE 945/1283: https://iptv-org.github.io/iptv/subdivisions/au-wa.m3u -> records=2 epg=0
2026-09-23 08:21:02,451 | INFO | SOURCE 946/1283: https://iptv-org.github.io/iptv/regions/eas.m3u -> records=400 epg=0
2026-09-23 08:21:02,451 | INFO | SOURCE 947/1283: https://iptv-org.github.io/iptv/regions/eaf.m3u -> records=242 epg=0
2026-09-23 08:21:02,451 | INFO | SOURCE 948/1283: https://iptv-org.github.io/iptv/subdivisions/at-6.m3u -> records=1 epg=0
2026-09-23 08:21:02,471 | INFO | SOURCE 949/1283: https://iptv-org.github.io/iptv/subdivisions/br-pa.m3u -> records=1 epg=0
2026-09-23 08:21:02,476 | INFO | SOURCE 950/1283: https://iptv-org.github.io/iptv/subdivisions/br-ba.m3u -> records=2 epg=0
2026-09-23 08:21:02,476 | INFO | SOURCE 951/1283: https://iptv-org.github.io/iptv/subdivisions/bo-s.m3u -> records=1 epg=0
2026-09-23 08:21:02,476 | INFO | SOURCE 952/1283: https://iptv-org.github.io/iptv/subdivisions/br-pb.m3u -> records=2 epg=0
2026-09-23 08:21:02,476 | INFO | SOURCE 953/1283: https://iptv-org.github.io/iptv/regions/ser.m3u -> records=1126 epg=0
2026-09-23 08:21:02,476 | INFO | SOURCE 954/1283: https://iptv-org.github.io/iptv/subdivisions/br-am.m3u -> records=1 epg=0
2026-09-23 08:21:02,476 | INFO | SOURCE 955/1283: https://iptv-org.github.io/iptv/regions/southam.m3u -> records=1610 epg=0
2026-09-23 08:21:02,494 | INFO | SOURCE 956/1283: https://iptv-org.github.io/iptv/subdivisions/br-ma.m3u -> records=1 epg=0
2026-09-23 08:21:02,494 | INFO | SOURCE 957/1283: https://iptv-org.github.io/iptv/regions/mideast.m3u -> records=900 epg=0
2026-09-23 08:21:02,494 | INFO | SOURCE 958/1283: https://iptv-org.github.io/iptv/subdivisions/br-mt.m3u -> records=2 epg=0
2026-09-23 08:21:02,494 | INFO | SOURCE 959/1283: https://iptv-org.github.io/iptv/subdivisions/br-sc.m3u -> records=4 epg=0
2026-09-23 08:21:02,494 | INFO | SOURCE 960/1283: https://iptv-org.github.io/iptv/subdivisions/ca-pe.m3u -> records=1 epg=0
2026-09-23 08:21:02,494 | INFO | SOURCE 961/1283: https://iptv-org.github.io/iptv/subdivisions/br-rj.m3u -> records=7 epg=0
2026-09-23 08:21:02,494 | INFO | SOURCE 962/1283: https://iptv-org.github.io/iptv/regions/oce.m3u -> records=171 epg=0
2026-09-23 08:21:02,494 | INFO | SOURCE 963/1283: https://iptv-org.github.io/iptv/regions/cas.m3u -> records=263 epg=0
2026-09-23 08:21:02,494 | INFO | SOURCE 964/1283: https://iptv-org.github.io/iptv/subdivisions/cl-ma.m3u -> records=1 epg=0
2026-09-23 08:21:02,494 | INFO | SOURCE 965/1283: https://iptv-org.github.io/iptv/subdivisions/ca-on.m3u -> records=6 epg=0
2026-09-23 08:21:02,494 | INFO | SOURCE 966/1283: https://iptv-org.github.io/iptv/regions/cis.m3u -> records=850 epg=0
2026-09-23 08:21:02,495 | INFO | SOURCE 967/1283: https://iptv-org.github.io/iptv/subdivisions/br-sp.m3u -> records=16 epg=0
2026-09-23 08:21:02,495 | INFO | SOURCE 968/1283: https://iptv-org.github.io/iptv/subdivisions/cl-at.m3u -> records=1 epg=0
2026-09-23 08:21:02,495 | INFO | SOURCE 969/1283: https://iptv-org.github.io/iptv/subdivisions/br-rn.m3u -> records=3 epg=0
2026-09-23 08:21:02,495 | INFO | SOURCE 970/1283: https://iptv-org.github.io/iptv/subdivisions/ca-nl.m3u -> records=2 epg=0
2026-09-23 08:21:02,495 | INFO | SOURCE 971/1283: https://iptv-org.github.io/iptv/subdivisions/ca-nb.m3u -> records=3 epg=0
2026-09-23 08:21:02,495 | INFO | SOURCE 972/1283: https://iptv-org.github.io/iptv/subdivisions/br-rs.m3u -> records=4 epg=0
2026-09-23 08:21:02,495 | INFO | SOURCE 973/1283: https://iptv-org.github.io/iptv/subdivisions/ca-ab.m3u -> records=4 epg=0
2026-09-23 08:21:02,495 | INFO | SOURCE 974/1283: https://iptv-org.github.io/iptv/subdivisions/ca-sk.m3u -> records=2 epg=0
2026-09-23 08:21:02,495 | INFO | SOURCE 975/1283: https://iptv-org.github.io/iptv/subdivisions/cl-ar.m3u -> records=1 epg=0
2026-09-23 08:21:02,495 | INFO | SOURCE 976/1283: https://iptv-org.github.io/iptv/subdivisions/br-ce.m3u -> records=2 epg=0
2026-09-23 08:21:02,495 | INFO | SOURCE 977/1283: https://iptv-org.github.io/iptv/subdivisions/co-sap.m3u -> records=1 epg=0
2026-09-23 08:21:02,495 | INFO | SOURCE 978/1283: https://iptv-org.github.io/iptv/subdivisions/ca-nt.m3u -> records=1 epg=0
2026-09-23 08:21:02,495 | INFO | SOURCE 979/1283: https://iptv-org.github.io/iptv/subdivisions/ca-mb.m3u -> records=3 epg=0
2026-09-23 08:21:02,495 | INFO | SOURCE 980/1283: https://iptv-org.github.io/iptv/subdivisions/br-mg.m3u -> records=6 epg=0
2026-09-23 08:21:02,495 | INFO | SOURCE 981/1283: https://iptv-org.github.io/iptv/subdivisions/ca-qc.m3u -> records=11 epg=0
2026-09-23 08:21:02,495 | INFO | SOURCE 982/1283: https://iptv-org.github.io/iptv/subdivisions/co-hui.m3u -> records=2 epg=0
2026-09-23 08:21:02,496 | INFO | SOURCE 983/1283: https://iptv-org.github.io/iptv/subdivisions/br-pr.m3u -> records=3 epg=0
2026-09-23 08:21:02,496 | INFO | SOURCE 984/1283: https://iptv-org.github.io/iptv/regions/wer.m3u -> records=1218 epg=0
2026-09-23 08:21:02,496 | INFO | SOURCE 985/1283: https://iptv-org.github.io/iptv/subdivisions/co-vac.m3u -> records=2 epg=0
2026-09-23 08:21:02,496 | INFO | SOURCE 986/1283: https://iptv-org.github.io/iptv/subdivisions/cl-li.m3u -> records=1 epg=0
2026-09-23 08:21:02,496 | INFO | SOURCE 987/1283: https://iptv-org.github.io/iptv/subdivisions/co-cal.m3u -> records=1 epg=0
2026-09-23 08:21:02,496 | INFO | SOURCE 988/1283: https://iptv-org.github.io/iptv/subdivisions/br-to.m3u -> records=1 epg=0
2026-09-23 08:21:02,496 | INFO | SOURCE 989/1283: https://iptv-org.github.io/iptv/subdivisions/ca-bc.m3u -> records=5 epg=0
2026-09-23 08:21:02,496 | INFO | SOURCE 990/1283: https://iptv-org.github.io/iptv/subdivisions/br-df.m3u -> records=1 epg=0
2026-09-23 08:21:02,496 | INFO | SOURCE 991/1283: https://iptv-org.github.io/iptv/subdivisions/ca-ns.m3u -> records=1 epg=0
2026-09-23 08:21:02,496 | INFO | SOURCE 992/1283: https://iptv-org.github.io/iptv/subdivisions/co-cho.m3u -> records=1 epg=0
2026-09-23 08:21:02,496 | INFO | SOURCE 993/1283: https://iptv-org.github.io/iptv/subdivisions/cl-vs.m3u -> records=1 epg=0
2026-09-23 08:21:02,496 | INFO | SOURCE 994/1283: https://iptv-org.github.io/iptv/subdivisions/ca-nu.m3u -> records=1 epg=0
2026-09-23 08:21:02,496 | INFO | SOURCE 995/1283: https://iptv-org.github.io/iptv/subdivisions/de-be.m3u -> records=1 epg=0
2026-09-23 08:21:02,496 | INFO | SOURCE 996/1283: https://iptv-org.github.io/iptv/subdivisions/co-cau.m3u -> records=1 epg=0
2026-09-23 08:21:02,496 | INFO | SOURCE 997/1283: https://iptv-org.github.io/iptv/subdivisions/co-nar.m3u -> records=1 epg=0
2026-09-23 08:21:02,496 | INFO | SOURCE 998/1283: https://iptv-org.github.io/iptv/subdivisions/de-by.m3u -> records=2 epg=0
2026-09-23 08:21:02,496 | INFO | SOURCE 999/1283: https://iptv-org.github.io/iptv/subdivisions/cl-bi.m3u -> records=2 epg=0
2026-09-23 08:21:02,496 | INFO | SOURCE 1000/1283: https://iptv-org.github.io/iptv/subdivisions/do-11.m3u -> records=2 epg=0
2026-09-23 08:21:02,496 | INFO | SOURCE 1001/1283: https://iptv-org.github.io/iptv/subdivisions/do-08.m3u -> records=1 epg=0
2026-09-23 08:21:02,496 | INFO | SOURCE 1002/1283: https://iptv-org.github.io/iptv/subdivisions/do-01.m3u -> records=2 epg=0
2026-09-23 08:21:02,496 | INFO | SOURCE 1003/1283: https://iptv-org.github.io/iptv/subdivisions/co-tol.m3u -> records=1 epg=0
2026-09-23 08:21:02,496 | INFO | SOURCE 1004/1283: https://iptv-org.github.io/iptv/subdivisions/de-ni.m3u -> records=2 epg=0
2026-09-23 08:21:02,496 | INFO | SOURCE 1005/1283: https://iptv-org.github.io/iptv/subdivisions/cr-c.m3u -> records=1 epg=0
2026-09-23 08:21:02,496 | INFO | SOURCE 1006/1283: https://iptv-org.github.io/iptv/subdivisions/do-35.m3u -> records=2 epg=0
2026-09-23 08:21:02,496 | INFO | SOURCE 1007/1283: https://iptv-org.github.io/iptv/subdivisions/de-bb.m3u -> records=1 epg=0
2026-09-23 08:21:02,496 | INFO | SOURCE 1008/1283: https://iptv-org.github.io/iptv/subdivisions/do-42.m3u -> records=3 epg=0
2026-09-23 08:21:02,496 | INFO | SOURCE 1009/1283: https://iptv-org.github.io/iptv/subdivisions/de-sh.m3u -> records=1 epg=0
2026-09-23 08:21:02,496 | INFO | SOURCE 1010/1283: https://iptv-org.github.io/iptv/subdivisions/de-st.m3u -> records=1 epg=0
2026-09-23 08:21:02,497 | INFO | SOURCE 1011/1283: https://iptv-org.github.io/iptv/subdivisions/do-40.m3u -> records=2 epg=0
2026-09-23 08:21:02,497 | INFO | SOURCE 1012/1283: https://iptv-org.github.io/iptv/subdivisions/es-co.m3u -> records=1 epg=0
2026-09-23 08:21:02,497 | INFO | SOURCE 1013/1283: https://iptv-org.github.io/iptv/subdivisions/de-nw.m3u -> records=10 epg=0
2026-09-23 08:21:02,497 | INFO | SOURCE 1014/1283: https://iptv-org.github.io/iptv/subdivisions/ec-d.m3u -> records=1 epg=0
2026-09-23 08:21:02,497 | INFO | SOURCE 1015/1283: https://iptv-org.github.io/iptv/subdivisions/cr-p.m3u -> records=1 epg=0
2026-09-23 08:21:02,497 | INFO | SOURCE 1016/1283: https://iptv-org.github.io/iptv/subdivisions/do-18.m3u -> records=1 epg=0
2026-09-23 08:21:02,497 | INFO | SOURCE 1017/1283: https://iptv-org.github.io/iptv/subdivisions/do-25.m3u -> records=1 epg=0
2026-09-23 08:21:02,497 | INFO | SOURCE 1018/1283: https://iptv-org.github.io/iptv/subdivisions/de-hh.m3u -> records=1 epg=0
2026-09-23 08:21:02,497 | INFO | SOURCE 1019/1283: https://iptv-org.github.io/iptv/subdivisions/de-th.m3u -> records=2 epg=0
2026-09-23 08:21:02,497 | INFO | SOURCE 1020/1283: https://iptv-org.github.io/iptv/subdivisions/do-37.m3u -> records=1 epg=0
2026-09-23 08:21:02,497 | INFO | SOURCE 1021/1283: https://iptv-org.github.io/iptv/subdivisions/es-ca.m3u -> records=1 epg=0
2026-09-23 08:21:02,497 | INFO | SOURCE 1022/1283: https://iptv-org.github.io/iptv/subdivisions/do-13.m3u -> records=3 epg=0
2026-09-23 08:21:02,497 | INFO | SOURCE 1023/1283: https://iptv-org.github.io/iptv/subdivisions/cl-ml.m3u -> records=1 epg=0
2026-09-23 08:21:02,497 | INFO | SOURCE 1024/1283: https://iptv-org.github.io/iptv/subdivisions/es-b.m3u -> records=5 epg=0
2026-09-23 08:21:02,497 | INFO | SOURCE 1025/1283: https://iptv-org.github.io/iptv/subdivisions/ec-l.m3u -> records=2 epg=0
2026-09-23 08:21:02,497 | INFO | SOURCE 1026/1283: https://iptv-org.github.io/iptv/subdivisions/do-36.m3u -> records=4 epg=0
2026-09-23 08:21:02,497 | INFO | SOURCE 1027/1283: https://iptv-org.github.io/iptv/subdivisions/es-j.m3u -> records=1 epg=0
2026-09-23 08:21:02,497 | INFO | SOURCE 1028/1283: https://iptv-org.github.io/iptv/subdivisions/de-sn.m3u -> records=1 epg=0
2026-09-23 08:21:02,497 | INFO | SOURCE 1029/1283: https://iptv-org.github.io/iptv/subdivisions/de-mv.m3u -> records=1 epg=0
2026-09-23 08:21:02,497 | INFO | SOURCE 1030/1283: https://iptv-org.github.io/iptv/subdivisions/do-22.m3u -> records=1 epg=0
2026-09-23 08:21:02,497 | INFO | SOURCE 1031/1283: https://iptv-org.github.io/iptv/subdivisions/es-gr.m3u -> records=3 epg=0
2026-09-23 08:21:02,497 | INFO | SOURCE 1032/1283: https://iptv-org.github.io/iptv/subdivisions/es-ga.m3u -> records=2 epg=0
2026-09-23 08:21:02,497 | INFO | SOURCE 1033/1283: https://iptv-org.github.io/iptv/subdivisions/es-ri.m3u -> records=1 epg=0
2026-09-23 08:21:02,497 | INFO | SOURCE 1034/1283: https://iptv-org.github.io/iptv/subdivisions/es-cn.m3u -> records=7 epg=0
2026-09-23 08:21:02,497 | INFO | SOURCE 1035/1283: https://iptv-org.github.io/iptv/subdivisions/es-hu.m3u -> records=1 epg=0
2026-09-23 08:21:02,497 | INFO | SOURCE 1036/1283: https://iptv-org.github.io/iptv/subdivisions/do-34.m3u -> records=1 epg=0
2026-09-23 08:21:02,497 | INFO | SOURCE 1037/1283: https://iptv-org.github.io/iptv/subdivisions/es-ar.m3u -> records=1 epg=0
2026-09-23 08:21:02,516 | INFO | SOURCE 1038/1283: https://iptv-org.github.io/iptv/subdivisions/es-pv.m3u -> records=6 epg=0
2026-09-23 08:21:02,521 | INFO | SOURCE 1039/1283: https://iptv-org.github.io/iptv/regions/apac.m3u -> records=1854 epg=0
2026-09-23 08:21:02,521 | INFO | SOURCE 1040/1283: https://iptv-org.github.io/iptv/subdivisions/cr-sj.m3u -> records=1 epg=0
2026-09-23 08:21:02,522 | INFO | SOURCE 1041/1283: https://iptv-org.github.io/iptv/subdivisions/do-28.m3u -> records=1 epg=0
2026-09-23 08:21:02,527 | INFO | SOURCE 1042/1283: https://iptv-org.github.io/iptv/regions/asia.m3u -> records=3231 epg=0
2026-09-23 08:21:02,540 | INFO | SOURCE 1043/1283: https://iptv-org.github.io/iptv/subdivisions/gb-wls.m3u -> records=2 epg=0
2026-09-23 08:21:02,540 | INFO | SOURCE 1044/1283: https://iptv-org.github.io/iptv/subdivisions/es-bi.m3u -> records=4 epg=0
2026-09-23 08:21:02,540 | INFO | SOURCE 1045/1283: https://iptv-org.github.io/iptv/subdivisions/gr-g.m3u -> records=3 epg=0
2026-09-23 08:21:02,540 | INFO | SOURCE 1046/1283: https://iptv-org.github.io/iptv/subdivisions/es-an.m3u -> records=35 epg=0
2026-09-23 08:21:02,540 | INFO | SOURCE 1047/1283: https://iptv-org.github.io/iptv/subdivisions/es-ib.m3u -> records=1 epg=0
2026-09-23 08:21:02,540 | INFO | SOURCE 1048/1283: https://iptv-org.github.io/iptv/subdivisions/es-cm.m3u -> records=3 epg=0
2026-09-23 08:21:02,540 | INFO | SOURCE 1049/1283: https://iptv-org.github.io/iptv/regions/nord.m3u -> records=591 epg=0
2026-09-23 08:21:02,540 | INFO | SOURCE 1050/1283: https://iptv-org.github.io/iptv/subdivisions/es-mc.m3u -> records=2 epg=0
2026-09-23 08:21:02,540 | INFO | SOURCE 1051/1283: https://iptv-org.github.io/iptv/subdivisions/do-27.m3u -> records=1 epg=0
2026-09-23 08:21:02,541 | INFO | SOURCE 1052/1283: https://iptv-org.github.io/iptv/subdivisions/es-md.m3u -> records=2 epg=0
2026-09-23 08:21:02,541 | INFO | SOURCE 1053/1283: https://iptv-org.github.io/iptv/subdivisions/es-tf.m3u -> records=1 epg=0
2026-09-23 08:21:02,541 | INFO | SOURCE 1054/1283: https://iptv-org.github.io/iptv/subdivisions/es-h.m3u -> records=1 epg=0
2026-09-23 08:21:02,541 | INFO | SOURCE 1055/1283: https://iptv-org.github.io/iptv/subdivisions/es-t.m3u -> records=1 epg=0
2026-09-23 08:21:02,541 | INFO | SOURCE 1056/1283: https://iptv-org.github.io/iptv/subdivisions/fi-12.m3u -> records=1 epg=0
2026-09-23 08:21:02,541 | INFO | SOURCE 1057/1283: https://iptv-org.github.io/iptv/subdivisions/gr-b.m3u -> records=8 epg=0
2026-09-23 08:21:02,564 | INFO | SOURCE 1058/1283: https://iptv-org.github.io/iptv/subdivisions/es-nc.m3u -> records=1 epg=0
2026-09-23 08:21:02,670 | INFO | SOURCE 1059/1283: https://iptv-org.github.io/iptv/subdivisions/gr-e.m3u -> records=2 epg=0
2026-09-23 08:21:02,700 | INFO | SOURCE 1060/1283: https://iptv-org.github.io/iptv/subdivisions/ec-a.m3u -> records=1 epg=0
2026-09-23 08:21:02,758 | INFO | SOURCE 1061/1283: https://iptv-org.github.io/iptv/regions/hispam.m3u -> records=1943 epg=0
2026-09-23 08:21:02,820 | INFO | SOURCE 1062/1283: https://iptv-org.github.io/iptv/subdivisions/gt-08.m3u -> records=1 epg=0
2026-09-23 08:21:02,820 | INFO | SOURCE 1063/1283: https://iptv-org.github.io/iptv/subdivisions/es-to.m3u -> records=1 epg=0
2026-09-23 08:21:02,820 | INFO | SOURCE 1064/1283: https://iptv-org.github.io/iptv/subdivisions/es-l.m3u -> records=2 epg=0
2026-09-23 08:21:02,820 | INFO | SOURCE 1065/1283: https://iptv-org.github.io/iptv/regions/cee.m3u -> records=1716 epg=0
2026-09-23 08:21:02,820 | INFO | SOURCE 1066/1283: https://iptv-org.github.io/iptv/subdivisions/es-ma.m3u -> records=2 epg=0
2026-09-23 08:21:02,820 | INFO | SOURCE 1067/1283: https://iptv-org.github.io/iptv/subdivisions/es-v.m3u -> records=2 epg=0
2026-09-23 08:21:02,820 | INFO | SOURCE 1068/1283: https://iptv-org.github.io/iptv/subdivisions/gr-d.m3u -> records=5 epg=0
2026-09-23 08:21:02,820 | INFO | SOURCE 1069/1283: https://iptv-org.github.io/iptv/regions/nam.m3u -> records=1779 epg=0
2026-09-23 08:21:02,820 | INFO | SOURCE 1070/1283: https://iptv-org.github.io/iptv/subdivisions/gt-12.m3u -> records=1 epg=0
2026-09-23 08:21:02,848 | INFO | SOURCE 1071/1283: https://iptv-org.github.io/iptv/subdivisions/id-ka.m3u -> records=10 epg=0
2026-09-23 08:21:02,873 | INFO | SOURCE 1072/1283: https://iptv-org.github.io/iptv/subdivisions/gr-l.m3u -> records=1 epg=0
2026-09-23 08:21:03,109 | INFO | SOURCE 1073/1283: https://iptv-org.github.io/iptv/subdivisions/gr-h.m3u -> records=1 epg=0
2026-09-23 08:21:03,138 | INFO | SOURCE 1074/1283: https://iptv-org.github.io/iptv/subdivisions/es-gi.m3u -> records=2 epg=0
2026-09-23 08:21:03,138 | INFO | SOURCE 1075/1283: https://iptv-org.github.io/iptv/subdivisions/fi-08.m3u -> records=1 epg=0
2026-09-23 08:21:03,138 | INFO | SOURCE 1076/1283: https://iptv-org.github.io/iptv/subdivisions/es-ct.m3u -> records=43 epg=0
2026-09-23 08:21:03,138 | INFO | SOURCE 1077/1283: https://iptv-org.github.io/iptv/subdivisions/id-jb.m3u -> records=15 epg=0
2026-09-23 08:21:03,138 | INFO | SOURCE 1078/1283: https://iptv-org.github.io/iptv/subdivisions/id-bb.m3u -> records=1 epg=0
2026-09-23 08:21:03,160 | INFO | SOURCE 1079/1283: https://iptv-org.github.io/iptv/subdivisions/id-nb.m3u -> records=2 epg=0
2026-09-23 08:21:03,220 | INFO | SOURCE 1080/1283: https://iptv-org.github.io/iptv/subdivisions/id-ac.m3u -> records=2 epg=0
2026-09-23 08:21:03,394 | INFO | SOURCE 1081/1283: https://iptv-org.github.io/iptv/subdivisions/id-ba.m3u -> records=1 epg=0
2026-09-23 08:21:03,480 | INFO | SOURCE 1082/1283: https://iptv-org.github.io/iptv/subdivisions/gt-07.m3u -> records=3 epg=0
2026-09-23 08:21:03,500 | INFO | SOURCE 1083/1283: https://iptv-org.github.io/iptv/subdivisions/es-vc.m3u -> records=16 epg=0
2026-09-23 08:21:03,505 | INFO | SOURCE 1084/1283: https://iptv-org.github.io/iptv/subdivisions/id-jt.m3u -> records=5 epg=0
2026-09-23 08:21:03,505 | INFO | SOURCE 1085/1283: https://iptv-org.github.io/iptv/subdivisions/gt-14.m3u -> records=1 epg=0
2026-09-23 08:21:03,505 | INFO | SOURCE 1086/1283: https://iptv-org.github.io/iptv/regions/latam.m3u -> records=2366 epg=0
2026-09-23 08:21:03,505 | INFO | SOURCE 1087/1283: https://iptv-org.github.io/iptv/subdivisions/es-na.m3u -> records=1 epg=0
2026-09-23 08:21:03,505 | INFO | SOURCE 1088/1283: https://iptv-org.github.io/iptv/subdivisions/gr-i.m3u -> records=7 epg=0
2026-09-23 08:21:03,505 | INFO | SOURCE 1089/1283: https://iptv-org.github.io/iptv/subdivisions/gt-05.m3u -> records=2 epg=0
2026-09-23 08:21:03,505 | INFO | SOURCE 1090/1283: https://iptv-org.github.io/iptv/subdivisions/ge-ab.m3u -> records=1 epg=0
2026-09-23 08:21:03,505 | INFO | SOURCE 1091/1283: https://iptv-org.github.io/iptv/subdivisions/gt-06.m3u -> records=1 epg=0
2026-09-23 08:21:03,632 | INFO | SOURCE 1092/1283: https://iptv-org.github.io/iptv/subdivisions/id-ja.m3u -> records=4 epg=0
2026-09-23 08:21:03,638 | INFO | SOURCE 1093/1283: https://iptv-org.github.io/iptv/subdivisions/id-ml.m3u -> records=1 epg=0
2026-09-23 08:21:03,638 | INFO | SOURCE 1094/1283: https://iptv-org.github.io/iptv/subdivisions/id-kb.m3u -> records=2 epg=0
2026-09-23 08:21:03,638 | INFO | SOURCE 1095/1283: https://iptv-org.github.io/iptv/subdivisions/gr-f.m3u -> records=3 epg=0
2026-09-23 08:21:03,643 | INFO | SOURCE 1096/1283: https://iptv-org.github.io/iptv/subdivisions/id-ki.m3u -> records=4 epg=0
2026-09-23 08:21:03,653 | INFO | SOURCE 1097/1283: https://iptv-org.github.io/iptv/subdivisions/gr-c.m3u -> records=1 epg=0
2026-09-23 08:21:03,664 | INFO | SOURCE 1098/1283: https://iptv-org.github.io/iptv/subdivisions/id-be.m3u -> records=1 epg=0
2026-09-23 08:21:03,679 | INFO | SOURCE 1099/1283: https://iptv-org.github.io/iptv/subdivisions/id-ks.m3u -> records=3 epg=0
2026-09-23 08:21:03,679 | INFO | SOURCE 1100/1283: https://iptv-org.github.io/iptv/subdivisions/id-ri.m3u -> records=3 epg=0
2026-09-23 08:21:03,679 | INFO | SOURCE 1101/1283: https://iptv-org.github.io/iptv/subdivisions/id-mu.m3u -> records=1 epg=0
2026-09-23 08:21:03,679 | INFO | SOURCE 1102/1283: https://iptv-org.github.io/iptv/subdivisions/id-kt.m3u -> records=1 epg=0
2026-09-23 08:21:03,685 | INFO | SOURCE 1103/1283: https://iptv-org.github.io/iptv/subdivisions/id-nu.m3u -> records=6 epg=0
2026-09-23 08:21:03,690 | INFO | SOURCE 1104/1283: https://iptv-org.github.io/iptv/subdivisions/id-go.m3u -> records=1 epg=0
2026-09-23 08:21:03,757 | INFO | SOURCE 1105/1283: https://iptv-org.github.io/iptv/subdivisions/id-pp.m3u -> records=2 epg=0
2026-09-23 08:21:03,762 | INFO | SOURCE 1106/1283: https://iptv-org.github.io/iptv/subdivisions/id-ss.m3u -> records=2 epg=0
2026-09-23 08:21:03,762 | INFO | SOURCE 1107/1283: https://iptv-org.github.io/iptv/subdivisions/id-la.m3u -> records=4 epg=0
2026-09-23 08:21:03,762 | INFO | SOURCE 1108/1283: https://iptv-org.github.io/iptv/subdivisions/in-mh.m3u -> records=1 epg=0
2026-09-23 08:21:03,762 | INFO | SOURCE 1109/1283: https://iptv-org.github.io/iptv/subdivisions/in-dl.m3u -> records=1 epg=0
2026-09-23 08:21:03,762 | INFO | SOURCE 1110/1283: https://iptv-org.github.io/iptv/subdivisions/id-nt.m3u -> records=3 epg=0
2026-09-23 08:21:03,767 | INFO | SOURCE 1111/1283: https://iptv-org.github.io/iptv/subdivisions/kr-43.m3u -> records=2 epg=0
2026-09-23 08:21:03,804 | INFO | SOURCE 1112/1283: https://iptv-org.github.io/iptv/subdivisions/in-kl.m3u -> records=2 epg=0
2026-09-23 08:21:03,809 | INFO | SOURCE 1113/1283: https://iptv-org.github.io/iptv/subdivisions/id-jk.m3u -> records=8 epg=0
2026-09-23 08:21:03,809 | INFO | SOURCE 1114/1283: https://iptv-org.github.io/iptv/subdivisions/in-tn.m3u -> records=14 epg=0
2026-09-23 08:21:03,810 | INFO | SOURCE 1115/1283: https://iptv-org.github.io/iptv/subdivisions/kr-26.m3u -> records=2 epg=0
2026-09-23 08:21:03,815 | INFO | SOURCE 1116/1283: https://iptv-org.github.io/iptv/subdivisions/in-ap.m3u -> records=1 epg=0
2026-09-23 08:21:03,830 | INFO | SOURCE 1117/1283: https://iptv-org.github.io/iptv/subdivisions/id-bt.m3u -> records=1 epg=0
2026-09-23 08:21:03,830 | INFO | SOURCE 1118/1283: https://iptv-org.github.io/iptv/regions/lac.m3u -> records=2415 epg=0
2026-09-23 08:21:03,830 | INFO | SOURCE 1119/1283: https://iptv-org.github.io/iptv/subdivisions/id-yo.m3u -> records=3 epg=0
2026-09-23 08:21:03,830 | INFO | SOURCE 1120/1283: https://iptv-org.github.io/iptv/subdivisions/id-ji.m3u -> records=14 epg=0
2026-09-23 08:21:03,831 | INFO | SOURCE 1121/1283: https://iptv-org.github.io/iptv/subdivisions/kr-45.m3u -> records=2 epg=0
2026-09-23 08:21:03,831 | INFO | SOURCE 1122/1283: https://iptv-org.github.io/iptv/subdivisions/id-sa.m3u -> records=2 epg=0
2026-09-23 08:21:03,831 | INFO | SOURCE 1123/1283: https://iptv-org.github.io/iptv/subdivisions/kr-48.m3u -> records=1 epg=0
2026-09-23 08:21:03,856 | INFO | SOURCE 1124/1283: https://iptv-org.github.io/iptv/subdivisions/mx-yuc.m3u -> records=1 epg=0
2026-09-23 08:21:03,861 | INFO | SOURCE 1125/1283: https://iptv-org.github.io/iptv/subdivisions/me-20.m3u -> records=1 epg=0
2026-09-23 08:21:03,861 | INFO | SOURCE 1126/1283: https://iptv-org.github.io/iptv/subdivisions/id-sm.m3u -> records=20 epg=0
2026-09-23 08:21:03,861 | INFO | SOURCE 1127/1283: https://iptv-org.github.io/iptv/subdivisions/kr-27.m3u -> records=2 epg=0
2026-09-23 08:21:03,862 | INFO | SOURCE 1128/1283: https://iptv-org.github.io/iptv/subdivisions/id-pb.m3u -> records=1 epg=0
2026-09-23 08:21:03,862 | INFO | SOURCE 1129/1283: https://iptv-org.github.io/iptv/subdivisions/id-sb.m3u -> records=2 epg=0
2026-09-23 08:21:03,862 | INFO | SOURCE 1130/1283: https://iptv-org.github.io/iptv/subdivisions/id-sr.m3u -> records=1 epg=0
2026-09-23 08:21:03,862 | INFO | SOURCE 1131/1283: https://iptv-org.github.io/iptv/subdivisions/id-su.m3u -> records=1 epg=0
2026-09-23 08:21:03,882 | INFO | SOURCE 1132/1283: https://iptv-org.github.io/iptv/subdivisions/it-78.m3u -> records=1 epg=0
2026-09-23 08:21:03,913 | INFO | SOURCE 1133/1283: https://iptv-org.github.io/iptv/subdivisions/id-st.m3u -> records=1 epg=0
2026-09-23 08:21:03,939 | INFO | SOURCE 1134/1283: https://iptv-org.github.io/iptv/subdivisions/mx-nle.m3u -> records=1 epg=0
2026-09-23 08:21:03,944 | INFO | SOURCE 1135/1283: https://iptv-org.github.io/iptv/subdivisions/pe-are.m3u -> records=2 epg=0
2026-09-23 08:21:03,944 | INFO | SOURCE 1136/1283: https://iptv-org.github.io/iptv/subdivisions/in-ka.m3u -> records=1 epg=0
2026-09-23 08:21:03,954 | INFO | SOURCE 1137/1283: https://iptv-org.github.io/iptv/subdivisions/kr-41.m3u -> records=1 epg=0
2026-09-23 08:21:03,954 | INFO | SOURCE 1138/1283: https://iptv-org.github.io/iptv/subdivisions/kr-47.m3u -> records=1 epg=0
2026-09-23 08:21:03,960 | INFO | SOURCE 1139/1283: https://iptv-org.github.io/iptv/subdivisions/kr-42.m3u -> records=3 epg=0
2026-09-23 08:21:03,960 | INFO | SOURCE 1140/1283: https://iptv-org.github.io/iptv/subdivisions/mx-coa.m3u -> records=1 epg=0
2026-09-23 08:21:03,960 | INFO | SOURCE 1141/1283: https://iptv-org.github.io/iptv/subdivisions/kr-46.m3u -> records=4 epg=0
2026-09-23 08:21:03,960 | INFO | SOURCE 1142/1283: https://iptv-org.github.io/iptv/subdivisions/id-sl.m3u -> records=10 epg=0
2026-09-23 08:21:03,960 | INFO | SOURCE 1143/1283: https://iptv-org.github.io/iptv/subdivisions/id-sg.m3u -> records=2 epg=0
2026-09-23 08:21:04,002 | INFO | SOURCE 1144/1283: https://iptv-org.github.io/iptv/subdivisions/mx-roo.m3u -> records=2 epg=0
2026-09-23 08:21:04,023 | INFO | SOURCE 1145/1283: https://iptv-org.github.io/iptv/subdivisions/kr-31.m3u -> records=1 epg=0
2026-09-23 08:21:04,044 | INFO | SOURCE 1146/1283: https://iptv-org.github.io/iptv/subdivisions/pe-apu.m3u -> records=3 epg=0
2026-09-23 08:21:04,044 | INFO | SOURCE 1147/1283: https://iptv-org.github.io/iptv/subdivisions/mx-slp.m3u -> records=1 epg=0
2026-09-23 08:21:04,044 | INFO | SOURCE 1148/1283: https://iptv-org.github.io/iptv/subdivisions/mx-pue.m3u -> records=1 epg=0
2026-09-23 08:21:04,044 | INFO | SOURCE 1149/1283: https://iptv-org.github.io/iptv/subdivisions/ru-kc.m3u -> records=2 epg=0
2026-09-23 08:21:04,044 | INFO | SOURCE 1150/1283: https://iptv-org.github.io/iptv/subdivisions/pe-aya.m3u -> records=1 epg=0
2026-09-23 08:21:04,049 | INFO | SOURCE 1151/1283: https://iptv-org.github.io/iptv/subdivisions/id-jw.m3u -> records=45 epg=0
2026-09-23 08:21:04,049 | INFO | SOURCE 1152/1283: https://iptv-org.github.io/iptv/subdivisions/ru-al.m3u -> records=1 epg=0
2026-09-23 08:21:04,059 | INFO | SOURCE 1153/1283: https://iptv-org.github.io/iptv/subdivisions/mx-chh.m3u -> records=2 epg=0
2026-09-23 08:21:04,065 | INFO | SOURCE 1154/1283: https://iptv-org.github.io/iptv/subdivisions/it-32.m3u -> records=4 epg=0
2026-09-23 08:21:04,080 | INFO | SOURCE 1155/1283: https://iptv-org.github.io/iptv/subdivisions/mx-bcn.m3u -> records=1 epg=0
2026-09-23 08:21:04,085 | INFO | SOURCE 1156/1283: https://iptv-org.github.io/iptv/subdivisions/pk-is.m3u -> records=1 epg=0
2026-09-23 08:21:04,085 | INFO | SOURCE 1157/1283: https://iptv-org.github.io/iptv/subdivisions/pe-uca.m3u -> records=2 epg=0
2026-09-23 08:21:04,085 | INFO | SOURCE 1158/1283: https://iptv-org.github.io/iptv/subdivisions/ru-ad.m3u -> records=1 epg=0
2026-09-23 08:21:04,085 | INFO | SOURCE 1159/1283: https://iptv-org.github.io/iptv/subdivisions/pe-ama.m3u -> records=1 epg=0
2026-09-23 08:21:04,085 | INFO | SOURCE 1160/1283: https://iptv-org.github.io/iptv/subdivisions/py-7.m3u -> records=1 epg=0
2026-09-23 08:21:04,096 | INFO | SOURCE 1161/1283: https://iptv-org.github.io/iptv/subdivisions/ru-kgn.m3u -> records=2 epg=0
2026-09-23 08:21:04,096 | INFO | SOURCE 1162/1283: https://iptv-org.github.io/iptv/subdivisions/mx-dur.m3u -> records=1 epg=0
2026-09-23 08:21:04,096 | INFO | SOURCE 1163/1283: https://iptv-org.github.io/iptv/subdivisions/kr-49.m3u -> records=2 epg=0
2026-09-23 08:21:04,096 | INFO | SOURCE 1164/1283: https://iptv-org.github.io/iptv/subdivisions/pe-lor.m3u -> records=2 epg=0
2026-09-23 08:21:04,096 | INFO | SOURCE 1165/1283: https://iptv-org.github.io/iptv/subdivisions/mx-agu.m3u -> records=1 epg=0
2026-09-23 08:21:04,117 | INFO | SOURCE 1166/1283: https://iptv-org.github.io/iptv/subdivisions/mx-que.m3u -> records=1 epg=0
2026-09-23 08:21:04,122 | INFO | SOURCE 1167/1283: https://iptv-org.github.io/iptv/subdivisions/ru-klu.m3u -> records=1 epg=0
2026-09-23 08:21:04,122 | INFO | SOURCE 1168/1283: https://iptv-org.github.io/iptv/subdivisions/py-19.m3u -> records=1 epg=0
2026-09-23 08:21:04,234 | INFO | SOURCE 1169/1283: https://iptv-org.github.io/iptv/subdivisions/ru-in.m3u -> records=2 epg=0
2026-09-23 08:21:04,239 | INFO | SOURCE 1170/1283: https://iptv-org.github.io/iptv/subdivisions/ru-mo.m3u -> records=1 epg=0
2026-09-23 08:21:04,239 | INFO | SOURCE 1171/1283: https://iptv-org.github.io/iptv/subdivisions/ro-gj.m3u -> records=1 epg=0
2026-09-23 08:21:04,239 | INFO | SOURCE 1172/1283: https://iptv-org.github.io/iptv/subdivisions/ru-irk.m3u -> records=1 epg=0
2026-09-23 08:21:04,239 | INFO | SOURCE 1173/1283: https://iptv-org.github.io/iptv/subdivisions/pe-jun.m3u -> records=8 epg=0
2026-09-23 08:21:04,239 | INFO | SOURCE 1174/1283: https://iptv-org.github.io/iptv/subdivisions/ru-ast.m3u -> records=4 epg=0
2026-09-23 08:21:04,251 | INFO | SOURCE 1175/1283: https://iptv-org.github.io/iptv/subdivisions/ru-kb.m3u -> records=1 epg=0
2026-09-23 08:21:04,256 | INFO | SOURCE 1176/1283: https://iptv-org.github.io/iptv/subdivisions/kr-30.m3u -> records=1 epg=0
2026-09-23 08:21:04,261 | INFO | SOURCE 1177/1283: https://iptv-org.github.io/iptv/subdivisions/ru-niz.m3u -> records=3 epg=0
2026-09-23 08:21:04,261 | INFO | SOURCE 1178/1283: https://iptv-org.github.io/iptv/subdivisions/ru-alt.m3u -> records=2 epg=0
2026-09-23 08:21:04,261 | INFO | SOURCE 1179/1283: https://iptv-org.github.io/iptv/subdivisions/ru-da.m3u -> records=2 epg=0
2026-09-23 08:21:04,312 | INFO | SOURCE 1180/1283: https://iptv-org.github.io/iptv/subdivisions/ru-kgd.m3u -> records=1 epg=0
2026-09-23 08:21:04,358 | INFO | SOURCE 1181/1283: https://iptv-org.github.io/iptv/subdivisions/ru-ce.m3u -> records=3 epg=0
2026-09-23 08:21:04,393 | INFO | SOURCE 1182/1283: https://iptv-org.github.io/iptv/regions/eu.m3u -> records=2714 epg=0
2026-09-23 08:21:04,398 | INFO | SOURCE 1183/1283: https://iptv-org.github.io/iptv/subdivisions/pe-sam.m3u -> records=1 epg=0
2026-09-23 08:21:04,398 | INFO | SOURCE 1184/1283: https://iptv-org.github.io/iptv/subdivisions/ru-nvs.m3u -> records=3 epg=0
2026-09-23 08:21:04,398 | INFO | SOURCE 1185/1283: https://iptv-org.github.io/iptv/subdivisions/py-5.m3u -> records=1 epg=0
2026-09-23 08:21:04,398 | INFO | SOURCE 1186/1283: https://iptv-org.github.io/iptv/subdivisions/ru-kya.m3u -> records=8 epg=0
2026-09-23 08:21:04,398 | INFO | SOURCE 1187/1283: https://iptv-org.github.io/iptv/subdivisions/pe-lim.m3u -> records=6 epg=0
2026-09-23 08:21:04,403 | INFO | SOURCE 1188/1283: https://iptv-org.github.io/iptv/subdivisions/ru-sta.m3u -> records=2 epg=0
2026-09-23 08:21:04,409 | INFO | SOURCE 1189/1283: https://iptv-org.github.io/iptv/subdivisions/ru-che.m3u -> records=2 epg=0
2026-09-23 08:21:04,409 | INFO | SOURCE 1190/1283: https://iptv-org.github.io/iptv/subdivisions/ru-mow.m3u -> records=2 epg=0
2026-09-23 08:21:04,409 | INFO | SOURCE 1191/1283: https://iptv-org.github.io/iptv/subdivisions/ru-len.m3u -> records=1 epg=0
2026-09-23 08:21:04,414 | INFO | SOURCE 1192/1283: https://iptv-org.github.io/iptv/subdivisions/ru-kem.m3u -> records=2 epg=0
2026-09-23 08:21:04,414 | INFO | SOURCE 1193/1283: https://iptv-org.github.io/iptv/subdivisions/ru-ros.m3u -> records=1 epg=0
2026-09-23 08:21:04,414 | INFO | SOURCE 1194/1283: https://iptv-org.github.io/iptv/subdivisions/ru-pri.m3u -> records=3 epg=0
2026-09-23 08:21:04,414 | INFO | SOURCE 1195/1283: https://iptv-org.github.io/iptv/subdivisions/ru-kha.m3u -> records=1 epg=0
2026-09-23 08:21:04,414 | INFO | SOURCE 1196/1283: https://iptv-org.github.io/iptv/subdivisions/ru-ba.m3u -> records=7 epg=0
2026-09-23 08:21:04,414 | INFO | SOURCE 1197/1283: https://iptv-org.github.io/iptv/subdivisions/ru-kda.m3u -> records=5 epg=0
2026-09-23 08:21:04,414 | INFO | SOURCE 1198/1283: https://iptv-org.github.io/iptv/subdivisions/ru-bel.m3u -> records=2 epg=0
2026-09-23 08:21:04,414 | INFO | SOURCE 1199/1283: https://iptv-org.github.io/iptv/subdivisions/ru-per.m3u -> records=2 epg=0
2026-09-23 08:21:04,419 | INFO | SOURCE 1200/1283: https://iptv-org.github.io/iptv/subdivisions/ru-oms.m3u -> records=1 epg=0
2026-09-23 08:21:04,432 | INFO | SOURCE 1201/1283: https://iptv-org.github.io/iptv/subdivisions/ru-ark.m3u -> records=1 epg=0
2026-09-23 08:21:04,437 | INFO | SOURCE 1202/1283: https://iptv-org.github.io/iptv/subdivisions/ru-ngr.m3u -> records=1 epg=0
2026-09-23 08:21:04,442 | INFO | SOURCE 1203/1283: https://iptv-org.github.io/iptv/subdivisions/id-sn.m3u -> records=3 epg=0
2026-09-23 08:21:04,442 | INFO | SOURCE 1204/1283: https://iptv-org.github.io/iptv/subdivisions/ru-yev.m3u -> records=2 epg=0
2026-09-23 08:21:04,443 | INFO | SOURCE 1205/1283: https://iptv-org.github.io/iptv/subdivisions/us-ar.m3u -> records=3 epg=0
2026-09-23 08:21:04,443 | INFO | SOURCE 1206/1283: https://iptv-org.github.io/iptv/subdivisions/ua-43.m3u -> records=7 epg=0
2026-09-23 08:21:04,443 | INFO | SOURCE 1207/1283: https://iptv-org.github.io/iptv/subdivisions/ru-mos.m3u -> records=2 epg=0
2026-09-23 08:21:04,443 | INFO | SOURCE 1208/1283: https://iptv-org.github.io/iptv/subdivisions/ru-khm.m3u -> records=6 epg=0
2026-09-23 08:21:04,443 | INFO | SOURCE 1209/1283: https://iptv-org.github.io/iptv/subdivisions/ru-ta.m3u -> records=3 epg=0
2026-09-23 08:21:04,443 | INFO | SOURCE 1210/1283: https://iptv-org.github.io/iptv/subdivisions/ru-ty.m3u -> records=2 epg=0
2026-09-23 08:21:04,443 | INFO | SOURCE 1211/1283: https://iptv-org.github.io/iptv/regions/emea.m3u -> records=5051 epg=0
2026-09-23 08:21:04,443 | INFO | SOURCE 1212/1283: https://iptv-org.github.io/iptv/subdivisions/ru-kk.m3u -> records=2 epg=0
2026-09-23 08:21:04,443 | INFO | SOURCE 1213/1283: https://iptv-org.github.io/iptv/subdivisions/us-al.m3u -> records=1 epg=0
2026-09-23 08:21:04,448 | INFO | SOURCE 1214/1283: https://iptv-org.github.io/iptv/subdivisions/ru-sve.m3u -> records=3 epg=0
2026-09-23 08:21:04,448 | INFO | SOURCE 1215/1283: https://iptv-org.github.io/iptv/subdivisions/ru-nen.m3u -> records=1 epg=0
2026-09-23 08:21:04,453 | INFO | SOURCE 1216/1283: https://iptv-org.github.io/iptv/subdivisions/ru-yan.m3u -> records=2 epg=0
2026-09-23 08:21:04,453 | INFO | SOURCE 1217/1283: https://iptv-org.github.io/iptv/subdivisions/ru-se.m3u -> records=2 epg=0
2026-09-23 08:21:04,453 | INFO | SOURCE 1218/1283: https://iptv-org.github.io/iptv/subdivisions/ru-vgg.m3u -> records=2 epg=0
2026-09-23 08:21:04,454 | INFO | SOURCE 1219/1283: https://iptv-org.github.io/iptv/subdivisions/ru-yar.m3u -> records=1 epg=0
2026-09-23 08:21:04,454 | INFO | SOURCE 1220/1283: https://iptv-org.github.io/iptv/subdivisions/ua-14.m3u -> records=4 epg=0
2026-09-23 08:21:04,454 | INFO | SOURCE 1221/1283: https://iptv-org.github.io/iptv/subdivisions/ua-23.m3u -> records=1 epg=0
2026-09-23 08:21:04,454 | INFO | SOURCE 1222/1283: https://iptv-org.github.io/iptv/subdivisions/ru-ore.m3u -> records=2 epg=0
2026-09-23 08:21:04,454 | INFO | SOURCE 1223/1283: https://iptv-org.github.io/iptv/subdivisions/ru-sa.m3u -> records=2 epg=0
2026-09-23 08:21:04,454 | INFO | SOURCE 1224/1283: https://iptv-org.github.io/iptv/subdivisions/ru-tom.m3u -> records=1 epg=0
2026-09-23 08:21:04,459 | INFO | SOURCE 1225/1283: https://iptv-org.github.io/iptv/subdivisions/ru-rya.m3u -> records=1 epg=0
2026-09-23 08:21:04,459 | INFO | SOURCE 1226/1283: https://iptv-org.github.io/iptv/subdivisions/us-co.m3u -> records=13 epg=0
2026-09-23 08:21:04,459 | INFO | SOURCE 1227/1283: https://iptv-org.github.io/iptv/subdivisions/ru-tyu.m3u -> records=2 epg=0
2026-09-23 08:21:04,459 | INFO | SOURCE 1228/1283: https://iptv-org.github.io/iptv/subdivisions/us-ga.m3u -> records=12 epg=0
2026-09-23 08:21:04,459 | INFO | SOURCE 1229/1283: https://iptv-org.github.io/iptv/subdivisions/us-ms.m3u -> records=2 epg=0
2026-09-23 08:21:04,459 | INFO | SOURCE 1230/1283: https://iptv-org.github.io/iptv/subdivisions/us-dc.m3u -> records=5 epg=0
2026-09-23 08:21:04,459 | INFO | SOURCE 1231/1283: https://iptv-org.github.io/iptv/subdivisions/us-az.m3u -> records=11 epg=0
2026-09-23 08:21:04,459 | INFO | SOURCE 1232/1283: https://iptv-org.github.io/iptv/subdivisions/us-nc.m3u -> records=6 epg=0
2026-09-23 08:21:04,459 | INFO | SOURCE 1233/1283: https://iptv-org.github.io/iptv/subdivisions/us-nh.m3u -> records=10 epg=0
2026-09-23 08:21:04,459 | INFO | SOURCE 1234/1283: https://iptv-org.github.io/iptv/subdivisions/ua-65.m3u -> records=1 epg=0
2026-09-23 08:21:04,465 | INFO | SOURCE 1235/1283: https://iptv-org.github.io/iptv/subdivisions/us-mi.m3u -> records=13 epg=0
2026-09-23 08:21:04,470 | INFO | SOURCE 1236/1283: https://iptv-org.github.io/iptv/subdivisions/us-mo.m3u -> records=4 epg=0
2026-09-23 08:21:04,475 | INFO | SOURCE 1237/1283: https://iptv-org.github.io/iptv/subdivisions/ru-sam.m3u -> records=3 epg=0
2026-09-23 08:21:04,480 | INFO | SOURCE 1238/1283: https://iptv-org.github.io/iptv/subdivisions/us-ks.m3u -> records=2 epg=0
2026-09-23 08:21:04,480 | INFO | SOURCE 1239/1283: https://iptv-org.github.io/iptv/subdivisions/us-la.m3u -> records=4 epg=0
2026-09-23 08:21:04,480 | INFO | SOURCE 1240/1283: https://iptv-org.github.io/iptv/subdivisions/us-ma.m3u -> records=20 epg=0
2026-09-23 08:21:04,480 | INFO | SOURCE 1241/1283: https://iptv-org.github.io/iptv/subdivisions/ru-spe.m3u -> records=1 epg=0
2026-09-23 08:21:04,480 | INFO | SOURCE 1242/1283: https://iptv-org.github.io/iptv/regions/noram.m3u -> records=2736 epg=0
2026-09-23 08:21:04,480 | INFO | SOURCE 1243/1283: https://iptv-org.github.io/iptv/subdivisions/us-oh.m3u -> records=7 epg=0
2026-09-23 08:21:04,480 | INFO | SOURCE 1244/1283: https://iptv-org.github.io/iptv/subdivisions/us-il.m3u -> records=12 epg=0
2026-09-23 08:21:04,480 | INFO | SOURCE 1245/1283: https://iptv-org.github.io/iptv/subdivisions/us-hi.m3u -> records=6 epg=0
2026-09-23 08:21:04,480 | INFO | SOURCE 1246/1283: https://iptv-org.github.io/iptv/subdivisions/us-in.m3u -> records=1 epg=0
2026-09-23 08:21:04,480 | INFO | SOURCE 1247/1283: https://iptv-org.github.io/iptv/subdivisions/us-nm.m3u -> records=1 epg=0
2026-09-23 08:21:04,480 | INFO | SOURCE 1248/1283: https://iptv-org.github.io/iptv/regions/amer.m3u -> records=4084 epg=0
2026-09-23 08:21:04,481 | INFO | SOURCE 1249/1283: https://iptv-org.github.io/iptv/subdivisions/us-ia.m3u -> records=1 epg=0
2026-09-23 08:21:04,481 | INFO | SOURCE 1250/1283: https://iptv-org.github.io/iptv/subdivisions/us-pa.m3u -> records=11 epg=0
2026-09-23 08:21:04,481 | INFO | SOURCE 1251/1283: https://iptv-org.github.io/iptv/subdivisions/us-de.m3u -> records=3 epg=0
2026-09-23 08:21:04,481 | INFO | SOURCE 1252/1283: https://iptv-org.github.io/iptv/subdivisions/us-wi.m3u -> records=5 epg=0
2026-09-23 08:21:04,481 | INFO | SOURCE 1253/1283: https://iptv-org.github.io/iptv/subdivisions/us-ne.m3u -> records=2 epg=0
2026-09-23 08:21:04,481 | INFO | SOURCE 1254/1283: https://iptv-org.github.io/iptv/subdivisions/us-sc.m3u -> records=4 epg=0
2026-09-23 08:21:04,481 | INFO | SOURCE 1255/1283: https://iptv-org.github.io/iptv/subdivisions/us-md.m3u -> records=8 epg=0
2026-09-23 08:21:04,486 | INFO | SOURCE 1256/1283: https://iptv-org.github.io/iptv/subdivisions/us-ky.m3u -> records=4 epg=0
2026-09-23 08:21:04,491 | INFO | SOURCE 1257/1283: https://iptv-org.github.io/iptv/subdivisions/us-wy.m3u -> records=3 epg=0
2026-09-23 08:21:04,491 | INFO | SOURCE 1258/1283: https://iptv-org.github.io/iptv/subdivisions/us-tn.m3u -> records=3 epg=0
2026-09-23 08:21:04,491 | INFO | SOURCE 1259/1283: https://iptv-org.github.io/iptv/subdivisions/us-ak.m3u -> records=2 epg=0
2026-09-23 08:21:04,491 | INFO | SOURCE 1260/1283: https://iptv-org.github.io/iptv/subdivisions/us-ny.m3u -> records=15 epg=0
2026-09-23 08:21:04,491 | INFO | SOURCE 1261/1283: https://iptv-org.github.io/iptv/subdivisions/us-mn.m3u -> records=7 epg=0
2026-09-23 08:21:04,491 | INFO | SOURCE 1262/1283: https://iptv-org.github.io/iptv/subdivisions/us-ri.m3u -> records=1 epg=0
2026-09-23 08:21:04,491 | INFO | SOURCE 1263/1283: https://iptv-org.github.io/iptv/subdivisions/us-ct.m3u -> records=14 epg=0
2026-09-23 08:21:04,491 | INFO | SOURCE 1264/1283: https://iptv-org.github.io/iptv/subdivisions/us-vt.m3u -> records=4 epg=0
2026-09-23 08:21:04,497 | INFO | SOURCE 1265/1283: https://iptv-org.github.io/iptv/regions/eur.m3u -> records=4237 epg=0
2026-09-23 08:21:04,502 | INFO | SOURCE 1266/1283: https://iptv-org.github.io/iptv/subdivisions/us-fl.m3u -> records=41 epg=0
2026-09-23 08:21:04,507 | INFO | SOURCE 1267/1283: https://iptv-org.github.io/iptv/subdivisions/us-ok.m3u -> records=3 epg=0
2026-09-23 08:21:04,512 | INFO | SOURCE 1268/1283: https://iptv-org.github.io/iptv/subdivisions/us-va.m3u -> records=1 epg=0
2026-09-23 08:21:04,512 | INFO | SOURCE 1269/1283: https://iptv-org.github.io/iptv/subdivisions/us-or.m3u -> records=5 epg=0
2026-09-23 08:21:04,512 | INFO | SOURCE 1270/1283: https://iptv-org.github.io/iptv/subdivisions/ve-k.m3u -> records=4 epg=0
2026-09-23 08:21:04,512 | INFO | SOURCE 1271/1283: https://iptv-org.github.io/iptv/subdivisions/us-nd.m3u -> records=2 epg=0
2026-09-23 08:21:04,512 | INFO | SOURCE 1272/1283: https://iptv-org.github.io/iptv/subdivisions/us-wa.m3u -> records=3 epg=0
2026-09-23 08:21:04,512 | INFO | SOURCE 1273/1283: https://iptv-org.github.io/iptv/subdivisions/us-ca.m3u -> records=105 epg=0
2026-09-23 08:21:04,512 | INFO | SOURCE 1274/1283: https://iptv-org.github.io/iptv/subdivisions/us-ut.m3u -> records=1 epg=0
2026-09-23 08:21:04,512 | INFO | SOURCE 1275/1283: https://iptv-org.github.io/iptv/subdivisions/us-nj.m3u -> records=8 epg=0
2026-09-23 08:21:04,512 | INFO | SOURCE 1276/1283: https://iptv-org.github.io/iptv/subdivisions/ve-d.m3u -> records=2 epg=0
2026-09-23 08:21:04,513 | INFO | SOURCE 1277/1283: https://iptv-org.github.io/iptv/subdivisions/us-tx.m3u -> records=27 epg=0
2026-09-23 08:21:04,513 | INFO | SOURCE 1278/1283: https://iptv-org.github.io/iptv/subdivisions/us-nv.m3u -> records=10 epg=0
2026-09-23 08:21:04,513 | INFO | SOURCE 1279/1283: https://iptv-org.github.io/iptv/index.category.m3u -> records=11534 epg=0
2026-09-23 08:21:04,513 | INFO | SOURCE 1280/1283: https://iptv-org.github.io/iptv/index.country.m3u -> records=12186 epg=0
2026-09-23 08:21:04,513 | INFO | SOURCE 1281/1283: https://iptv-org.github.io/iptv/index.language.m3u -> records=12231 epg=0
2026-09-23 08:21:05,256 | INFO | SOURCE 1282/1283: https://iptv-org.github.io/iptv/regions/ww.m3u -> records=10861 epg=0
2026-09-23 08:21:05,336 | INFO | SOURCE 1283/1283: https://iptv-org.github.io/iptv/regions/un.m3u -> records=10581 epg=0
2026-09-23 08:45:25,111 | INFO | CHANNELS AFTER MERGE: 12555
2026-09-23 08:45:25,112 | INFO | EPG FETCH: https://epg.one/epg2.xml.gz
2026-09-23 08:45:31,101 | INFO | EPG FETCH: https://www.teleguide.info/download/new3/xmltv.xml.gz
2026-09-23 08:45:49,606 | WARNING | EPG failed https://www.teleguide.info/download/new3/xmltv.xml.gz: The read operation timed out
2026-09-23 08:45:49,606 | INFO | EPG FETCH: https://iptvx.one/epg/epg.xml.gz
2026-09-23 08:45:57,477 | INFO | EPG FETCH: https://epgshare01.online/epgshare01/epg_ripper_AL1.xml.gz
2026-09-23 08:45:57,620 | INFO | EPG FETCH: https://epgshare01.online/epgshare01/epg_ripper_ALJAZEERA1.xml.gz
2026-09-23 08:45:57,643 | INFO | EPG FETCH: https://epgshare01.online/epgshare01/epg_ripper_ALL_SOURCES1.xml.gz
2026-09-23 08:45:58,092 | WARNING | EPG failed https://epgshare01.online/epgshare01/epg_ripper_ALL_SOURCES1.xml.gz: response exceeds 157286400 bytes: https://epgshare01.online/epgshare01/epg_ripper_ALL_SOURCES1.xml.gz
2026-09-23 08:45:58,093 | INFO | EPG FETCH: https://epgshare01.online/epgshare01/epg_ripper_AR1.xml.gz
2026-09-23 08:45:58,190 | INFO | EPG FETCH: https://epgshare01.online/epgshare01/epg_ripper_ASIANTELEVISION1.xml.gz
2026-09-23 08:45:58,257 | INFO | EPG FETCH: https://epgshare01.online/epgshare01/epg_ripper_AT1.xml.gz
2026-09-23 08:45:58,664 | INFO | EPG FETCH: https://epgshare01.online/epgshare01/epg_ripper_AU1.xml.gz
2026-09-23 08:45:59,822 | INFO | EPG FETCH: https://epgshare01.online/epgshare01/epg_ripper_BA1.xml.gz
2026-09-23 08:46:00,199 | INFO | EPG FETCH: https://epgshare01.online/epgshare01/epg_ripper_BE2.xml.gz
2026-09-23 08:46:01,767 | INFO | EPG FETCH: https://epgshare01.online/epgshare01/epg_ripper_BEIN1.xml.gz
2026-09-23 08:46:01,807 | INFO | EPG FETCH: https://epgshare01.online/epgshare01/epg_ripper_BG1.xml.gz
2026-09-23 08:46:01,883 | INFO | EPG FETCH: https://epgshare01.online/epgshare01/epg_ripper_BR1.xml.gz
2026-09-23 08:46:02,231 | INFO | EPG FETCH: https://epgshare01.online/epgshare01/epg_ripper_CA1.xml.gz
2026-09-23 08:46:02,262 | WARNING | EPG failed https://epgshare01.online/epgshare01/epg_ripper_CA1.xml.gz: HTTP Error 404: Not Found
2026-09-23 08:46:02,262 | INFO | EPG FETCH: https://epgshare01.online/epgshare01/epg_ripper_CH1.xml.gz
2026-09-23 08:46:03,594 | INFO | EPG FETCH: https://epgshare01.online/epgshare01/epg_ripper_CL1.xml.gz
2026-09-23 08:46:03,684 | INFO | EPG FETCH: https://epgshare01.online/epgshare01/epg_ripper_CO1.xml.gz
2026-09-23 08:46:03,849 | INFO | EPG FETCH: https://epgshare01.online/epgshare01/epg_ripper_CR1.xml.gz
2026-09-23 08:46:03,931 | INFO | EPG FETCH: https://epgshare01.online/epgshare01/epg_ripper_CY1.xml.gz
2026-09-23 08:46:04,064 | INFO | EPG FETCH: https://epgshare01.online/epgshare01/epg_ripper_CZ1.xml.gz
2026-09-23 08:46:04,871 | INFO | EPG FETCH: https://epgshare01.online/epgshare01/epg_ripper_DE1.xml.gz
2026-09-23 08:46:05,476 | INFO | EPG FETCH: https://epgshare01.online/epgshare01/epg_ripper_DELUXEMUSIC1.xml.gz
2026-09-23 08:46:05,510 | INFO | EPG FETCH: https://epgshare01.online/epgshare01/epg_ripper_DIRECTVSPORTS1.xml.gz
2026-09-23 08:46:05,535 | INFO | EPG FETCH: https://epgshare01.online/epgshare01/epg_ripper_DISTROTV1.xml.gz
2026-09-23 08:46:05,552 | INFO | EPG FETCH: https://epgshare01.online/epgshare01/epg_ripper_DK1.xml.gz
2026-09-23 08:46:05,768 | INFO | EPG FETCH: https://epgshare01.online/epgshare01/epg_ripper_DO1.xml.gz
2026-09-23 08:46:05,848 | INFO | EPG FETCH: https://epgshare01.online/epgshare01/epg_ripper_DRAFTKINGS1.xml.gz
2026-09-23 08:46:05,872 | INFO | EPG FETCH: https://epgshare01.online/epgshare01/epg_ripper_DUMMY_CHANNELS.xml.gz
2026-09-23 08:46:05,961 | INFO | EPG FETCH: https://epgshare01.online/epgshare01/epg_ripper_EC1.xml.gz
2026-09-23 08:46:06,034 | INFO | EPG FETCH: https://epgshare01.online/epgshare01/epg_ripper_EG1.xml.gz
2026-09-23 09:17:04,837 | INFO | EPG: loaded_sets=29
2026-09-23 09:17:04,841 | INFO | STREAM CHECK: 13523 unique URLs, workers=256
2026-09-23 09:17:05,007 | INFO | STREAM CHECK: cache hit=0 network=13523
2026-09-23 09:17:30,138 | INFO | STREAM CHECK: 1000/13523
2026-09-23 09:17:30,140 | INFO | STREAM CHECK: 2000/13523
2026-09-23 09:17:42,402 | INFO | STREAM CHECK: 3000/13523
2026-09-23 09:17:42,404 | INFO | STREAM CHECK: 4000/13523
2026-09-23 09:17:59,498 | INFO | STREAM CHECK: 5000/13523
2026-09-23 09:17:59,500 | INFO | STREAM CHECK: 6000/13523
2026-09-23 09:18:20,552 | INFO | STREAM CHECK: 7000/13523
2026-09-23 09:18:20,554 | INFO | STREAM CHECK: 8000/13523
2026-09-23 09:18:20,555 | INFO | STREAM CHECK: 9000/13523
2026-09-23 09:18:20,557 | INFO | STREAM CHECK: 10000/13523
2026-09-23 09:18:20,558 | INFO | STREAM CHECK: 11000/13523
2026-09-23 09:19:08,861 | INFO | STREAM CHECK: 12000/13523
2026-09-23 09:19:08,863 | INFO | STREAM CHECK: 13000/13523
2026-09-23 09:19:09,391 | INFO | GENERATING STRICTLY STABLE PLAYLIST...
2026-09-23 09:19:09,391 | INFO | STABLE STATE: 0 saved channel mappings loaded.
2026-09-23 09:19:09,393 | INFO | STRICTLY STABLE PLAYLIST: 0 verified entries written.
2026-09-23 09:19:09,393 | INFO | STRICTLY STABLE STATE: 0 active mappings saved.
2026-09-23 09:19:09,790 | INFO | ========================================================================
2026-09-23 09:19:09,790 | INFO | FINISHED
2026-09-23 09:19:09,790 | INFO | CHANNELS: 12555 | RU: 813 | STREAMS: 13523 | ALIVE: 10038
2026-09-23 09:19:09,790 | INFO | >=12 pool: 0 | >=12 alive: 0
2026-09-23 09:19:09,790 | INFO | STABLE: 0 verified entries
2026-09-23 09:19:09,790 | INFO | STABLE STATE: 0 active mappings
2026-09-23 09:19:09,790 | INFO | OUTPUT: /home/runner/work/IPTVru/IPTVru/mega_iptv_output
2026-09-23 09:19:09,790 | INFO | ========================================================================
2026-09-24 08:12:58,247 | INFO | ========================================================================
2026-09-24 08:12:58,247 | INFO | RU IPTV MEGA PARSER
2026-09-24 08:12:58,247 | INFO | TARGET: >= 20000 channels / >= 10000 Russian
2026-09-24 08:12:58,247 | INFO | ALTERNATIVES TARGET: >= 12 per channel, no upper limit
2026-09-24 08:12:58,247 | INFO | ========================================================================
2026-09-24 08:12:58,348 | INFO | SOURCES: 1280
2026-09-24 08:12:58,441 | WARNING | SOURCE FAIL [1/1280] https://naggdd.github.io/iptv/ru.m3u :: <HTTPError 404: 'Not Found'>
2026-09-24 08:12:58,463 | INFO | SOURCE 2/1280: https://iptv-org.github.io/iptv/cities/alfie.m3u -> records=1 epg=0
2026-09-24 08:12:58,471 | INFO | SOURCE 3/1280: https://iptv-org.github.io/iptv/cities/arsfv.m3u -> records=1 epg=0
2026-09-24 08:12:58,471 | INFO | SOURCE 4/1280: https://iptv-org.github.io/iptv/cities/arrsa.m3u -> records=1 epg=0
2026-09-24 08:12:58,471 | INFO | SOURCE 5/1280: https://iptv-org.github.io/iptv/cities/arlpg.m3u -> records=1 epg=0
2026-09-24 08:12:58,476 | INFO | SOURCE 6/1280: https://iptv-org.github.io/iptv/cities/artdl.m3u -> records=1 epg=0
2026-09-24 08:12:58,484 | INFO | SOURCE 7/1280: https://iptv-org.github.io/iptv/cities/arbhi.m3u -> records=1 epg=0
2026-09-24 08:12:58,484 | INFO | SOURCE 8/1280: https://iptv-org.github.io/iptv/cities/arsla.m3u -> records=3 epg=0
2026-09-24 08:12:58,485 | INFO | SOURCE 9/1280: https://iptv-org.github.io/iptv/categories/weather.m3u -> records=16 epg=0
2026-09-24 08:12:58,520 | INFO | SOURCE 10/1280: https://iptv-org.github.io/iptv/categories/cooking.m3u -> records=51 epg=0
2026-09-24 08:12:58,520 | INFO | SOURCE 11/1280: https://iptv-org.github.io/iptv/cities/arsnp.m3u -> records=1 epg=0
2026-09-24 08:12:58,520 | INFO | SOURCE 12/1280: https://iptv-org.github.io/iptv/cities/areqs.m3u -> records=1 epg=0
2026-09-24 08:12:58,520 | INFO | SOURCE 13/1280: https://iptv-org.github.io/iptv/categories/outdoor.m3u -> records=76 epg=0
2026-09-24 08:12:58,531 | INFO | SOURCE 14/1280: https://iptv-org.github.io/iptv/cities/arpss.m3u -> records=3 epg=0
2026-09-24 08:12:58,592 | INFO | SOURCE 15/1280: https://iptv-org.github.io/iptv/cities/arssj.m3u -> records=3 epg=0
2026-09-24 08:12:58,592 | INFO | SOURCE 16/1280: https://iptv-org.github.io/iptv/categories/relax.m3u -> records=8 epg=0
2026-09-24 08:12:58,592 | INFO | SOURCE 17/1280: https://iptv-org.github.io/iptv/cities/arnqn.m3u -> records=2 epg=0
2026-09-24 08:12:58,592 | INFO | SOURCE 18/1280: https://iptv-org.github.io/iptv/categories/lifestyle.m3u -> records=126 epg=0
2026-09-24 08:12:58,593 | INFO | SOURCE 19/1280: https://iptv-org.github.io/iptv/cities/arsfn.m3u -> records=3 epg=0
2026-09-24 08:12:58,593 | INFO | SOURCE 20/1280: https://iptv-org.github.io/iptv/cities/aroyo.m3u -> records=1 epg=0
2026-09-24 08:12:58,593 | INFO | SOURCE 21/1280: https://iptv-org.github.io/iptv/cities/arvmr.m3u -> records=1 epg=0
2026-09-24 08:12:58,593 | INFO | SOURCE 22/1280: https://iptv-org.github.io/iptv/cities/arsde.m3u -> records=1 epg=0
2026-09-24 08:12:58,638 | INFO | SOURCE 23/1280: https://iptv-org.github.io/iptv/cities/arsmg.m3u -> records=2 epg=0
2026-09-24 08:12:58,666 | INFO | SOURCE 24/1280: https://iptv-org.github.io/iptv/cities/boalt.m3u -> records=1 epg=0
2026-09-24 08:12:58,676 | INFO | SOURCE 25/1280: https://iptv-org.github.io/iptv/cities/arres.m3u -> records=4 epg=0
2026-09-24 08:12:58,743 | INFO | SOURCE 26/1280: https://iptv-org.github.io/iptv/cities/arrel.m3u -> records=2 epg=0
2026-09-24 08:12:58,773 | INFO | SOURCE 27/1280: https://iptv-org.github.io/iptv/cities/arluq.m3u -> records=1 epg=0
2026-09-24 08:12:58,781 | INFO | SOURCE 28/1280: https://iptv-org.github.io/iptv/cities/bocbb.m3u -> records=1 epg=0
2026-09-24 08:12:58,801 | INFO | SOURCE 29/1280: https://iptv-org.github.io/iptv/cities/arlhs.m3u -> records=1 epg=0
2026-09-24 08:12:58,801 | INFO | SOURCE 30/1280: https://iptv-org.github.io/iptv/cities/ausyd.m3u -> records=1 epg=0
2026-09-24 08:12:58,801 | INFO | SOURCE 31/1280: https://raw.githubusercontent.com/substanc1/iptv-russia/main/streams/ru.m3u -> records=849 epg=0
2026-09-24 08:12:58,801 | INFO | SOURCE 32/1280: https://iptv-org.github.io/iptv/cities/arros.m3u -> records=1 epg=0
2026-09-24 08:12:58,801 | INFO | SOURCE 33/1280: https://iptv-org.github.io/iptv/cities/bolpb.m3u -> records=1 epg=0
2026-09-24 08:12:58,801 | INFO | SOURCE 34/1280: https://iptv-org.github.io/iptv/categories/interactive.m3u -> records=2 epg=0
2026-09-24 08:12:58,862 | INFO | SOURCE 35/1280: https://iptv-org.github.io/iptv/cities/arfma.m3u -> records=1 epg=0
2026-09-24 08:12:58,862 | INFO | SOURCE 36/1280: https://iptv-org.github.io/iptv/cities/armdq.m3u -> records=5 epg=0
2026-09-24 08:12:58,862 | INFO | SOURCE 37/1280: https://iptv-org.github.io/iptv/categories/travel.m3u -> records=59 epg=0
2026-09-24 08:12:58,862 | INFO | SOURCE 38/1280: https://iptv-org.github.io/iptv/cities/atgrz.m3u -> records=1 epg=0
2026-09-24 08:12:58,862 | INFO | SOURCE 39/1280: https://iptv-org.github.io/iptv/cities/arcnq.m3u -> records=1 epg=0
2026-09-24 08:12:58,862 | INFO | SOURCE 40/1280: https://iptv-org.github.io/iptv/categories/sports.m3u -> records=427 epg=0
2026-09-24 08:12:58,862 | INFO | SOURCE 41/1280: https://iptv-org.github.io/iptv/cities/arvnt.m3u -> records=1 epg=0
2026-09-24 08:12:58,863 | INFO | SOURCE 42/1280: https://iptv-org.github.io/iptv/cities/brbac.m3u -> records=1 epg=0
2026-09-24 08:12:58,863 | INFO | SOURCE 43/1280: https://iptv-org.github.io/iptv/categories/auto.m3u -> records=26 epg=0
2026-09-24 08:12:58,863 | INFO | SOURCE 44/1280: https://iptv-org.github.io/iptv/categories/shop.m3u -> records=81 epg=0
2026-09-24 08:12:58,863 | INFO | SOURCE 45/1280: https://iptv-org.github.io/iptv/cities/bocpb.m3u -> records=1 epg=0
2026-09-24 08:12:58,863 | INFO | SOURCE 46/1280: https://iptv-org.github.io/iptv/cities/arsmc.m3u -> records=2 epg=0
2026-09-24 08:12:58,863 | INFO | SOURCE 47/1280: https://iptv-org.github.io/iptv/categories/public.m3u -> records=39 epg=0
2026-09-24 08:12:58,863 | INFO | SOURCE 48/1280: https://iptv-org.github.io/iptv/cities/arsst.m3u -> records=1 epg=0
2026-09-24 08:12:58,863 | INFO | SOURCE 49/1280: https://iptv-org.github.io/iptv/categories/xxx.m3u -> records=0 epg=0
2026-09-24 08:12:58,863 | INFO | SOURCE 50/1280: https://iptv-org.github.io/iptv/categories/business.m3u -> records=74 epg=0
2026-09-24 08:12:58,896 | INFO | SOURCE 51/1280: https://raw.githubusercontent.com/Free-TV/IPTV/master/playlists/playlist_russia.m3u8 -> records=58 epg=101
2026-09-24 08:12:58,896 | INFO | SOURCE 52/1280: https://iptv-org.github.io/iptv/categories/family.m3u -> records=62 epg=0
2026-09-24 08:12:58,896 | INFO | SOURCE 53/1280: https://iptv-org.github.io/iptv/cities/brgus.m3u -> records=1 epg=0
2026-09-24 08:12:58,896 | INFO | SOURCE 54/1280: https://iptv-org.github.io/iptv/cities/brsje.m3u -> records=1 epg=0
2026-09-24 08:12:58,896 | INFO | SOURCE 55/1280: https://iptv-org.github.io/iptv/cities/brrio.m3u -> records=1 epg=0
2026-09-24 08:12:58,896 | INFO | SOURCE 56/1280: https://iptv-org.github.io/iptv/cities/brcxs.m3u -> records=1 epg=0
2026-09-24 08:12:58,952 | INFO | SOURCE 57/1280: https://iptv-org.github.io/iptv/cities/brarw.m3u -> records=1 epg=0
2026-09-24 08:12:58,986 | INFO | SOURCE 58/1280: https://iptv-org.github.io/iptv/cities/brbsb.m3u -> records=1 epg=0
2026-09-24 08:12:59,002 | INFO | SOURCE 59/1280: https://iptv-org.github.io/iptv/cities/briig.m3u -> records=1 epg=0
2026-09-24 08:12:59,002 | INFO | SOURCE 60/1280: https://iptv-org.github.io/iptv/cities/booru.m3u -> records=1 epg=0
2026-09-24 08:12:59,002 | INFO | SOURCE 61/1280: https://iptv-org.github.io/iptv/categories/documentary.m3u -> records=249 epg=0
2026-09-24 08:12:59,003 | INFO | SOURCE 62/1280: https://iptv-org.github.io/iptv/cities/braru.m3u -> records=1 epg=0
2026-09-24 08:12:59,013 | INFO | SOURCE 63/1280: https://iptv-org.github.io/iptv/categories/education.m3u -> records=214 epg=0
2026-09-24 08:12:59,013 | INFO | SOURCE 64/1280: https://dearbulut.github.io/iptv/playlists/country/ru.m3u -> records=467 epg=1
2026-09-24 08:12:59,014 | INFO | SOURCE 65/1280: https://iptv-org.github.io/iptv/cities/brssp.m3u -> records=1 epg=0
2026-09-24 08:12:59,014 | INFO | SOURCE 66/1280: https://iptv-org.github.io/iptv/cities/brszo.m3u -> records=1 epg=0
2026-09-24 08:12:59,014 | INFO | SOURCE 67/1280: https://iptv-org.github.io/iptv/cities/brfor.m3u -> records=1 epg=0
2026-09-24 08:12:59,019 | INFO | SOURCE 68/1280: https://iptv-org.github.io/iptv/cities/brpmi.m3u -> records=1 epg=0
2026-09-24 08:12:59,019 | INFO | SOURCE 69/1280: https://iptv-org.github.io/iptv/cities/brcdi.m3u -> records=1 epg=0
2026-09-24 08:12:59,019 | INFO | SOURCE 70/1280: https://iptv-org.github.io/iptv/cities/atklu.m3u -> records=1 epg=0
2026-09-24 08:12:59,019 | INFO | SOURCE 71/1280: https://iptv-org.github.io/iptv/cities/brmrc.m3u -> records=1 epg=0
2026-09-24 08:12:59,019 | INFO | SOURCE 72/1280: https://iptv-org.github.io/iptv/cities/brsao.m3u -> records=1 epg=0
2026-09-24 08:12:59,019 | INFO | SOURCE 73/1280: https://iptv-org.github.io/iptv/cities/cahal.m3u -> records=1 epg=0
2026-09-24 08:12:59,019 | INFO | SOURCE 74/1280: https://iptv-org.github.io/iptv/cities/brjpa.m3u -> records=1 epg=0
2026-09-24 08:12:59,020 | INFO | SOURCE 75/1280: https://iptv-org.github.io/iptv/cities/brcba.m3u -> records=1 epg=0
2026-09-24 08:12:59,024 | INFO | SOURCE 76/1280: https://iptv-org.github.io/iptv/cities/boscs.m3u -> records=1 epg=0
2026-09-24 08:12:59,051 | INFO | SOURCE 77/1280: https://iptv-org.github.io/iptv/cities/brcfo.m3u -> records=1 epg=0
2026-09-24 08:12:59,052 | INFO | SOURCE 78/1280: https://iptv-org.github.io/iptv/cities/brudi.m3u -> records=1 epg=0
2026-09-24 08:12:59,052 | INFO | SOURCE 79/1280: https://iptv-org.github.io/iptv/cities/brosa.m3u -> records=1 epg=0
2026-09-24 08:12:59,052 | INFO | SOURCE 80/1280: https://iptv-org.github.io/iptv/cities/brvis.m3u -> records=1 epg=0
2026-09-24 08:12:59,052 | INFO | SOURCE 81/1280: https://iptv-org.github.io/iptv/countries/ru.m3u -> records=523 epg=0
2026-09-24 08:12:59,052 | INFO | SOURCE 82/1280: https://iptv-org.github.io/iptv/categories/culture.m3u -> records=190 epg=0
2026-09-24 08:12:59,052 | INFO | SOURCE 83/1280: https://iptv-org.github.io/iptv/cities/brprx.m3u -> records=1 epg=0
2026-09-24 08:12:59,052 | INFO | SOURCE 84/1280: https://iptv-org.github.io/iptv/cities/caedm.m3u -> records=3 epg=0
2026-09-24 08:12:59,052 | INFO | SOURCE 85/1280: https://iptv-org.github.io/iptv/cities/calng.m3u -> records=1 epg=0
2026-09-24 08:12:59,052 | INFO | SOURCE 86/1280: https://iptv-org.github.io/iptv/cities/brpoa.m3u -> records=1 epg=0
2026-09-24 08:12:59,072 | INFO | SOURCE 87/1280: https://iptv-org.github.io/iptv/cities/brmuu.m3u -> records=1 epg=0
2026-09-24 08:12:59,146 | INFO | SOURCE 88/1280: https://iptv-org.github.io/iptv/cities/carim.m3u -> records=1 epg=0
2026-09-24 08:12:59,166 | INFO | SOURCE 89/1280: https://iptv-org.github.io/iptv/cities/caott.m3u -> records=2 epg=0
2026-09-24 08:12:59,301 | INFO | SOURCE 90/1280: https://smolnp.github.io/IPTVru/IPTVru.m3u -> records=328 epg=1
2026-09-24 08:12:59,301 | INFO | SOURCE 91/1280: https://iptv-org.github.io/iptv/cities/brnfu.m3u -> records=1 epg=0
2026-09-24 08:12:59,301 | INFO | SOURCE 92/1280: https://iptv-org.github.io/iptv/cities/casag.m3u -> records=1 epg=0
2026-09-24 08:12:59,302 | INFO | SOURCE 93/1280: https://iptv-org.github.io/iptv/categories/classic.m3u -> records=104 epg=0
2026-09-24 08:12:59,302 | INFO | SOURCE 94/1280: https://iptv-org.github.io/iptv/categories/kids.m3u -> records=401 epg=0
2026-09-24 08:12:59,302 | INFO | SOURCE 95/1280: https://iptv-org.github.io/iptv/categories/series.m3u -> records=511 epg=0
2026-09-24 08:12:59,302 | INFO | SOURCE 96/1280: https://iptv-org.github.io/iptv/cities/cacha.m3u -> records=1 epg=0
2026-09-24 08:12:59,302 | INFO | SOURCE 97/1280: https://iptv-org.github.io/iptv/cities/camnt.m3u -> records=1 epg=0
2026-09-24 08:12:59,594 | INFO | SOURCE 98/1280: https://iptv-org.github.io/iptv/cities/brsms.m3u -> records=1 epg=0
2026-09-24 08:12:59,594 | INFO | SOURCE 99/1280: https://iptv-org.github.io/iptv/cities/brnat.m3u -> records=2 epg=0
2026-09-24 08:12:59,594 | INFO | SOURCE 100/1280: https://iptv-org.github.io/iptv/cities/canee.m3u -> records=1 epg=0
2026-09-24 08:12:59,594 | INFO | SOURCE 101/1280: https://iptv-org.github.io/iptv/cities/brroo.m3u -> records=1 epg=0
2026-09-24 08:12:59,594 | INFO | SOURCE 102/1280: https://iptv-org.github.io/iptv/cities/cacal.m3u -> records=1 epg=0
2026-09-24 08:12:59,595 | INFO | SOURCE 103/1280: https://iptv-org.github.io/iptv/categories/science.m3u -> records=22 epg=0
2026-09-24 08:12:59,595 | INFO | SOURCE 104/1280: https://iptv-org.github.io/iptv/cities/cosac.m3u -> records=1 epg=0
2026-09-24 08:12:59,595 | INFO | SOURCE 105/1280: https://iptv-org.github.io/iptv/cities/careg.m3u -> records=2 epg=0
2026-09-24 08:12:59,595 | INFO | SOURCE 106/1280: https://iptv-org.github.io/iptv/cities/brpfo.m3u -> records=1 epg=0
2026-09-24 08:12:59,595 | INFO | SOURCE 107/1280: https://iptv-org.github.io/iptv/cities/camtr.m3u -> records=6 epg=0
2026-09-24 08:12:59,595 | INFO | SOURCE 108/1280: https://iptv-org.github.io/iptv/cities/cafre.m3u -> records=1 epg=0
2026-09-24 08:12:59,595 | INFO | SOURCE 109/1280: https://iptv-org.github.io/iptv/cities/caiql.m3u -> records=1 epg=0
2026-09-24 08:12:59,634 | INFO | SOURCE 110/1280: https://iptv-org.github.io/iptv/cities/cator.m3u -> records=4 epg=0
2026-09-24 08:12:59,686 | INFO | SOURCE 111/1280: https://iptv-org.github.io/iptv/cities/cawnp.m3u -> records=2 epg=0
2026-09-24 08:12:59,796 | INFO | SOURCE 112/1280: https://iptv-org.github.io/iptv/cities/deess.m3u -> records=1 epg=0
2026-09-24 08:12:59,796 | INFO | SOURCE 113/1280: https://iptv-org.github.io/iptv/cities/catrr.m3u -> records=1 epg=0
2026-09-24 08:12:59,824 | INFO | SOURCE 114/1280: https://iptv-org.github.io/iptv/cities/casbr.m3u -> records=1 epg=0
2026-09-24 08:12:59,824 | INFO | SOURCE 115/1280: https://iptv-org.github.io/iptv/categories/legislative.m3u -> records=181 epg=0
2026-09-24 08:12:59,824 | INFO | SOURCE 116/1280: https://iptv-org.github.io/iptv/cities/coibe.m3u -> records=1 epg=0
2026-09-24 08:12:59,824 | INFO | SOURCE 117/1280: https://iptv-org.github.io/iptv/cities/debon.m3u -> records=1 epg=0
2026-09-24 08:12:59,824 | INFO | SOURCE 118/1280: https://iptv-org.github.io/iptv/cities/cayzf.m3u -> records=1 epg=0
2026-09-24 08:12:59,825 | INFO | SOURCE 119/1280: https://iptv-org.github.io/iptv/cities/cavan.m3u -> records=2 epg=0
2026-09-24 08:12:59,825 | INFO | SOURCE 120/1280: https://iptv-org.github.io/iptv/cities/cawnd.m3u -> records=0 epg=0
2026-09-24 08:12:59,825 | INFO | SOURCE 121/1280: https://iptv-org.github.io/iptv/categories/comedy.m3u -> records=212 epg=0
2026-09-24 08:12:59,825 | INFO | SOURCE 122/1280: https://iptv-org.github.io/iptv/cities/brcas.m3u -> records=1 epg=0
2026-09-24 08:12:59,825 | INFO | SOURCE 123/1280: https://iptv-org.github.io/iptv/cities/caque.m3u -> records=1 epg=0
2026-09-24 08:12:59,825 | INFO | SOURCE 124/1280: https://iptv-org.github.io/iptv/cities/clplm.m3u -> records=1 epg=0
2026-09-24 08:12:59,825 | INFO | SOURCE 125/1280: https://iptv-org.github.io/iptv/cities/casjf.m3u -> records=2 epg=0
2026-09-24 08:12:59,825 | INFO | SOURCE 126/1280: https://iptv-org.github.io/iptv/cities/clcur.m3u -> records=1 epg=0
2026-09-24 08:12:59,825 | INFO | SOURCE 127/1280: https://iptv-org.github.io/iptv/cities/deaah.m3u -> records=1 epg=0
2026-09-24 08:12:59,825 | INFO | SOURCE 128/1280: https://iptv-org.github.io/iptv/categories/animation.m3u -> records=156 epg=0
2026-09-24 08:12:59,825 | INFO | SOURCE 129/1280: https://iptv-org.github.io/iptv/cities/dosti.m3u -> records=1 epg=0
2026-09-24 08:12:59,825 | INFO | SOURCE 130/1280: https://iptv-org.github.io/iptv/cities/demun.m3u -> records=1 epg=0
2026-09-24 08:12:59,825 | INFO | SOURCE 131/1280: https://iptv-org.github.io/iptv/cities/dedtm.m3u -> records=1 epg=0
2026-09-24 08:12:59,825 | INFO | SOURCE 132/1280: https://iptv-org.github.io/iptv/cities/dobno.m3u -> records=1 epg=0
2026-09-24 08:12:59,825 | INFO | SOURCE 133/1280: https://iptv-org.github.io/iptv/cities/esgrx.m3u -> records=2 epg=0
2026-09-24 08:12:59,826 | INFO | SOURCE 134/1280: https://iptv-org.github.io/iptv/cities/crmtz.m3u -> records=1 epg=0
2026-09-24 08:12:59,826 | INFO | SOURCE 135/1280: https://iptv-org.github.io/iptv/cities/debfe.m3u -> records=1 epg=0
2026-09-24 08:12:59,826 | INFO | SOURCE 136/1280: https://iptv-org.github.io/iptv/cities/dedui.m3u -> records=1 epg=0
2026-09-24 08:12:59,826 | INFO | SOURCE 137/1280: https://iptv-org.github.io/iptv/cities/decgn.m3u -> records=1 epg=0
2026-09-24 08:12:59,998 | INFO | SOURCE 138/1280: https://iptv-org.github.io/iptv/categories/entertainment.m3u -> records=863 epg=0
2026-09-24 08:13:00,013 | INFO | SOURCE 139/1280: https://iptv-org.github.io/iptv/cities/dewup.m3u -> records=1 epg=0
2026-09-24 08:13:00,037 | INFO | SOURCE 140/1280: https://iptv-org.github.io/iptv/cities/clcld.m3u -> records=1 epg=0
2026-09-24 08:13:00,037 | INFO | SOURCE 141/1280: https://iptv-org.github.io/iptv/cities/conva.m3u -> records=1 epg=0
2026-09-24 08:13:00,037 | INFO | SOURCE 142/1280: https://iptv-org.github.io/iptv/cities/clyum.m3u -> records=1 epg=0
2026-09-24 08:13:00,037 | INFO | SOURCE 143/1280: https://iptv-org.github.io/iptv/cities/esbio.m3u -> records=4 epg=0
2026-09-24 08:13:00,037 | INFO | SOURCE 144/1280: https://iptv-org.github.io/iptv/cities/dopop.m3u -> records=1 epg=0
2026-09-24 08:13:00,038 | INFO | SOURCE 145/1280: https://iptv-org.github.io/iptv/cities/eccue.m3u -> records=1 epg=0
2026-09-24 08:13:00,038 | INFO | SOURCE 146/1280: https://iptv-org.github.io/iptv/cities/clqta.m3u -> records=1 epg=0
2026-09-24 08:13:00,038 | INFO | SOURCE 147/1280: https://iptv-org.github.io/iptv/cities/ecloh.m3u -> records=1 epg=0
2026-09-24 08:13:00,038 | INFO | SOURCE 148/1280: https://iptv-org.github.io/iptv/cities/comzl.m3u -> records=1 epg=0
2026-09-24 08:13:00,078 | INFO | SOURCE 149/1280: https://iptv-org.github.io/iptv/cities/cavic.m3u -> records=2 epg=0
2026-09-24 08:13:00,078 | INFO | SOURCE 150/1280: https://iptv-org.github.io/iptv/cities/eslsl.m3u -> records=1 epg=0
2026-09-24 08:13:00,078 | INFO | SOURCE 151/1280: https://iptv-org.github.io/iptv/cities/esbrb.m3u -> records=1 epg=0
2026-09-24 08:13:00,078 | INFO | SOURCE 152/1280: https://iptv-org.github.io/iptv/cities/crtoo.m3u -> records=1 epg=0
2026-09-24 08:13:00,079 | INFO | SOURCE 153/1280: https://iptv-org.github.io/iptv/cities/dohig.m3u -> records=1 epg=0
2026-09-24 08:13:00,079 | INFO | SOURCE 154/1280: https://iptv-org.github.io/iptv/cities/escdd.m3u -> records=1 epg=0
2026-09-24 08:13:00,079 | INFO | SOURCE 155/1280: https://iptv-org.github.io/iptv/cities/dedus.m3u -> records=1 epg=0
2026-09-24 08:13:00,079 | INFO | SOURCE 156/1280: https://iptv-org.github.io/iptv/cities/eslgr.m3u -> records=1 epg=0
2026-09-24 08:13:00,080 | INFO | SOURCE 157/1280: https://iptv-org.github.io/iptv/cities/esooe.m3u -> records=1 epg=0
2026-09-24 08:13:00,088 | INFO | SOURCE 158/1280: https://iptv-org.github.io/iptv/cities/eshuv.m3u -> records=1 epg=0
2026-09-24 08:13:00,088 | INFO | SOURCE 159/1280: https://iptv-org.github.io/iptv/cities/espna.m3u -> records=1 epg=0
2026-09-24 08:13:00,088 | INFO | SOURCE 160/1280: https://iptv-org.github.io/iptv/cities/eslpg.m3u -> records=1 epg=0
2026-09-24 08:13:00,088 | INFO | SOURCE 161/1280: https://iptv-org.github.io/iptv/cities/esdre.m3u -> records=1 epg=0
2026-09-24 08:13:00,088 | INFO | SOURCE 162/1280: https://iptv-org.github.io/iptv/cities/desge.m3u -> records=1 epg=0
2026-09-24 08:13:00,088 | INFO | SOURCE 163/1280: https://iptv-org.github.io/iptv/cities/fikyy.m3u -> records=1 epg=0
2026-09-24 08:13:00,088 | INFO | SOURCE 164/1280: https://iptv-org.github.io/iptv/cities/esodb.m3u -> records=1 epg=0
2026-09-24 08:13:00,088 | INFO | SOURCE 165/1280: https://iptv-org.github.io/iptv/cities/dolvc.m3u -> records=1 epg=0
2026-09-24 08:13:00,089 | INFO | SOURCE 166/1280: https://iptv-org.github.io/iptv/cities/esfgl.m3u -> records=1 epg=0
2026-09-24 08:13:00,110 | INFO | SOURCE 167/1280: https://iptv-org.github.io/iptv/cities/gtsol.m3u -> records=1 epg=0
2026-09-24 08:13:00,150 | INFO | SOURCE 168/1280: https://iptv-org.github.io/iptv/cities/esalg.m3u -> records=1 epg=0
2026-09-24 08:13:00,162 | INFO | SOURCE 169/1280: https://iptv-org.github.io/iptv/cities/eslle.m3u -> records=1 epg=0
2026-09-24 08:13:00,172 | INFO | SOURCE 170/1280: https://iptv-org.github.io/iptv/cities/gtbab.m3u -> records=1 epg=0
2026-09-24 08:13:00,172 | INFO | SOURCE 171/1280: https://iptv-org.github.io/iptv/cities/grioa.m3u -> records=1 epg=0
2026-09-24 08:13:00,192 | INFO | SOURCE 172/1280: https://iptv-org.github.io/iptv/cities/esazj.m3u -> records=1 epg=0
2026-09-24 08:13:00,193 | INFO | SOURCE 173/1280: https://iptv-org.github.io/iptv/cities/idmak.m3u -> records=2 epg=0
2026-09-24 08:13:00,193 | INFO | SOURCE 174/1280: https://iptv-org.github.io/iptv/cities/esvic.m3u -> records=1 epg=0
2026-09-24 08:13:00,193 | INFO | SOURCE 175/1280: https://iptv-org.github.io/iptv/cities/grskg.m3u -> records=5 epg=0
2026-09-24 08:13:00,193 | INFO | SOURCE 176/1280: https://iptv-org.github.io/iptv/cities/coulq.m3u -> records=1 epg=0
2026-09-24 08:13:00,193 | INFO | SOURCE 177/1280: https://iptv-org.github.io/iptv/cities/grgak.m3u -> records=1 epg=0
2026-09-24 08:13:00,196 | INFO | SOURCE 178/1280: https://iptv-org.github.io/iptv/cities/esmqe.m3u -> records=1 epg=0
2026-09-24 08:13:00,196 | INFO | SOURCE 179/1280: https://iptv-org.github.io/iptv/cities/idbpn.m3u -> records=1 epg=0
2026-09-24 08:13:00,196 | INFO | SOURCE 180/1280: https://iptv-org.github.io/iptv/cities/esboi.m3u -> records=1 epg=0
2026-09-24 08:13:00,196 | INFO | SOURCE 181/1280: https://iptv-org.github.io/iptv/cities/idmdc.m3u -> records=1 epg=0
2026-09-24 08:13:00,196 | INFO | SOURCE 182/1280: https://iptv-org.github.io/iptv/cities/essbp.m3u -> records=2 epg=0
2026-09-24 08:13:00,196 | INFO | SOURCE 183/1280: https://iptv-org.github.io/iptv/cities/grath.m3u -> records=3 epg=0
2026-09-24 08:13:00,196 | INFO | SOURCE 184/1280: https://iptv-org.github.io/iptv/cities/estol.m3u -> records=1 epg=0
2026-09-24 08:13:00,196 | INFO | SOURCE 185/1280: https://iptv-org.github.io/iptv/cities/grkkz.m3u -> records=1 epg=0
2026-09-24 08:13:00,196 | INFO | SOURCE 186/1280: https://iptv-org.github.io/iptv/cities/id5su.m3u -> records=2 epg=0
2026-09-24 08:13:00,196 | INFO | SOURCE 187/1280: https://iptv-org.github.io/iptv/cities/inkcp.m3u -> records=1 epg=0
2026-09-24 08:13:00,204 | INFO | SOURCE 188/1280: https://iptv-org.github.io/iptv/cities/intjv.m3u -> records=1 epg=0
2026-09-24 08:13:00,204 | INFO | SOURCE 189/1280: https://iptv-org.github.io/iptv/cities/indil.m3u -> records=1 epg=0
2026-09-24 08:13:00,204 | INFO | SOURCE 190/1280: https://iptv-org.github.io/iptv/cities/idtsy.m3u -> records=1 epg=0
2026-09-24 08:13:00,204 | INFO | SOURCE 191/1280: https://iptv-org.github.io/iptv/cities/idpwl.m3u -> records=1 epg=0
2026-09-24 08:13:00,232 | INFO | SOURCE 192/1280: https://iptv-org.github.io/iptv/cities/esjae.m3u -> records=1 epg=0
2026-09-24 08:13:00,238 | INFO | SOURCE 193/1280: https://iptv-org.github.io/iptv/cities/grlam.m3u -> records=1 epg=0
2026-09-24 08:13:00,238 | INFO | SOURCE 194/1280: https://iptv-org.github.io/iptv/cities/grart.m3u -> records=1 epg=0
2026-09-24 08:13:00,240 | INFO | SOURCE 195/1280: https://iptv-org.github.io/iptv/cities/intri.m3u -> records=1 epg=0
2026-09-24 08:13:00,240 | INFO | SOURCE 196/1280: https://iptv-org.github.io/iptv/cities/espfl.m3u -> records=1 epg=0
2026-09-24 08:13:00,240 | INFO | SOURCE 197/1280: https://iptv-org.github.io/iptv/cities/id5ss.m3u -> records=1 epg=0
2026-09-24 08:13:00,240 | INFO | SOURCE 198/1280: https://iptv-org.github.io/iptv/cities/krcoj.m3u -> records=1 epg=0
2026-09-24 08:13:00,242 | INFO | SOURCE 199/1280: https://iptv-org.github.io/iptv/cities/idmdi.m3u -> records=1 epg=0
2026-09-24 08:13:00,242 | INFO | SOURCE 200/1280: https://iptv-org.github.io/iptv/cities/indpi.m3u -> records=1 epg=0
2026-09-24 08:13:00,242 | INFO | SOURCE 201/1280: https://iptv-org.github.io/iptv/cities/idbdj.m3u -> records=2 epg=0
2026-09-24 08:13:00,244 | INFO | SOURCE 202/1280: https://iptv-org.github.io/iptv/cities/esmto.m3u -> records=1 epg=0
2026-09-24 08:13:00,250 | INFO | SOURCE 203/1280: https://iptv-org.github.io/iptv/categories/music.m3u -> records=736 epg=0
2026-09-24 08:13:00,250 | INFO | SOURCE 204/1280: https://iptv-org.github.io/iptv/cities/idmlg.m3u -> records=3 epg=0
2026-09-24 08:13:00,262 | INFO | SOURCE 205/1280: https://iptv-org.github.io/iptv/cities/krcha.m3u -> records=2 epg=0
2026-09-24 08:13:00,266 | INFO | SOURCE 206/1280: https://iptv-org.github.io/iptv/cities/idpdg.m3u -> records=1 epg=0
2026-09-24 08:13:00,266 | INFO | SOURCE 207/1280: https://iptv-org.github.io/iptv/cities/krchc.m3u -> records=1 epg=0
2026-09-24 08:13:00,266 | INFO | SOURCE 208/1280: https://iptv-org.github.io/iptv/cities/idtlu.m3u -> records=1 epg=0
2026-09-24 08:13:00,266 | INFO | SOURCE 209/1280: https://iptv-org.github.io/iptv/cities/idskt.m3u -> records=1 epg=0
2026-09-24 08:13:00,266 | INFO | SOURCE 210/1280: https://iptv-org.github.io/iptv/cities/mxcjs.m3u -> records=1 epg=0
2026-09-24 08:13:00,266 | INFO | SOURCE 211/1280: https://iptv-org.github.io/iptv/cities/intks.m3u -> records=3 epg=0
2026-09-24 08:13:00,266 | INFO | SOURCE 212/1280: https://iptv-org.github.io/iptv/cities/krjnj.m3u -> records=2 epg=0
2026-09-24 08:13:00,266 | INFO | SOURCE 213/1280: https://iptv-org.github.io/iptv/cities/idtkg.m3u -> records=3 epg=0
2026-09-24 08:13:00,266 | INFO | SOURCE 214/1280: https://iptv-org.github.io/iptv/cities/idjog.m3u -> records=1 epg=0
2026-09-24 08:13:00,266 | INFO | SOURCE 215/1280: https://iptv-org.github.io/iptv/cities/idsub.m3u -> records=3 epg=0
2026-09-24 08:13:00,266 | INFO | SOURCE 216/1280: https://iptv-org.github.io/iptv/cities/idsrg.m3u -> records=1 epg=0
2026-09-24 08:13:00,267 | INFO | SOURCE 217/1280: https://iptv-org.github.io/iptv/cities/inkar.m3u -> records=1 epg=0
2026-09-24 08:13:00,268 | INFO | SOURCE 218/1280: https://iptv-org.github.io/iptv/cities/mxtij.m3u -> records=1 epg=0
2026-09-24 08:13:00,268 | INFO | SOURCE 219/1280: https://iptv-org.github.io/iptv/cities/invgh.m3u -> records=1 epg=0
2026-09-24 08:13:00,271 | INFO | SOURCE 220/1280: https://iptv-org.github.io/iptv/cities/grkzi.m3u -> records=1 epg=0
2026-09-24 08:13:00,271 | INFO | SOURCE 221/1280: https://iptv-org.github.io/iptv/cities/kryos.m3u -> records=1 epg=0
2026-09-24 08:13:00,271 | INFO | SOURCE 222/1280: https://iptv-org.github.io/iptv/categories/undefined.m3u -> records=1451 epg=0
2026-09-24 08:13:00,271 | INFO | SOURCE 223/1280: https://iptv-org.github.io/iptv/cities/inagu.m3u -> records=1 epg=0
2026-09-24 08:13:00,276 | INFO | SOURCE 224/1280: https://iptv-org.github.io/iptv/cities/krpus.m3u -> records=2 epg=0
2026-09-24 08:13:00,276 | INFO | SOURCE 225/1280: https://iptv-org.github.io/iptv/cities/idjkt.m3u -> records=4 epg=0
2026-09-24 08:13:00,276 | INFO | SOURCE 226/1280: https://iptv-org.github.io/iptv/cities/idabu.m3u -> records=1 epg=0
2026-09-24 08:13:00,276 | INFO | SOURCE 227/1280: https://iptv-org.github.io/iptv/cities/krmok.m3u -> records=1 epg=0
2026-09-24 08:13:00,277 | INFO | SOURCE 228/1280: https://iptv-org.github.io/iptv/cities/inngc.m3u -> records=1 epg=0
2026-09-24 08:13:00,277 | INFO | SOURCE 229/1280: https://iptv-org.github.io/iptv/cities/peiqt.m3u -> records=1 epg=0
2026-09-24 08:13:00,279 | INFO | SOURCE 230/1280: https://iptv-org.github.io/iptv/cities/inpal.m3u -> records=1 epg=0
2026-09-24 08:13:00,281 | INFO | SOURCE 231/1280: https://iptv-org.github.io/iptv/cities/idkdr.m3u -> records=2 epg=0
2026-09-24 08:13:00,287 | INFO | SOURCE 232/1280: https://iptv-org.github.io/iptv/cities/pycoo.m3u -> records=1 epg=0
2026-09-24 08:13:00,287 | INFO | SOURCE 233/1280: https://iptv-org.github.io/iptv/cities/pepcl.m3u -> records=2 epg=0
2026-09-24 08:13:00,287 | INFO | SOURCE 234/1280: https://iptv-org.github.io/iptv/cities/inccj.m3u -> records=1 epg=0
2026-09-24 08:13:00,288 | INFO | SOURCE 235/1280: https://iptv-org.github.io/iptv/cities/krbcn.m3u -> records=1 epg=0
2026-09-24 08:13:00,288 | INFO | SOURCE 236/1280: https://iptv-org.github.io/iptv/cities/pehnt.m3u -> records=1 epg=0
2026-09-24 08:13:00,288 | INFO | SOURCE 237/1280: https://iptv-org.github.io/iptv/cities/pelim.m3u -> records=4 epg=0
2026-09-24 08:13:00,288 | INFO | SOURCE 238/1280: https://iptv-org.github.io/iptv/cities/krtae.m3u -> records=2 epg=0
2026-09-24 08:13:00,288 | INFO | SOURCE 239/1280: https://iptv-org.github.io/iptv/cities/peaqp.m3u -> records=1 epg=0
2026-09-24 08:13:00,290 | INFO | SOURCE 240/1280: https://iptv-org.github.io/iptv/cities/mxcun.m3u -> records=2 epg=0
2026-09-24 08:13:00,293 | INFO | SOURCE 241/1280: https://iptv-org.github.io/iptv/cities/pesip.m3u -> records=3 epg=0
2026-09-24 08:13:00,293 | INFO | SOURCE 242/1280: https://iptv-org.github.io/iptv/cities/meulc.m3u -> records=1 epg=0
2026-09-24 08:13:00,293 | INFO | SOURCE 243/1280: https://iptv-org.github.io/iptv/cities/pyeno.m3u -> records=1 epg=0
2026-09-24 08:13:00,293 | INFO | SOURCE 244/1280: https://iptv-org.github.io/iptv/cities/peyms.m3u -> records=1 epg=0
2026-09-24 08:13:00,293 | INFO | SOURCE 245/1280: https://iptv-org.github.io/iptv/cities/idser.m3u -> records=1 epg=0
2026-09-24 08:13:00,297 | INFO | SOURCE 246/1280: https://iptv-org.github.io/iptv/cities/pyflm.m3u -> records=1 epg=0
2026-09-24 08:13:00,298 | INFO | SOURCE 247/1280: https://iptv-org.github.io/iptv/cities/usaac.m3u -> records=2 epg=0
2026-09-24 08:13:00,298 | INFO | SOURCE 248/1280: https://iptv-org.github.io/iptv/cities/krusn.m3u -> records=1 epg=0
2026-09-24 08:13:00,298 | INFO | SOURCE 249/1280: https://iptv-org.github.io/iptv/cities/usact.m3u -> records=1 epg=0
2026-09-24 08:13:00,298 | INFO | SOURCE 250/1280: https://iptv-org.github.io/iptv/cities/usapf.m3u -> records=1 epg=0
2026-09-24 08:13:00,298 | INFO | SOURCE 251/1280: https://iptv-org.github.io/iptv/cities/mxsbn.m3u -> records=1 epg=0
2026-09-24 08:13:00,298 | INFO | SOURCE 252/1280: https://iptv-org.github.io/iptv/cities/usbtl.m3u -> records=2 epg=0
2026-09-24 08:13:00,298 | INFO | SOURCE 253/1280: https://iptv-org.github.io/iptv/cities/usaus.m3u -> records=5 epg=0
2026-09-24 08:13:00,298 | INFO | SOURCE 254/1280: https://iptv-org.github.io/iptv/categories/religious.m3u -> records=775 epg=0
2026-09-24 08:13:00,298 | INFO | SOURCE 255/1280: https://iptv-org.github.io/iptv/cities/pkisb.m3u -> records=1 epg=0
2026-09-24 08:13:00,298 | INFO | SOURCE 256/1280: https://iptv-org.github.io/iptv/cities/usbfl.m3u -> records=2 epg=0
2026-09-24 08:13:00,298 | INFO | SOURCE 257/1280: https://iptv-org.github.io/iptv/cities/mxsqe.m3u -> records=1 epg=0
2026-09-24 08:13:00,299 | INFO | SOURCE 258/1280: https://iptv-org.github.io/iptv/cities/pejhy.m3u -> records=3 epg=0
2026-09-24 08:13:00,299 | INFO | SOURCE 259/1280: https://iptv-org.github.io/iptv/cities/usbdr.m3u -> records=1 epg=0
2026-09-24 08:13:00,299 | INFO | SOURCE 260/1280: https://iptv-org.github.io/iptv/cities/rugrv.m3u -> records=1 epg=0
2026-09-24 08:13:00,299 | INFO | SOURCE 261/1280: https://iptv-org.github.io/iptv/cities/usbtr.m3u -> records=1 epg=0
2026-09-24 08:13:00,299 | INFO | SOURCE 262/1280: https://iptv-org.github.io/iptv/cities/usash.m3u -> records=4 epg=0
2026-09-24 08:13:00,299 | INFO | SOURCE 263/1280: https://iptv-org.github.io/iptv/cities/uscsl.m3u -> records=1 epg=0
2026-09-24 08:13:00,299 | INFO | SOURCE 264/1280: https://iptv-org.github.io/iptv/cities/usazo.m3u -> records=1 epg=0
2026-09-24 08:13:00,299 | INFO | SOURCE 265/1280: https://iptv-org.github.io/iptv/cities/kradg.m3u -> records=1 epg=0
2026-09-24 08:13:00,299 | INFO | SOURCE 266/1280: https://iptv-org.github.io/iptv/cities/ruvms.m3u -> records=1 epg=0
2026-09-24 08:13:00,299 | INFO | SOURCE 267/1280: https://iptv-org.github.io/iptv/cities/usahn.m3u -> records=2 epg=0
2026-09-24 08:13:00,299 | INFO | SOURCE 268/1280: https://iptv-org.github.io/iptv/cities/mxmid.m3u -> records=1 epg=0
2026-09-24 08:13:00,299 | INFO | SOURCE 269/1280: https://iptv-org.github.io/iptv/cities/krtjn.m3u -> records=1 epg=0
2026-09-24 08:13:00,300 | INFO | SOURCE 270/1280: https://iptv-org.github.io/iptv/categories/movies.m3u -> records=735 epg=0
2026-09-24 08:13:00,300 | INFO | SOURCE 271/1280: https://iptv-org.github.io/iptv/cities/usauc.m3u -> records=1 epg=0
2026-09-24 08:13:00,300 | INFO | SOURCE 272/1280: https://iptv-org.github.io/iptv/cities/usbgk.m3u -> records=1 epg=0
2026-09-24 08:13:00,300 | INFO | SOURCE 273/1280: https://iptv-org.github.io/iptv/cities/usalb.m3u -> records=1 epg=0
2026-09-24 08:13:00,300 | INFO | SOURCE 274/1280: https://iptv-org.github.io/iptv/cities/uscc2.m3u -> records=1 epg=0
2026-09-24 08:13:00,300 | INFO | SOURCE 275/1280: https://iptv-org.github.io/iptv/cities/usaev.m3u -> records=1 epg=0
2026-09-24 08:13:00,306 | INFO | SOURCE 276/1280: https://iptv-org.github.io/iptv/cities/uscha.m3u -> records=1 epg=0
2026-09-24 08:13:00,306 | INFO | SOURCE 277/1280: https://iptv-org.github.io/iptv/cities/usaum.m3u -> records=1 epg=0
2026-09-24 08:13:00,310 | INFO | SOURCE 278/1280: https://iptv-org.github.io/iptv/cities/usewr.m3u -> records=2 epg=0
2026-09-24 08:13:00,310 | INFO | SOURCE 279/1280: https://iptv-org.github.io/iptv/cities/usasi.m3u -> records=3 epg=0
2026-09-24 08:13:00,310 | INFO | SOURCE 280/1280: https://raw.githubusercontent.com/Free-TV/IPTV/master/playlist.m3u8 -> records=2069 epg=101
2026-09-24 08:13:00,310 | INFO | SOURCE 281/1280: https://iptv-org.github.io/iptv/cities/uscmi.m3u -> records=1 epg=0
2026-09-24 08:13:00,310 | INFO | SOURCE 282/1280: https://iptv-org.github.io/iptv/cities/uscyq.m3u -> records=1 epg=0
2026-09-24 08:13:00,310 | INFO | SOURCE 283/1280: https://iptv-org.github.io/iptv/cities/uscgi.m3u -> records=1 epg=0
2026-09-24 08:13:00,310 | INFO | SOURCE 284/1280: https://iptv-org.github.io/iptv/cities/rotgu.m3u -> records=1 epg=0
2026-09-24 08:13:00,310 | INFO | SOURCE 285/1280: https://iptv-org.github.io/iptv/cities/peab4.m3u -> records=1 epg=0
2026-09-24 08:13:00,311 | INFO | SOURCE 286/1280: https://iptv-org.github.io/iptv/cities/usbal.m3u -> records=3 epg=0
2026-09-24 08:13:00,311 | INFO | SOURCE 287/1280: https://iptv-org.github.io/iptv/cities/usatl.m3u -> records=4 epg=0
2026-09-24 08:13:00,311 | INFO | SOURCE 288/1280: https://iptv-org.github.io/iptv/cities/indel.m3u -> records=1 epg=0
2026-09-24 08:13:00,311 | INFO | SOURCE 289/1280: https://iptv-org.github.io/iptv/cities/usbos.m3u -> records=5 epg=0
2026-09-24 08:13:00,311 | INFO | SOURCE 290/1280: https://iptv-org.github.io/iptv/cities/usbun.m3u -> records=1 epg=0
2026-09-24 08:13:00,311 | INFO | SOURCE 291/1280: https://iptv-org.github.io/iptv/cities/usccr.m3u -> records=1 epg=0
2026-09-24 08:13:00,311 | INFO | SOURCE 292/1280: https://iptv-org.github.io/iptv/cities/uscmh.m3u -> records=1 epg=0
2026-09-24 08:13:00,311 | INFO | SOURCE 293/1280: https://iptv-org.github.io/iptv/categories/news.m3u -> records=994 epg=0
2026-09-24 08:13:00,313 | INFO | SOURCE 294/1280: https://iptv-org.github.io/iptv/cities/usdet.m3u -> records=6 epg=0
2026-09-24 08:13:00,313 | INFO | SOURCE 295/1280: https://iptv-org.github.io/iptv/cities/uschs.m3u -> records=1 epg=0
2026-09-24 08:13:00,315 | INFO | SOURCE 296/1280: https://iptv-org.github.io/iptv/cities/uscvg.m3u -> records=1 epg=0
2026-09-24 08:13:00,320 | INFO | SOURCE 297/1280: https://iptv-org.github.io/iptv/cities/pebag.m3u -> records=1 epg=0
2026-09-24 08:13:00,323 | INFO | SOURCE 298/1280: https://iptv-org.github.io/iptv/cities/usbms.m3u -> records=4 epg=0
2026-09-24 08:13:00,323 | INFO | SOURCE 299/1280: https://iptv-org.github.io/iptv/cities/usbur.m3u -> records=1 epg=0
2026-09-24 08:13:00,323 | INFO | SOURCE 300/1280: https://iptv-org.github.io/iptv/cities/usbvh.m3u -> records=3 epg=0
2026-09-24 08:13:00,323 | INFO | SOURCE 301/1280: https://iptv-org.github.io/iptv/cities/usbbi.m3u -> records=1 epg=0
2026-09-24 08:13:00,323 | INFO | SOURCE 302/1280: https://iptv-org.github.io/iptv/cities/rukrr.m3u -> records=1 epg=0
2026-09-24 08:13:00,323 | INFO | SOURCE 303/1280: https://iptv-org.github.io/iptv/cities/usch3.m3u -> records=1 epg=0
2026-09-24 08:13:00,323 | INFO | SOURCE 304/1280: https://iptv-org.github.io/iptv/cities/usdal.m3u -> records=1 epg=0
2026-09-24 08:13:00,323 | INFO | SOURCE 305/1280: https://iptv-org.github.io/iptv/cities/usdlh.m3u -> records=1 epg=0
2026-09-24 08:13:00,324 | INFO | SOURCE 306/1280: https://iptv-org.github.io/iptv/cities/uscld.m3u -> records=1 epg=0
2026-09-24 08:13:00,324 | INFO | SOURCE 307/1280: https://iptv-org.github.io/iptv/cities/usgda.m3u -> records=1 epg=0
2026-09-24 08:13:00,324 | INFO | SOURCE 308/1280: https://iptv-org.github.io/iptv/cities/usclt.m3u -> records=2 epg=0
2026-09-24 08:13:00,326 | INFO | SOURCE 309/1280: https://iptv-org.github.io/iptv/cities/usclb.m3u -> records=1 epg=0
2026-09-24 08:13:00,326 | INFO | SOURCE 310/1280: https://iptv-org.github.io/iptv/cities/usdmo.m3u -> records=1 epg=0
2026-09-24 08:13:00,329 | INFO | SOURCE 311/1280: https://iptv-org.github.io/iptv/cities/usbma.m3u -> records=2 epg=0
2026-09-24 08:13:00,329 | INFO | SOURCE 312/1280: https://iptv-org.github.io/iptv/cities/usfat.m3u -> records=3 epg=0
2026-09-24 08:13:00,331 | INFO | SOURCE 313/1280: https://iptv-org.github.io/iptv/cities/uscrz.m3u -> records=1 epg=0
2026-09-24 08:13:00,331 | INFO | SOURCE 314/1280: https://iptv-org.github.io/iptv/cities/usanp.m3u -> records=1 epg=0
2026-09-24 08:13:00,332 | INFO | SOURCE 315/1280: https://iptv-org.github.io/iptv/cities/usbl8.m3u -> records=3 epg=0
2026-09-24 08:13:00,332 | INFO | SOURCE 316/1280: https://iptv-org.github.io/iptv/cities/uschi.m3u -> records=7 epg=0
2026-09-24 08:13:00,332 | INFO | SOURCE 317/1280: https://iptv-org.github.io/iptv/cities/uscyi.m3u -> records=1 epg=0
2026-09-24 08:13:00,332 | INFO | SOURCE 318/1280: https://iptv-org.github.io/iptv/cities/ushig.m3u -> records=1 epg=0
2026-09-24 08:13:00,332 | INFO | SOURCE 319/1280: https://iptv-org.github.io/iptv/cities/usfwt.m3u -> records=1 epg=0
2026-09-24 08:13:00,332 | INFO | SOURCE 320/1280: https://iptv-org.github.io/iptv/cities/uscek.m3u -> records=1 epg=0
2026-09-24 08:13:00,332 | INFO | SOURCE 321/1280: https://iptv-org.github.io/iptv/cities/usgcc.m3u -> records=3 epg=0
2026-09-24 08:13:00,332 | INFO | SOURCE 322/1280: https://iptv-org.github.io/iptv/cities/usdsm.m3u -> records=1 epg=0
2026-09-24 08:13:00,332 | INFO | SOURCE 323/1280: https://iptv-org.github.io/iptv/cities/usden.m3u -> records=2 epg=0
2026-09-24 08:13:00,338 | INFO | SOURCE 324/1280: https://iptv-org.github.io/iptv/cities/uselp.m3u -> records=4 epg=0
2026-09-24 08:13:00,338 | INFO | SOURCE 325/1280: https://iptv-org.github.io/iptv/cities/usgpt.m3u -> records=1 epg=0
2026-09-24 08:13:00,339 | INFO | SOURCE 326/1280: https://iptv-org.github.io/iptv/cities/useka.m3u -> records=1 epg=0
2026-09-24 08:13:00,346 | INFO | SOURCE 327/1280: https://iptv-org.github.io/iptv/cities/usdab.m3u -> records=1 epg=0
2026-09-24 08:13:00,346 | INFO | SOURCE 328/1280: https://iptv-org.github.io/iptv/cities/usfeb.m3u -> records=1 epg=0
2026-09-24 08:13:00,350 | INFO | SOURCE 329/1280: https://iptv-org.github.io/iptv/cities/usdnp.m3u -> records=2 epg=0
2026-09-24 08:13:00,351 | INFO | SOURCE 330/1280: https://iptv-org.github.io/iptv/cities/usgv9.m3u -> records=2 epg=0
2026-09-24 08:13:00,351 | INFO | SOURCE 331/1280: https://iptv-org.github.io/iptv/cities/usfpr.m3u -> records=1 epg=0
2026-09-24 08:13:00,351 | INFO | SOURCE 332/1280: https://iptv-org.github.io/iptv/cities/usilg.m3u -> records=1 epg=0
2026-09-24 08:13:00,352 | INFO | SOURCE 333/1280: https://iptv-org.github.io/iptv/cities/ushvn.m3u -> records=1 epg=0
2026-09-24 08:13:00,352 | INFO | SOURCE 334/1280: https://iptv-org.github.io/iptv/cities/usfxg.m3u -> records=1 epg=0
2026-09-24 08:13:00,352 | INFO | SOURCE 335/1280: https://iptv-org.github.io/iptv/cities/usflo.m3u -> records=1 epg=0
2026-09-24 08:13:00,352 | INFO | SOURCE 336/1280: https://iptv-org.github.io/iptv/cities/usabq.m3u -> records=1 epg=0
2026-09-24 08:13:00,352 | INFO | SOURCE 337/1280: https://iptv-org.github.io/iptv/cities/usgrx.m3u -> records=1 epg=0
2026-09-24 08:13:00,352 | INFO | SOURCE 338/1280: https://iptv-org.github.io/iptv/cities/usgnv.m3u -> records=1 epg=0
2026-09-24 08:13:00,353 | INFO | SOURCE 339/1280: https://iptv-org.github.io/iptv/cities/usjnu.m3u -> records=1 epg=0
2026-09-24 08:13:00,355 | INFO | SOURCE 340/1280: https://iptv-org.github.io/iptv/cities/useyw.m3u -> records=2 epg=0
2026-09-24 08:13:00,360 | INFO | SOURCE 341/1280: https://iptv-org.github.io/iptv/cities/usfhm.m3u -> records=1 epg=0
2026-09-24 08:13:00,362 | INFO | SOURCE 342/1280: https://iptv-org.github.io/iptv/cities/uskck.m3u -> records=1 epg=0
2026-09-24 08:13:00,362 | INFO | SOURCE 343/1280: https://iptv-org.github.io/iptv/cities/uslbj.m3u -> records=1 epg=0
2026-09-24 08:13:00,362 | INFO | SOURCE 344/1280: https://iptv-org.github.io/iptv/cities/usgoe.m3u -> records=1 epg=0
2026-09-24 08:13:00,371 | INFO | SOURCE 345/1280: https://iptv-org.github.io/iptv/cities/uslcb.m3u -> records=1 epg=0
2026-09-24 08:13:00,374 | INFO | SOURCE 346/1280: https://iptv-org.github.io/iptv/cities/usjgx.m3u -> records=1 epg=0
2026-09-24 08:13:00,377 | INFO | SOURCE 347/1280: https://iptv-org.github.io/iptv/cities/uslex.m3u -> records=2 epg=0
2026-09-24 08:13:00,379 | INFO | SOURCE 348/1280: https://iptv-org.github.io/iptv/cities/usfmy.m3u -> records=1 epg=0
2026-09-24 08:13:00,379 | INFO | SOURCE 349/1280: https://iptv-org.github.io/iptv/cities/uscrp.m3u -> records=3 epg=0
2026-09-24 08:13:00,379 | INFO | SOURCE 350/1280: https://iptv-org.github.io/iptv/cities/usjgt.m3u -> records=1 epg=0
2026-09-24 08:13:00,379 | INFO | SOURCE 351/1280: https://iptv-org.github.io/iptv/cities/usjax.m3u -> records=2 epg=0
2026-09-24 08:13:00,401 | INFO | SOURCE 352/1280: https://iptv-org.github.io/iptv/cities/usict.m3u -> records=1 epg=0
2026-09-24 08:13:00,401 | INFO | SOURCE 353/1280: https://iptv-org.github.io/iptv/cities/usfnl.m3u -> records=3 epg=0
2026-09-24 08:13:00,401 | INFO | SOURCE 354/1280: https://iptv-org.github.io/iptv/cities/usgir.m3u -> records=4 epg=0
2026-09-24 08:13:00,402 | INFO | SOURCE 355/1280: https://iptv-org.github.io/iptv/cities/usilm.m3u -> records=1 epg=0
2026-09-24 08:13:00,402 | INFO | SOURCE 356/1280: https://iptv-org.github.io/iptv/cities/usday.m3u -> records=2 epg=0
2026-09-24 08:13:00,402 | INFO | SOURCE 357/1280: https://iptv-org.github.io/iptv/cities/usgls.m3u -> records=1 epg=0
2026-09-24 08:13:00,407 | INFO | SOURCE 358/1280: https://iptv-org.github.io/iptv/cities/ushou.m3u -> records=3 epg=0
2026-09-24 08:13:00,411 | INFO | SOURCE 359/1280: https://iptv-org.github.io/iptv/cities/ushdu.m3u -> records=3 epg=0
2026-09-24 08:13:00,411 | INFO | SOURCE 360/1280: https://iptv-org.github.io/iptv/cities/uslee.m3u -> records=1 epg=0
2026-09-24 08:13:00,411 | INFO | SOURCE 361/1280: https://iptv-org.github.io/iptv/cities/usljk.m3u -> records=1 epg=0
2026-09-24 08:13:00,411 | INFO | SOURCE 362/1280: https://iptv-org.github.io/iptv/cities/usgrb.m3u -> records=1 epg=0
2026-09-24 08:13:00,411 | INFO | SOURCE 363/1280: https://iptv-org.github.io/iptv/cities/uslmr.m3u -> records=3 epg=0
2026-09-24 08:13:00,411 | INFO | SOURCE 364/1280: https://iptv-org.github.io/iptv/cities/uslov.m3u -> records=1 epg=0
2026-09-24 08:13:00,413 | INFO | SOURCE 365/1280: https://iptv-org.github.io/iptv/cities/uslia.m3u -> records=1 epg=0
2026-09-24 08:13:00,416 | INFO | SOURCE 366/1280: https://iptv-org.github.io/iptv/categories/general.m3u -> records=2708 epg=0
2026-09-24 08:13:00,417 | INFO | SOURCE 367/1280: https://iptv-org.github.io/iptv/cities/ushtd.m3u -> records=1 epg=0
2026-09-24 08:13:00,417 | INFO | SOURCE 368/1280: https://iptv-org.github.io/iptv/cities/usmkl.m3u -> records=1 epg=0
2026-09-24 08:13:00,417 | INFO | SOURCE 369/1280: https://iptv-org.github.io/iptv/cities/ushnl.m3u -> records=2 epg=0
2026-09-24 08:13:00,417 | INFO | SOURCE 370/1280: https://iptv-org.github.io/iptv/cities/usjot.m3u -> records=1 epg=0
2026-09-24 08:13:00,417 | INFO | SOURCE 371/1280: https://iptv-org.github.io/iptv/cities/usmem.m3u -> records=1 epg=0
2026-09-24 08:13:00,418 | INFO | SOURCE 372/1280: https://iptv-org.github.io/iptv/cities/uslit.m3u -> records=1 epg=0
2026-09-24 08:13:00,443 | INFO | SOURCE 373/1280: https://iptv-org.github.io/iptv/cities/uslqq.m3u -> records=1 epg=0
2026-09-24 08:13:00,444 | INFO | SOURCE 374/1280: https://iptv-org.github.io/iptv/cities/usd5w.m3u -> records=2 epg=0
2026-09-24 08:13:00,444 | INFO | SOURCE 375/1280: https://iptv-org.github.io/iptv/cities/uslft.m3u -> records=1 epg=0
2026-09-24 08:13:00,444 | INFO | SOURCE 376/1280: https://iptv-org.github.io/iptv/cities/uscqv.m3u -> records=1 epg=0
2026-09-24 08:13:00,444 | INFO | SOURCE 377/1280: https://iptv-org.github.io/iptv/cities/usjst.m3u -> records=1 epg=0
2026-09-24 08:13:00,444 | INFO | SOURCE 378/1280: https://iptv-org.github.io/iptv/cities/usiyh.m3u -> records=1 epg=0
2026-09-24 08:13:00,457 | INFO | SOURCE 379/1280: https://iptv-org.github.io/iptv/cities/usmht.m3u -> records=1 epg=0
2026-09-24 08:13:00,457 | INFO | SOURCE 380/1280: https://iptv-org.github.io/iptv/cities/usknl.m3u -> records=1 epg=0
2026-09-24 08:13:00,457 | INFO | SOURCE 381/1280: https://iptv-org.github.io/iptv/cities/usifp.m3u -> records=1 epg=0
2026-09-24 08:13:00,457 | INFO | SOURCE 382/1280: https://iptv-org.github.io/iptv/cities/usnwt.m3u -> records=1 epg=0
2026-09-24 08:13:00,465 | INFO | SOURCE 383/1280: https://iptv-org.github.io/iptv/cities/usczm.m3u -> records=1 epg=0
2026-09-24 08:13:00,471 | INFO | SOURCE 384/1280: https://iptv-org.github.io/iptv/cities/uslxi.m3u -> records=1 epg=0
2026-09-24 08:13:00,513 | INFO | SOURCE 385/1280: https://iptv-org.github.io/iptv/cities/usocn.m3u -> records=2 epg=0
2026-09-24 08:13:00,513 | INFO | SOURCE 386/1280: https://iptv-org.github.io/iptv/cities/usmsy.m3u -> records=1 epg=0
2026-09-24 08:13:00,513 | INFO | SOURCE 387/1280: https://iptv-org.github.io/iptv/cities/uslto.m3u -> records=1 epg=0
2026-09-24 08:13:00,513 | INFO | SOURCE 388/1280: https://iptv-org.github.io/iptv/cities/usmy3.m3u -> records=5 epg=0
2026-09-24 08:13:00,513 | INFO | SOURCE 389/1280: https://iptv-org.github.io/iptv/cities/usmes.m3u -> records=3 epg=0
2026-09-24 08:13:00,513 | INFO | SOURCE 390/1280: https://iptv-org.github.io/iptv/cities/usmcn.m3u -> records=1 epg=0
2026-09-24 08:13:00,513 | INFO | SOURCE 391/1280: https://iptv-org.github.io/iptv/cities/usmke.m3u -> records=3 epg=0
2026-09-24 08:13:00,514 | INFO | SOURCE 392/1280: https://iptv-org.github.io/iptv/cities/uskft.m3u -> records=1 epg=0
2026-09-24 08:13:00,514 | INFO | SOURCE 393/1280: https://iptv-org.github.io/iptv/cities/usnyc.m3u -> records=7 epg=0
2026-09-24 08:13:00,563 | INFO | SOURCE 394/1280: https://iptv-org.github.io/iptv/cities/usorl.m3u -> records=2 epg=0
2026-09-24 08:13:00,622 | INFO | SOURCE 395/1280: https://iptv-org.github.io/iptv/cities/usnwc.m3u -> records=1 epg=0
2026-09-24 08:13:00,625 | INFO | SOURCE 396/1280: https://iptv-org.github.io/iptv/cities/usnwn.m3u -> records=1 epg=0
2026-09-24 08:13:00,625 | INFO | SOURCE 397/1280: https://iptv-org.github.io/iptv/cities/usmkc.m3u -> records=1 epg=0
2026-09-24 08:13:00,625 | INFO | SOURCE 398/1280: https://iptv-org.github.io/iptv/cities/uslnk.m3u -> records=1 epg=0
2026-09-24 08:13:00,626 | INFO | SOURCE 399/1280: https://iptv-org.github.io/iptv/cities/usoma.m3u -> records=1 epg=0
2026-09-24 08:13:00,696 | INFO | SOURCE 400/1280: https://iptv-org.github.io/iptv/cities/uslas.m3u -> records=9 epg=0
2026-09-24 08:13:00,724 | INFO | SOURCE 401/1280: https://iptv-org.github.io/iptv/cities/usorb.m3u -> records=1 epg=0
2026-09-24 08:13:00,734 | INFO | SOURCE 402/1280: https://iptv-org.github.io/iptv/cities/uslxx.m3u -> records=1 epg=0
2026-09-24 08:13:00,753 | INFO | SOURCE 403/1280: https://iptv-org.github.io/iptv/cities/usokc.m3u -> records=2 epg=0
2026-09-24 08:13:00,776 | INFO | SOURCE 404/1280: https://iptv-org.github.io/iptv/cities/usnfc.m3u -> records=3 epg=0
2026-09-24 08:13:00,777 | INFO | SOURCE 405/1280: https://iptv-org.github.io/iptv/cities/uspbf.m3u -> records=1 epg=0
2026-09-24 08:13:00,777 | INFO | SOURCE 406/1280: https://iptv-org.github.io/iptv/cities/usnrh.m3u -> records=1 epg=0
2026-09-24 08:13:00,777 | INFO | SOURCE 407/1280: https://iptv-org.github.io/iptv/cities/usmoi.m3u -> records=3 epg=0
2026-09-24 08:13:00,777 | INFO | SOURCE 408/1280: https://iptv-org.github.io/iptv/cities/usoaj.m3u -> records=1 epg=0
2026-09-24 08:13:00,777 | INFO | SOURCE 409/1280: https://iptv-org.github.io/iptv/cities/uslui.m3u -> records=2 epg=0
2026-09-24 08:13:00,777 | INFO | SOURCE 410/1280: https://iptv-org.github.io/iptv/cities/usmjk.m3u -> records=1 epg=0
2026-09-24 08:13:00,782 | INFO | SOURCE 411/1280: https://iptv-org.github.io/iptv/cities/uspat.m3u -> records=1 epg=0
2026-09-24 08:13:00,802 | INFO | SOURCE 412/1280: https://iptv-org.github.io/iptv/cities/usmia.m3u -> records=3 epg=0
2026-09-24 08:13:00,848 | INFO | SOURCE 413/1280: https://iptv-org.github.io/iptv/cities/usrok.m3u -> records=1 epg=0
2026-09-24 08:13:00,857 | INFO | SOURCE 414/1280: https://iptv-org.github.io/iptv/cities/uspit.m3u -> records=1 epg=0
2026-09-24 08:13:00,890 | INFO | SOURCE 415/1280: https://iptv-org.github.io/iptv/cities/uslpc.m3u -> records=3 epg=0
2026-09-24 08:13:00,891 | INFO | SOURCE 416/1280: https://iptv-org.github.io/iptv/cities/ussck.m3u -> records=1 epg=0
2026-09-24 08:13:00,891 | INFO | SOURCE 417/1280: https://iptv-org.github.io/iptv/cities/uspfq.m3u -> records=1 epg=0
2026-09-24 08:13:00,891 | INFO | SOURCE 418/1280: https://iptv-org.github.io/iptv/cities/usnak.m3u -> records=3 epg=0
2026-09-24 08:13:00,891 | INFO | SOURCE 419/1280: https://iptv-org.github.io/iptv/cities/usrdg.m3u -> records=1 epg=0
2026-09-24 08:13:00,891 | INFO | SOURCE 420/1280: https://iptv-org.github.io/iptv/cities/ussea.m3u -> records=1 epg=0
2026-09-24 08:13:00,911 | INFO | SOURCE 421/1280: https://iptv-org.github.io/iptv/cities/usmob.m3u -> records=1 epg=0
2026-09-24 08:13:00,911 | INFO | SOURCE 422/1280: https://iptv-org.github.io/iptv/cities/usphx.m3u -> records=3 epg=0
2026-09-24 08:13:00,911 | INFO | SOURCE 423/1280: https://iptv-org.github.io/iptv/cities/ussan.m3u -> records=3 epg=0
2026-09-24 08:13:00,911 | INFO | SOURCE 424/1280: https://iptv-org.github.io/iptv/cities/ussac.m3u -> records=2 epg=0
2026-09-24 08:13:00,911 | INFO | SOURCE 425/1280: https://iptv-org.github.io/iptv/cities/usppm.m3u -> records=1 epg=0
2026-09-24 08:13:00,911 | INFO | SOURCE 426/1280: https://iptv-org.github.io/iptv/cities/usp2c.m3u -> records=2 epg=0
2026-09-24 08:13:00,911 | INFO | SOURCE 427/1280: https://iptv-org.github.io/iptv/cities/uspao.m3u -> records=5 epg=0
2026-09-24 08:13:00,921 | INFO | SOURCE 428/1280: https://iptv-org.github.io/iptv/cities/ussjc.m3u -> records=5 epg=0
2026-09-24 08:13:00,943 | INFO | SOURCE 429/1280: https://iptv-org.github.io/iptv/cities/usscz.m3u -> records=1 epg=0
2026-09-24 08:13:00,943 | INFO | SOURCE 430/1280: https://iptv-org.github.io/iptv/cities/usroc.m3u -> records=1 epg=0
2026-09-24 08:13:00,944 | INFO | SOURCE 431/1280: https://iptv-org.github.io/iptv/cities/usril.m3u -> records=1 epg=0
2026-09-24 08:13:00,944 | INFO | SOURCE 432/1280: https://iptv-org.github.io/iptv/cities/ustht.m3u -> records=1 epg=0
2026-09-24 08:13:00,944 | INFO | SOURCE 433/1280: https://iptv-org.github.io/iptv/cities/usssk.m3u -> records=1 epg=0
2026-09-24 08:13:00,944 | INFO | SOURCE 434/1280: https://iptv-org.github.io/iptv/cities/uspqc.m3u -> records=2 epg=0
2026-09-24 08:13:00,944 | INFO | SOURCE 435/1280: https://iptv-org.github.io/iptv/cities/ussuu.m3u -> records=1 epg=0
2026-09-24 08:13:00,944 | INFO | SOURCE 436/1280: https://iptv-org.github.io/iptv/cities/ussmx.m3u -> records=3 epg=0
2026-09-24 08:13:00,944 | INFO | SOURCE 437/1280: https://iptv-org.github.io/iptv/cities/usrcu.m3u -> records=1 epg=0
2026-09-24 08:13:01,096 | INFO | SOURCE 438/1280: https://iptv-org.github.io/iptv/cities/ussfo.m3u -> records=5 epg=0
2026-09-24 08:13:01,109 | INFO | SOURCE 439/1280: https://iptv-org.github.io/iptv/cities/usral.m3u -> records=1 epg=0
2026-09-24 08:13:01,119 | INFO | SOURCE 440/1280: https://iptv-org.github.io/iptv/cities/usphl.m3u -> records=5 epg=0
2026-09-24 08:13:01,144 | INFO | SOURCE 441/1280: https://iptv-org.github.io/iptv/cities/uspbi.m3u -> records=3 epg=0
2026-09-24 08:13:01,149 | INFO | SOURCE 442/1280: https://iptv-org.github.io/iptv/cities/usslc.m3u -> records=1 epg=0
2026-09-24 08:13:01,150 | INFO | SOURCE 443/1280: https://iptv-org.github.io/iptv/cities/ustlh.m3u -> records=2 epg=0
2026-09-24 08:13:01,150 | INFO | SOURCE 444/1280: https://iptv-org.github.io/iptv/cities/uspvd.m3u -> records=1 epg=0
2026-09-24 08:13:01,150 | INFO | SOURCE 445/1280: https://iptv-org.github.io/iptv/cities/uspzl.m3u -> records=1 epg=0
2026-09-24 08:13:01,150 | INFO | SOURCE 446/1280: https://iptv-org.github.io/iptv/cities/usspi.m3u -> records=2 epg=0
2026-09-24 08:13:01,150 | INFO | SOURCE 447/1280: https://iptv-org.github.io/iptv/cities/ussbt.m3u -> records=1 epg=0
2026-09-24 08:13:01,150 | INFO | SOURCE 448/1280: https://iptv-org.github.io/iptv/cities/ussru.m3u -> records=3 epg=0
2026-09-24 08:13:01,150 | INFO | SOURCE 449/1280: https://iptv-org.github.io/iptv/cities/usndz.m3u -> records=2 epg=0
2026-09-24 08:13:01,150 | INFO | SOURCE 450/1280: https://iptv-org.github.io/iptv/cities/ussjj.m3u -> records=1 epg=0
2026-09-24 08:13:01,150 | INFO | SOURCE 451/1280: https://iptv-org.github.io/iptv/cities/uslax.m3u -> records=7 epg=0
2026-09-24 08:13:01,151 | INFO | SOURCE 452/1280: https://iptv-org.github.io/iptv/cities/uslns.m3u -> records=1 epg=0
2026-09-24 08:13:01,151 | INFO | SOURCE 453/1280: https://iptv-org.github.io/iptv/cities/ussby.m3u -> records=1 epg=0
2026-09-24 08:13:01,151 | INFO | SOURCE 454/1280: https://iptv-org.github.io/iptv/countries/ao.m3u -> records=3 epg=0
2026-09-24 08:13:01,151 | INFO | SOURCE 455/1280: https://iptv-org.github.io/iptv/cities/ussbn.m3u -> records=1 epg=0
2026-09-24 08:13:01,151 | INFO | SOURCE 456/1280: https://iptv-org.github.io/iptv/countries/az.m3u -> records=18 epg=0
2026-09-24 08:13:01,151 | INFO | SOURCE 457/1280: https://iptv-org.github.io/iptv/countries/am.m3u -> records=8 epg=0
2026-09-24 08:13:01,151 | INFO | SOURCE 458/1280: https://iptv-org.github.io/iptv/cities/usogg.m3u -> records=3 epg=0
2026-09-24 08:13:01,151 | INFO | SOURCE 459/1280: https://iptv-org.github.io/iptv/cities/ussmo.m3u -> records=1 epg=0
2026-09-24 08:13:01,151 | INFO | SOURCE 460/1280: https://iptv-org.github.io/iptv/cities/usttn.m3u -> records=1 epg=0
2026-09-24 08:13:01,151 | INFO | SOURCE 461/1280: https://iptv-org.github.io/iptv/cities/ustvc.m3u -> records=1 epg=0
2026-09-24 08:13:01,151 | INFO | SOURCE 462/1280: https://iptv-org.github.io/iptv/cities/usszg.m3u -> records=1 epg=0
2026-09-24 08:13:01,152 | INFO | SOURCE 463/1280: https://iptv-org.github.io/iptv/cities/uswko.m3u -> records=2 epg=0
2026-09-24 08:13:01,152 | INFO | SOURCE 464/1280: https://iptv-org.github.io/iptv/cities/ussat.m3u -> records=3 epg=0
2026-09-24 08:13:01,152 | INFO | SOURCE 465/1280: https://iptv-org.github.io/iptv/countries/be.m3u -> records=47 epg=0
2026-09-24 08:13:01,152 | INFO | SOURCE 466/1280: https://iptv-org.github.io/iptv/countries/al.m3u -> records=28 epg=0
2026-09-24 08:13:01,152 | INFO | SOURCE 467/1280: https://iptv-org.github.io/iptv/cities/usstz.m3u -> records=1 epg=0
2026-09-24 08:13:01,152 | INFO | SOURCE 468/1280: https://iptv-org.github.io/iptv/cities/ustiw.m3u -> records=1 epg=0
2026-09-24 08:13:01,152 | INFO | SOURCE 469/1280: https://iptv-org.github.io/iptv/cities/ussor.m3u -> records=1 epg=0
2026-09-24 08:13:01,152 | INFO | SOURCE 470/1280: https://iptv-org.github.io/iptv/cities/ussns.m3u -> records=1 epg=0
2026-09-24 08:13:01,152 | INFO | SOURCE 471/1280: https://iptv-org.github.io/iptv/cities/uswwu.m3u -> records=1 epg=0
2026-09-24 08:13:01,152 | INFO | SOURCE 472/1280: https://iptv-org.github.io/iptv/countries/bf.m3u -> records=6 epg=0
2026-09-24 08:13:01,161 | INFO | SOURCE 473/1280: https://iptv-org.github.io/iptv/cities/ustmc.m3u -> records=1 epg=0
2026-09-24 08:13:01,191 | INFO | SOURCE 474/1280: https://iptv-org.github.io/iptv/cities/ustol.m3u -> records=1 epg=0
2026-09-24 08:13:01,211 | INFO | SOURCE 475/1280: https://iptv-org.github.io/iptv/cities/usont.m3u -> records=2 epg=0
2026-09-24 08:13:01,211 | INFO | SOURCE 476/1280: https://iptv-org.github.io/iptv/cities/ustuz.m3u -> records=1 epg=0
2026-09-24 08:13:01,211 | INFO | SOURCE 477/1280: https://iptv-org.github.io/iptv/cities/usrkv.m3u -> records=2 epg=0
2026-09-24 08:13:01,211 | INFO | SOURCE 478/1280: https://iptv-org.github.io/iptv/cities/ustul.m3u -> records=1 epg=0
2026-09-24 08:13:01,211 | INFO | SOURCE 479/1280: https://iptv-org.github.io/iptv/cities/usric.m3u -> records=1 epg=0
2026-09-24 08:13:01,254 | INFO | SOURCE 480/1280: https://iptv-org.github.io/iptv/cities/ussfb.m3u -> records=1 epg=0
2026-09-24 08:13:01,281 | INFO | SOURCE 481/1280: https://iptv-org.github.io/iptv/cities/usvlo.m3u -> records=1 epg=0
2026-09-24 08:13:01,281 | INFO | SOURCE 482/1280: https://iptv-org.github.io/iptv/cities/uswas.m3u -> records=5 epg=0
2026-09-24 08:13:01,321 | INFO | SOURCE 483/1280: https://iptv-org.github.io/iptv/cities/usubs.m3u -> records=1 epg=0
2026-09-24 08:13:01,358 | INFO | SOURCE 484/1280: https://iptv-org.github.io/iptv/cities/usuyk.m3u -> records=1 epg=0
2026-09-24 08:13:01,358 | INFO | SOURCE 485/1280: https://iptv-org.github.io/iptv/cities/usxfx.m3u -> records=1 epg=0
2026-09-24 08:13:01,358 | INFO | SOURCE 486/1280: https://iptv-org.github.io/iptv/cities/usvbr.m3u -> records=2 epg=0
2026-09-24 08:13:01,358 | INFO | SOURCE 487/1280: https://iptv-org.github.io/iptv/cities/usxmg.m3u -> records=1 epg=0
2026-09-24 08:13:01,358 | INFO | SOURCE 488/1280: https://iptv-org.github.io/iptv/cities/ussnk.m3u -> records=1 epg=0
2026-09-24 08:13:01,398 | INFO | SOURCE 489/1280: https://iptv-org.github.io/iptv/cities/usuyj.m3u -> records=1 epg=0
2026-09-24 08:13:01,398 | INFO | SOURCE 490/1280: https://iptv-org.github.io/iptv/countries/ar.m3u -> records=178 epg=0
2026-09-24 08:13:01,398 | INFO | SOURCE 491/1280: https://iptv-org.github.io/iptv/cities/usvis.m3u -> records=1 epg=0
2026-09-24 08:13:01,398 | INFO | SOURCE 492/1280: https://iptv-org.github.io/iptv/cities/uszgv.m3u -> records=1 epg=0
2026-09-24 08:13:01,398 | INFO | SOURCE 493/1280: https://iptv-org.github.io/iptv/countries/ad.m3u -> records=8 epg=0
2026-09-24 08:13:01,398 | INFO | SOURCE 494/1280: https://iptv-org.github.io/iptv/cities/ustpa.m3u -> records=3 epg=0
2026-09-24 08:13:01,398 | INFO | SOURCE 495/1280: https://iptv-org.github.io/iptv/cities/uswhr.m3u -> records=1 epg=0
2026-09-24 08:13:01,399 | INFO | SOURCE 496/1280: https://iptv-org.github.io/iptv/cities/uswai.m3u -> records=2 epg=0
2026-09-24 08:13:01,399 | INFO | SOURCE 497/1280: https://iptv-org.github.io/iptv/cities/usxlu.m3u -> records=1 epg=0
2026-09-24 08:13:01,399 | INFO | SOURCE 498/1280: https://iptv-org.github.io/iptv/cities/usxfr.m3u -> records=1 epg=0
2026-09-24 08:13:01,399 | INFO | SOURCE 499/1280: https://iptv-org.github.io/iptv/cities/uswct.m3u -> records=2 epg=0
2026-09-24 08:13:01,399 | INFO | SOURCE 500/1280: https://iptv-org.github.io/iptv/cities/uswmx.m3u -> records=1 epg=0
2026-09-24 08:13:01,399 | INFO | SOURCE 501/1280: https://iptv-org.github.io/iptv/cities/usstp.m3u -> records=1 epg=0
2026-09-24 08:13:01,399 | INFO | SOURCE 502/1280: https://iptv-org.github.io/iptv/cities/usyum.m3u -> records=3 epg=0
2026-09-24 08:13:01,405 | INFO | SOURCE 503/1280: https://iptv-org.github.io/iptv/countries/aw.m3u -> records=12 epg=0
2026-09-24 08:13:01,405 | INFO | SOURCE 504/1280: https://iptv-org.github.io/iptv/countries/by.m3u -> records=23 epg=0
2026-09-24 08:13:01,405 | INFO | SOURCE 505/1280: https://iptv-org.github.io/iptv/countries/ci.m3u -> records=19 epg=0
2026-09-24 08:13:01,405 | INFO | SOURCE 506/1280: https://iptv-org.github.io/iptv/countries/co.m3u -> records=117 epg=0
2026-09-24 08:13:01,418 | INFO | SOURCE 507/1280: https://iptv-org.github.io/iptv/countries/ag.m3u -> records=1 epg=0
2026-09-24 08:13:01,438 | INFO | SOURCE 508/1280: https://iptv-org.github.io/iptv/cities/vemyc.m3u -> records=1 epg=0
2026-09-24 08:13:01,536 | INFO | SOURCE 509/1280: https://iptv-org.github.io/iptv/countries/ae.m3u -> records=19 epg=0
2026-09-24 08:13:01,554 | INFO | SOURCE 510/1280: https://iptv-org.github.io/iptv/countries/bq.m3u -> records=6 epg=0
2026-09-24 08:13:01,554 | INFO | SOURCE 511/1280: https://iptv-org.github.io/iptv/countries/cr.m3u -> records=65 epg=0
2026-09-24 08:13:01,554 | INFO | SOURCE 512/1280: https://iptv-org.github.io/iptv/countries/af.m3u -> records=24 epg=0
2026-09-24 08:13:01,554 | INFO | SOURCE 513/1280: https://iptv-org.github.io/iptv/countries/cg.m3u -> records=5 epg=0
2026-09-24 08:13:01,554 | INFO | SOURCE 514/1280: https://iptv-org.github.io/iptv/countries/br.m3u -> records=386 epg=0
2026-09-24 08:13:01,591 | INFO | SOURCE 515/1280: https://iptv-org.github.io/iptv/countries/ba.m3u -> records=20 epg=0
2026-09-24 08:13:01,591 | INFO | SOURCE 516/1280: https://iptv-org.github.io/iptv/countries/bn.m3u -> records=5 epg=0
2026-09-24 08:13:01,591 | INFO | SOURCE 517/1280: https://iptv-org.github.io/iptv/countries/bb.m3u -> records=1 epg=0
2026-09-24 08:13:01,591 | INFO | SOURCE 518/1280: https://iptv-org.github.io/iptv/countries/cw.m3u -> records=5 epg=0
2026-09-24 08:13:01,591 | INFO | SOURCE 519/1280: https://iptv-org.github.io/iptv/countries/cu.m3u -> records=2 epg=0
2026-09-24 08:13:01,591 | INFO | SOURCE 520/1280: https://iptv-org.github.io/iptv/countries/cm.m3u -> records=15 epg=0
2026-09-24 08:13:01,591 | INFO | SOURCE 521/1280: https://iptv-org.github.io/iptv/countries/bh.m3u -> records=4 epg=0
2026-09-24 08:13:01,592 | INFO | SOURCE 522/1280: https://iptv-org.github.io/iptv/countries/er.m3u -> records=1 epg=0
2026-09-24 08:13:01,592 | INFO | SOURCE 523/1280: https://iptv-org.github.io/iptv/countries/ge.m3u -> records=22 epg=0
2026-09-24 08:13:01,592 | INFO | SOURCE 524/1280: https://iptv-org.github.io/iptv/countries/bj.m3u -> records=9 epg=0
2026-09-24 08:13:01,592 | INFO | SOURCE 525/1280: https://iptv-org.github.io/iptv/countries/bd.m3u -> records=41 epg=0
2026-09-24 08:13:01,592 | INFO | SOURCE 526/1280: https://iptv-org.github.io/iptv/countries/bt.m3u -> records=1 epg=0
2026-09-24 08:13:01,592 | INFO | SOURCE 527/1280: https://iptv-org.github.io/iptv/countries/cv.m3u -> records=1 epg=0
2026-09-24 08:13:01,620 | INFO | SOURCE 528/1280: https://iptv-org.github.io/iptv/countries/bs.m3u -> records=4 epg=0
2026-09-24 08:13:01,620 | INFO | SOURCE 529/1280: https://iptv-org.github.io/iptv/countries/bz.m3u -> records=2 epg=0
2026-09-24 08:13:01,620 | INFO | SOURCE 530/1280: https://iptv-org.github.io/iptv/countries/bo.m3u -> records=85 epg=0
2026-09-24 08:13:01,621 | INFO | SOURCE 531/1280: https://iptv-org.github.io/iptv/countries/eh.m3u -> records=1 epg=0
2026-09-24 08:13:01,644 | INFO | SOURCE 532/1280: https://iptv-org.github.io/iptv/countries/gg.m3u -> records=1 epg=0
2026-09-24 08:13:01,644 | INFO | SOURCE 533/1280: https://iptv-org.github.io/iptv/countries/gm.m3u -> records=1 epg=0
2026-09-24 08:13:01,644 | INFO | SOURCE 534/1280: https://iptv-org.github.io/iptv/countries/cl.m3u -> records=242 epg=0
2026-09-24 08:13:01,645 | INFO | SOURCE 535/1280: https://iptv-org.github.io/iptv/countries/gp.m3u -> records=5 epg=0
2026-09-24 08:13:01,645 | INFO | SOURCE 536/1280: https://iptv-org.github.io/iptv/countries/dz.m3u -> records=8 epg=0
2026-09-24 08:13:01,655 | INFO | SOURCE 537/1280: https://iptv-org.github.io/iptv/countries/do.m3u -> records=255 epg=0
2026-09-24 08:13:01,655 | INFO | SOURCE 538/1280: https://iptv-org.github.io/iptv/countries/ee.m3u -> records=26 epg=0
2026-09-24 08:13:01,655 | INFO | SOURCE 539/1280: https://iptv-org.github.io/iptv/countries/hk.m3u -> records=18 epg=0
2026-09-24 08:13:01,656 | INFO | SOURCE 540/1280: https://iptv-org.github.io/iptv/countries/gy.m3u -> records=8 epg=0
2026-09-24 08:13:01,656 | INFO | SOURCE 541/1280: https://iptv-org.github.io/iptv/countries/gn.m3u -> records=5 epg=0
2026-09-24 08:13:01,681 | INFO | SOURCE 542/1280: https://iptv-org.github.io/iptv/countries/es.m3u -> records=321 epg=0
2026-09-24 08:13:01,710 | INFO | SOURCE 543/1280: https://iptv-org.github.io/iptv/countries/gr.m3u -> records=71 epg=0
2026-09-24 08:13:01,710 | INFO | SOURCE 544/1280: https://iptv-org.github.io/iptv/countries/et.m3u -> records=4 epg=0
2026-09-24 08:13:01,710 | INFO | SOURCE 545/1280: https://iptv-org.github.io/iptv/countries/gh.m3u -> records=11 epg=0
2026-09-24 08:13:01,711 | INFO | SOURCE 546/1280: https://iptv-org.github.io/iptv/countries/eg.m3u -> records=19 epg=0
2026-09-24 08:13:01,711 | INFO | SOURCE 547/1280: https://iptv-org.github.io/iptv/countries/gf.m3u -> records=1 epg=0
2026-09-24 08:13:01,711 | INFO | SOURCE 548/1280: https://iptv-org.github.io/iptv/countries/cd.m3u -> records=16 epg=0
2026-09-24 08:13:01,711 | INFO | SOURCE 549/1280: https://iptv-org.github.io/iptv/countries/ht.m3u -> records=27 epg=0
2026-09-24 08:13:01,711 | INFO | SOURCE 550/1280: https://iptv-org.github.io/iptv/countries/jo.m3u -> records=19 epg=0
2026-09-24 08:13:01,711 | INFO | SOURCE 551/1280: https://iptv-org.github.io/iptv/countries/gu.m3u -> records=2 epg=0
2026-09-24 08:13:01,712 | INFO | SOURCE 552/1280: https://iptv-org.github.io/iptv/countries/hr.m3u -> records=29 epg=0
2026-09-24 08:13:01,713 | INFO | SOURCE 553/1280: https://iptv-org.github.io/iptv/countries/is.m3u -> records=6 epg=0
2026-09-24 08:13:01,713 | INFO | SOURCE 554/1280: https://iptv-org.github.io/iptv/countries/kp.m3u -> records=4 epg=0
2026-09-24 08:13:01,713 | INFO | SOURCE 555/1280: https://iptv-org.github.io/iptv/countries/fi.m3u -> records=27 epg=0
2026-09-24 08:13:01,713 | INFO | SOURCE 556/1280: https://iptv-org.github.io/iptv/countries/cy.m3u -> records=16 epg=0
2026-09-24 08:13:01,713 | INFO | SOURCE 557/1280: https://iptv-org.github.io/iptv/countries/au.m3u -> records=74 epg=0
2026-09-24 08:13:01,713 | INFO | SOURCE 558/1280: https://iptv-org.github.io/iptv/countries/jm.m3u -> records=7 epg=0
2026-09-24 08:13:01,713 | INFO | SOURCE 559/1280: https://iptv-org.github.io/iptv/countries/at.m3u -> records=115 epg=0
2026-09-24 08:13:01,713 | INFO | SOURCE 560/1280: https://iptv-org.github.io/iptv/countries/cz.m3u -> records=85 epg=0
2026-09-24 08:13:01,713 | INFO | SOURCE 561/1280: https://iptv-org.github.io/iptv/countries/kh.m3u -> records=27 epg=0
2026-09-24 08:13:01,713 | INFO | SOURCE 562/1280: https://iptv-org.github.io/iptv/countries/bg.m3u -> records=74 epg=0
2026-09-24 08:13:01,713 | INFO | SOURCE 563/1280: https://iptv-org.github.io/iptv/countries/kn.m3u -> records=3 epg=0
2026-09-24 08:13:01,713 | INFO | SOURCE 564/1280: https://iptv-org.github.io/iptv/countries/lu.m3u -> records=14 epg=0
2026-09-24 08:13:01,714 | INFO | SOURCE 565/1280: https://iptv-org.github.io/iptv/countries/li.m3u -> records=2 epg=0
2026-09-24 08:13:01,714 | INFO | SOURCE 566/1280: https://iptv-org.github.io/iptv/countries/ec.m3u -> records=96 epg=0
2026-09-24 08:13:01,714 | INFO | SOURCE 567/1280: https://iptv-org.github.io/iptv/countries/lk.m3u -> records=17 epg=0
2026-09-24 08:13:01,714 | INFO | SOURCE 568/1280: https://iptv-org.github.io/iptv/countries/mu.m3u -> records=2 epg=0
2026-09-24 08:13:01,714 | INFO | SOURCE 569/1280: https://iptv-org.github.io/iptv/countries/mg.m3u -> records=1 epg=0
2026-09-24 08:13:01,714 | INFO | SOURCE 570/1280: https://iptv-org.github.io/iptv/countries/gq.m3u -> records=2 epg=0
2026-09-24 08:13:01,714 | INFO | SOURCE 571/1280: https://iptv-org.github.io/iptv/countries/me.m3u -> records=8 epg=0
2026-09-24 08:13:01,714 | INFO | SOURCE 572/1280: https://iptv-org.github.io/iptv/countries/dk.m3u -> records=154 epg=0
2026-09-24 08:13:01,714 | INFO | SOURCE 573/1280: https://iptv-org.github.io/iptv/countries/la.m3u -> records=12 epg=0
2026-09-24 08:13:01,714 | INFO | SOURCE 574/1280: https://iptv-org.github.io/iptv/countries/mv.m3u -> records=11 epg=0
2026-09-24 08:13:01,714 | INFO | SOURCE 575/1280: https://iptv-org.github.io/iptv/countries/kz.m3u -> records=49 epg=0
2026-09-24 08:13:01,714 | INFO | SOURCE 576/1280: https://iptv-org.github.io/iptv/countries/ie.m3u -> records=70 epg=0
2026-09-24 08:13:01,714 | INFO | SOURCE 577/1280: https://iptv-org.github.io/iptv/countries/ml.m3u -> records=4 epg=0
2026-09-24 08:13:01,714 | INFO | SOURCE 578/1280: https://iptv-org.github.io/iptv/countries/it.m3u -> records=315 epg=0
2026-09-24 08:13:01,714 | INFO | SOURCE 579/1280: https://iptv-org.github.io/iptv/countries/jp.m3u -> records=7 epg=0
2026-09-24 08:13:01,715 | INFO | SOURCE 580/1280: https://iptv-org.github.io/iptv/countries/cn.m3u -> records=143 epg=0
2026-09-24 08:13:01,715 | INFO | SOURCE 581/1280: https://iptv-org.github.io/iptv/countries/iq.m3u -> records=59 epg=0
2026-09-24 08:13:01,715 | INFO | SOURCE 582/1280: https://iptv-org.github.io/iptv/countries/il.m3u -> records=52 epg=0
2026-09-24 08:13:01,715 | INFO | SOURCE 583/1280: https://iptv-org.github.io/iptv/countries/mk.m3u -> records=28 epg=0
2026-09-24 08:13:01,715 | INFO | SOURCE 584/1280: https://iptv-org.github.io/iptv/countries/mm.m3u -> records=18 epg=0
2026-09-24 08:13:01,715 | INFO | SOURCE 585/1280: https://iptv-org.github.io/iptv/countries/ch.m3u -> records=130 epg=0
2026-09-24 08:13:01,715 | INFO | SOURCE 586/1280: https://iptv-org.github.io/iptv/countries/my.m3u -> records=22 epg=0
2026-09-24 08:13:01,715 | INFO | SOURCE 587/1280: https://iptv-org.github.io/iptv/countries/ca.m3u -> records=258 epg=0
2026-09-24 08:13:01,801 | INFO | SOURCE 588/1280: https://iptv-org.github.io/iptv/countries/mc.m3u -> records=4 epg=0
2026-09-24 08:13:01,831 | INFO | SOURCE 589/1280: https://iptv-org.github.io/iptv/countries/mr.m3u -> records=1 epg=0
2026-09-24 08:13:01,831 | INFO | SOURCE 590/1280: https://iptv-org.github.io/iptv/countries/lb.m3u -> records=31 epg=0
2026-09-24 08:13:01,831 | INFO | SOURCE 591/1280: https://iptv-org.github.io/iptv/countries/km.m3u -> records=1 epg=0
2026-09-24 08:13:01,831 | INFO | SOURCE 592/1280: https://iptv-org.github.io/iptv/countries/mt.m3u -> records=7 epg=0
2026-09-24 08:13:01,831 | INFO | SOURCE 593/1280: https://iptv-org.github.io/iptv/countries/kr.m3u -> records=73 epg=0
2026-09-24 08:13:01,831 | INFO | SOURCE 594/1280: https://iptv-org.github.io/iptv/countries/ma.m3u -> records=12 epg=0
2026-09-24 08:13:01,831 | INFO | SOURCE 595/1280: https://iptv-org.github.io/iptv/countries/ke.m3u -> records=38 epg=0
2026-09-24 08:13:01,837 | INFO | SOURCE 596/1280: https://iptv-org.github.io/iptv/countries/mz.m3u -> records=5 epg=0
2026-09-24 08:13:01,842 | INFO | SOURCE 597/1280: https://iptv-org.github.io/iptv/countries/hn.m3u -> records=76 epg=0
2026-09-24 08:13:01,851 | INFO | SOURCE 598/1280: https://iptv-org.github.io/iptv/countries/mo.m3u -> records=7 epg=0
2026-09-24 08:13:01,880 | INFO | SOURCE 599/1280: https://iptv-org.github.io/iptv/countries/lc.m3u -> records=2 epg=0
2026-09-24 08:13:01,881 | INFO | SOURCE 600/1280: https://iptv-org.github.io/iptv/countries/gt.m3u -> records=64 epg=0
2026-09-24 08:13:01,925 | INFO | SOURCE 601/1280: https://iptv-org.github.io/iptv/countries/pf.m3u -> records=2 epg=0
2026-09-24 08:13:01,991 | INFO | SOURCE 602/1280: https://iptv-org.github.io/iptv/countries/na.m3u -> records=2 epg=0
2026-09-24 08:13:01,991 | INFO | SOURCE 603/1280: https://iptv-org.github.io/iptv/countries/lv.m3u -> records=25 epg=0
2026-09-24 08:13:01,991 | INFO | SOURCE 604/1280: https://iptv-org.github.io/iptv/countries/fr.m3u -> records=204 epg=0
2026-09-24 08:13:01,991 | INFO | SOURCE 605/1280: https://iptv-org.github.io/iptv/countries/ir.m3u -> records=184 epg=0
2026-09-24 08:13:01,991 | INFO | SOURCE 606/1280: https://iptv-org.github.io/iptv/countries/ni.m3u -> records=19 epg=0
2026-09-24 08:13:01,991 | INFO | SOURCE 607/1280: https://iptv-org.github.io/iptv/countries/mn.m3u -> records=38 epg=0
2026-09-24 08:13:01,991 | INFO | SOURCE 608/1280: https://iptv-org.github.io/iptv/countries/mq.m3u -> records=6 epg=0
2026-09-24 08:13:01,991 | INFO | SOURCE 609/1280: https://iptv-org.github.io/iptv/countries/ly.m3u -> records=6 epg=0
2026-09-24 08:13:01,991 | INFO | SOURCE 610/1280: https://iptv-org.github.io/iptv/countries/lt.m3u -> records=25 epg=0
2026-09-24 08:13:01,992 | INFO | SOURCE 611/1280: https://iptv-org.github.io/iptv/countries/ne.m3u -> records=6 epg=0
2026-09-24 08:13:01,992 | INFO | SOURCE 612/1280: https://iptv-org.github.io/iptv/countries/nz.m3u -> records=27 epg=0
2026-09-24 08:13:01,992 | INFO | SOURCE 613/1280: https://iptv-org.github.io/iptv/countries/pa.m3u -> records=25 epg=0
2026-09-24 08:13:01,992 | INFO | SOURCE 614/1280: https://iptv-org.github.io/iptv/countries/sn.m3u -> records=16 epg=0
2026-09-24 08:13:01,992 | INFO | SOURCE 615/1280: https://iptv-org.github.io/iptv/countries/hu.m3u -> records=143 epg=0
2026-09-24 08:13:01,992 | INFO | SOURCE 616/1280: https://iptv-org.github.io/iptv/countries/ph.m3u -> records=19 epg=0
2026-09-24 08:13:01,992 | INFO | SOURCE 617/1280: https://iptv-org.github.io/iptv/countries/ng.m3u -> records=53 epg=0
2026-09-24 08:13:01,992 | INFO | SOURCE 618/1280: https://iptv-org.github.io/iptv/countries/om.m3u -> records=5 epg=0
2026-09-24 08:13:01,992 | INFO | SOURCE 619/1280: https://iptv-org.github.io/iptv/countries/sd.m3u -> records=3 epg=0
2026-09-24 08:13:01,992 | INFO | SOURCE 620/1280: https://iptv-org.github.io/iptv/countries/pg.m3u -> records=1 epg=0
2026-09-24 08:13:01,993 | INFO | SOURCE 621/1280: https://iptv-org.github.io/iptv/countries/kw.m3u -> records=11 epg=0
2026-09-24 08:13:01,993 | INFO | SOURCE 622/1280: https://iptv-org.github.io/iptv/countries/ps.m3u -> records=19 epg=0
2026-09-24 08:13:01,993 | INFO | SOURCE 623/1280: https://iptv-org.github.io/iptv/countries/mx.m3u -> records=159 epg=0
2026-09-24 08:13:01,993 | INFO | SOURCE 624/1280: https://iptv-org.github.io/iptv/countries/qa.m3u -> records=10 epg=0
2026-09-24 08:13:01,993 | INFO | SOURCE 625/1280: https://iptv-org.github.io/iptv/countries/sx.m3u -> records=6 epg=0
2026-09-24 08:13:01,993 | INFO | SOURCE 626/1280: https://iptv-org.github.io/iptv/countries/sm.m3u -> records=3 epg=0
2026-09-24 08:13:01,993 | INFO | SOURCE 627/1280: https://iptv-org.github.io/iptv/countries/md.m3u -> records=31 epg=0
2026-09-24 08:13:01,993 | INFO | SOURCE 628/1280: https://iptv-org.github.io/iptv/countries/tm.m3u -> records=8 epg=0
2026-09-24 08:13:01,993 | INFO | SOURCE 629/1280: https://iptv-org.github.io/iptv/countries/kg.m3u -> records=8 epg=0
2026-09-24 08:13:01,993 | INFO | SOURCE 630/1280: https://iptv-org.github.io/iptv/countries/tt.m3u -> records=6 epg=0
2026-09-24 08:13:01,993 | INFO | SOURCE 631/1280: https://iptv-org.github.io/iptv/countries/td.m3u -> records=1 epg=0
2026-09-24 08:13:01,993 | INFO | SOURCE 632/1280: https://iptv-org.github.io/iptv/countries/rw.m3u -> records=8 epg=0
2026-09-24 08:13:01,993 | INFO | SOURCE 633/1280: https://iptv-org.github.io/iptv/countries/np.m3u -> records=20 epg=0
2026-09-24 08:13:01,993 | INFO | SOURCE 634/1280: https://iptv-org.github.io/iptv/countries/sr.m3u -> records=2 epg=0
2026-09-24 08:13:01,993 | INFO | SOURCE 635/1280: https://iptv-org.github.io/iptv/countries/in.m3u -> records=740 epg=0
2026-09-24 08:13:01,994 | INFO | SOURCE 636/1280: https://iptv-org.github.io/iptv/countries/sg.m3u -> records=12 epg=0
2026-09-24 08:13:01,994 | INFO | SOURCE 637/1280: https://iptv-org.github.io/iptv/countries/si.m3u -> records=24 epg=0
2026-09-24 08:13:01,994 | INFO | SOURCE 638/1280: https://iptv-org.github.io/iptv/countries/tj.m3u -> records=14 epg=0
2026-09-24 08:13:01,994 | INFO | SOURCE 639/1280: https://iptv-org.github.io/iptv/countries/re.m3u -> records=1 epg=0
2026-09-24 08:13:01,994 | INFO | SOURCE 640/1280: https://iptv-org.github.io/iptv/countries/pr.m3u -> records=28 epg=0
2026-09-24 08:13:01,994 | INFO | SOURCE 641/1280: https://iptv-org.github.io/iptv/countries/vc.m3u -> records=1 epg=0
2026-09-24 08:13:01,994 | INFO | SOURCE 642/1280: https://iptv-org.github.io/iptv/countries/sl.m3u -> records=1 epg=0
2026-09-24 08:13:01,994 | INFO | SOURCE 643/1280: https://iptv-org.github.io/iptv/countries/tz.m3u -> records=8 epg=0
2026-09-24 08:13:01,994 | INFO | SOURCE 644/1280: https://iptv-org.github.io/iptv/countries/tw.m3u -> records=25 epg=0
2026-09-24 08:13:02,008 | INFO | SOURCE 645/1280: https://iptv-org.github.io/iptv/countries/de.m3u -> records=282 epg=0
2026-09-24 08:13:02,031 | INFO | SOURCE 646/1280: https://iptv-org.github.io/iptv/countries/undefined.m3u -> records=0 epg=0
2026-09-24 08:13:02,031 | INFO | SOURCE 647/1280: https://iptv-org.github.io/iptv/countries/rs.m3u -> records=49 epg=0
2026-09-24 08:13:02,031 | INFO | SOURCE 648/1280: https://iptv-org.github.io/iptv/countries/py.m3u -> records=76 epg=0
2026-09-24 08:13:02,031 | INFO | SOURCE 649/1280: https://iptv-org.github.io/iptv/countries/sv.m3u -> records=36 epg=0
2026-09-24 08:13:02,031 | INFO | SOURCE 650/1280: https://iptv-org.github.io/iptv/countries/ye.m3u -> records=4 epg=0
2026-09-24 08:13:02,081 | INFO | SOURCE 651/1280: https://iptv-org.github.io/iptv/countries/tg.m3u -> records=11 epg=0
2026-09-24 08:13:02,081 | INFO | SOURCE 652/1280: https://iptv-org.github.io/iptv/countries/int.m3u -> records=952 epg=0
2026-09-24 08:13:02,081 | INFO | SOURCE 653/1280: https://iptv-org.github.io/iptv/countries/so.m3u -> records=7 epg=0
2026-09-24 08:13:02,081 | INFO | SOURCE 654/1280: https://iptv-org.github.io/iptv/countries/ug.m3u -> records=21 epg=0
2026-09-24 08:13:02,081 | INFO | SOURCE 655/1280: https://iptv-org.github.io/iptv/countries/pt.m3u -> records=62 epg=0
2026-09-24 08:13:02,081 | INFO | SOURCE 656/1280: https://iptv-org.github.io/iptv/countries/th.m3u -> records=78 epg=0
2026-09-24 08:13:02,081 | INFO | SOURCE 657/1280: https://iptv-org.github.io/iptv/countries/no.m3u -> records=116 epg=0
2026-09-24 08:13:02,082 | INFO | SOURCE 658/1280: https://iptv-org.github.io/iptv/countries/se.m3u -> records=141 epg=0
2026-09-24 08:13:02,082 | INFO | SOURCE 659/1280: https://iptv-org.github.io/iptv/countries/sa.m3u -> records=53 epg=0
2026-09-24 08:13:02,082 | INFO | SOURCE 660/1280: https://iptv-org.github.io/iptv/countries/id.m3u -> records=175 epg=0
2026-09-24 08:13:02,083 | INFO | SOURCE 661/1280: https://iptv-org.github.io/iptv/languages/box.m3u -> records=1 epg=0
2026-09-24 08:13:02,083 | INFO | SOURCE 662/1280: https://iptv-org.github.io/iptv/countries/sy.m3u -> records=11 epg=0
2026-09-24 08:13:02,083 | INFO | SOURCE 663/1280: https://iptv-org.github.io/iptv/languages/asp.m3u -> records=1 epg=0
2026-09-24 08:13:02,083 | INFO | SOURCE 664/1280: https://iptv-org.github.io/iptv/countries/ve.m3u -> records=80 epg=0
2026-09-24 08:13:02,083 | INFO | SOURCE 665/1280: https://iptv-org.github.io/iptv/countries/tn.m3u -> records=5 epg=0
2026-09-24 08:13:02,083 | INFO | SOURCE 666/1280: https://iptv-org.github.io/iptv/countries/zw.m3u -> records=1 epg=0
2026-09-24 08:13:02,115 | INFO | SOURCE 667/1280: https://iptv-org.github.io/iptv/languages/aho.m3u -> records=1 epg=0
2026-09-24 08:13:02,125 | INFO | SOURCE 668/1280: https://iptv-org.github.io/iptv/countries/za.m3u -> records=21 epg=0
2026-09-24 08:13:02,125 | INFO | SOURCE 669/1280: https://iptv-org.github.io/iptv/languages/asm.m3u -> records=17 epg=0
2026-09-24 08:13:02,125 | INFO | SOURCE 670/1280: https://iptv-org.github.io/iptv/countries/pk.m3u -> records=103 epg=0
2026-09-24 08:13:02,125 | INFO | SOURCE 671/1280: https://iptv-org.github.io/iptv/languages/amh.m3u -> records=6 epg=0
2026-09-24 08:13:02,126 | INFO | SOURCE 672/1280: https://iptv-org.github.io/iptv/languages/aze.m3u -> records=20 epg=0
2026-09-24 08:13:02,126 | INFO | SOURCE 673/1280: https://iptv-org.github.io/iptv/countries/vg.m3u -> records=2 epg=0
2026-09-24 08:13:02,126 | INFO | SOURCE 674/1280: https://iptv-org.github.io/iptv/languages/acf.m3u -> records=1 epg=0
2026-09-24 08:13:02,126 | INFO | SOURCE 675/1280: https://iptv-org.github.io/iptv/languages/ach.m3u -> records=1 epg=0
2026-09-24 08:13:02,126 | INFO | SOURCE 676/1280: https://iptv-org.github.io/iptv/languages/bbo.m3u -> records=1 epg=0
2026-09-24 08:13:02,126 | INFO | SOURCE 677/1280: https://iptv-org.github.io/iptv/countries/uz.m3u -> records=33 epg=0
2026-09-24 08:13:02,126 | INFO | SOURCE 678/1280: https://iptv-org.github.io/iptv/languages/bak.m3u -> records=1 epg=0
2026-09-24 08:13:02,134 | INFO | SOURCE 679/1280: https://iptv-org.github.io/iptv/languages/afr.m3u -> records=5 epg=0
2026-09-24 08:13:02,140 | INFO | SOURCE 680/1280: https://iptv-org.github.io/iptv/languages/bod.m3u -> records=0 epg=0
2026-09-24 08:13:02,153 | INFO | SOURCE 681/1280: https://iptv-org.github.io/iptv/languages/adh.m3u -> records=1 epg=0
2026-09-24 08:13:02,153 | INFO | SOURCE 682/1280: https://iptv-org.github.io/iptv/countries/xk.m3u -> records=15 epg=0
2026-09-24 08:13:02,185 | INFO | SOURCE 683/1280: https://iptv-org.github.io/iptv/languages/ceb.m3u -> records=2 epg=0
2026-09-24 08:13:02,203 | INFO | SOURCE 684/1280: https://iptv-org.github.io/iptv/countries/pl.m3u -> records=90 epg=0
2026-09-24 08:13:02,218 | INFO | SOURCE 685/1280: https://iptv-org.github.io/iptv/countries/ws.m3u -> records=1 epg=0
2026-09-24 08:13:02,219 | INFO | SOURCE 686/1280: https://iptv-org.github.io/iptv/languages/cmn.m3u -> records=3 epg=0
2026-09-24 08:13:02,219 | INFO | SOURCE 687/1280: https://iptv-org.github.io/iptv/countries/nl.m3u -> records=162 epg=0
2026-09-24 08:13:02,219 | INFO | SOURCE 688/1280: https://iptv-org.github.io/iptv/languages/bam.m3u -> records=1 epg=0
2026-09-24 08:13:02,219 | INFO | SOURCE 689/1280: https://iptv-org.github.io/iptv/countries/uy.m3u -> records=17 epg=0
2026-09-24 08:13:02,219 | INFO | SOURCE 690/1280: https://iptv-org.github.io/iptv/countries/vn.m3u -> records=81 epg=0
2026-09-24 08:13:02,234 | INFO | SOURCE 691/1280: https://iptv-org.github.io/iptv/languages/arz.m3u -> records=1 epg=0
2026-09-24 08:13:02,251 | INFO | SOURCE 692/1280: https://iptv-org.github.io/iptv/languages/cym.m3u -> records=1 epg=0
2026-09-24 08:13:02,251 | INFO | SOURCE 693/1280: https://iptv-org.github.io/iptv/countries/sk.m3u -> records=76 epg=0
2026-09-24 08:13:02,251 | INFO | SOURCE 694/1280: https://iptv-org.github.io/iptv/languages/alz.m3u -> records=1 epg=0
2026-09-24 08:13:02,252 | INFO | SOURCE 695/1280: https://iptv-org.github.io/iptv/languages/fon.m3u -> records=1 epg=0
2026-09-24 08:13:02,252 | INFO | SOURCE 696/1280: https://iptv-org.github.io/iptv/countries/pe.m3u -> records=190 epg=0
2026-09-24 08:13:02,252 | INFO | SOURCE 697/1280: https://iptv-org.github.io/iptv/languages/div.m3u -> records=9 epg=0
2026-09-24 08:13:02,252 | INFO | SOURCE 698/1280: https://iptv-org.github.io/iptv/languages/cnr.m3u -> records=1 epg=0
2026-09-24 08:13:02,252 | INFO | SOURCE 699/1280: https://iptv-org.github.io/iptv/languages/aym.m3u -> records=1 epg=0
2026-09-24 08:13:02,252 | INFO | SOURCE 700/1280: https://iptv-org.github.io/iptv/countries/ro.m3u -> records=140 epg=0
2026-09-24 08:13:02,252 | INFO | SOURCE 701/1280: https://iptv-org.github.io/iptv/countries/va.m3u -> records=2 epg=0
2026-09-24 08:13:02,252 | INFO | SOURCE 702/1280: https://iptv-org.github.io/iptv/languages/abk.m3u -> records=1 epg=0
2026-09-24 08:13:02,265 | INFO | SOURCE 703/1280: https://iptv-org.github.io/iptv/languages/far.m3u -> records=1 epg=0
2026-09-24 08:13:02,265 | INFO | SOURCE 704/1280: https://iptv-org.github.io/iptv/languages/dyu.m3u -> records=1 epg=0
2026-09-24 08:13:02,265 | INFO | SOURCE 705/1280: https://iptv-org.github.io/iptv/languages/ayb.m3u -> records=1 epg=0
2026-09-24 08:13:02,265 | INFO | SOURCE 706/1280: https://iptv-org.github.io/iptv/languages/dgi.m3u -> records=1 epg=0
2026-09-24 08:13:02,265 | INFO | SOURCE 707/1280: https://iptv-org.github.io/iptv/languages/deu.m3u -> records=321 epg=0
2026-09-24 08:13:02,265 | INFO | SOURCE 708/1280: https://iptv-org.github.io/iptv/languages/ewe.m3u -> records=1 epg=0
2026-09-24 08:13:02,265 | INFO | SOURCE 709/1280: https://iptv-org.github.io/iptv/languages/aii.m3u -> records=1 epg=0
2026-09-24 08:13:02,265 | INFO | SOURCE 710/1280: https://iptv-org.github.io/iptv/languages/dje.m3u -> records=2 epg=0
2026-09-24 08:13:02,265 | INFO | SOURCE 711/1280: https://iptv-org.github.io/iptv/languages/ara.m3u -> records=348 epg=0
2026-09-24 08:13:02,317 | INFO | SOURCE 712/1280: https://iptv-org.github.io/iptv/languages/glg.m3u -> records=2 epg=0
2026-09-24 08:13:02,335 | INFO | SOURCE 713/1280: https://iptv-org.github.io/iptv/languages/eus.m3u -> records=8 epg=0
2026-09-24 08:13:02,335 | INFO | SOURCE 714/1280: https://iptv-org.github.io/iptv/languages/czh.m3u -> records=1 epg=0
2026-09-24 08:13:02,335 | INFO | SOURCE 715/1280: https://iptv-org.github.io/iptv/languages/cat.m3u -> records=56 epg=0
2026-09-24 08:13:02,376 | INFO | SOURCE 716/1280: https://iptv-org.github.io/iptv/languages/bel.m3u -> records=12 epg=0
2026-09-24 08:13:02,405 | INFO | SOURCE 717/1280: https://iptv-org.github.io/iptv/languages/fuc.m3u -> records=1 epg=0
2026-09-24 08:13:02,485 | INFO | SOURCE 718/1280: https://iptv-org.github.io/iptv/languages/hat.m3u -> records=14 epg=0
2026-09-24 08:13:02,485 | INFO | SOURCE 719/1280: https://iptv-org.github.io/iptv/languages/gom.m3u -> records=1 epg=0
2026-09-24 08:13:02,502 | INFO | SOURCE 720/1280: https://iptv-org.github.io/iptv/languages/bho.m3u -> records=11 epg=0
2026-09-24 08:13:02,515 | INFO | SOURCE 721/1280: https://iptv-org.github.io/iptv/languages/ben.m3u -> records=95 epg=0
2026-09-24 08:13:02,515 | INFO | SOURCE 722/1280: https://iptv-org.github.io/iptv/languages/cgg.m3u -> records=2 epg=0
2026-09-24 08:13:02,515 | INFO | SOURCE 723/1280: https://iptv-org.github.io/iptv/languages/fry.m3u -> records=1 epg=0
2026-09-24 08:13:02,515 | INFO | SOURCE 724/1280: https://iptv-org.github.io/iptv/languages/est.m3u -> records=10 epg=0
2026-09-24 08:13:02,555 | INFO | SOURCE 725/1280: https://iptv-org.github.io/iptv/languages/bul.m3u -> records=82 epg=0
2026-09-24 08:13:02,555 | INFO | SOURCE 726/1280: https://iptv-org.github.io/iptv/languages/bib.m3u -> records=1 epg=0
2026-09-24 08:13:02,555 | INFO | SOURCE 727/1280: https://iptv-org.github.io/iptv/languages/bos.m3u -> records=14 epg=0
2026-09-24 08:13:02,555 | INFO | SOURCE 728/1280: https://iptv-org.github.io/iptv/languages/hmo.m3u -> records=1 epg=0
2026-09-24 08:13:02,555 | INFO | SOURCE 729/1280: https://iptv-org.github.io/iptv/countries/uk.m3u -> records=295 epg=0
2026-09-24 08:13:02,556 | INFO | SOURCE 730/1280: https://iptv-org.github.io/iptv/languages/grn.m3u -> records=1 epg=0
2026-09-24 08:13:02,556 | INFO | SOURCE 731/1280: https://iptv-org.github.io/iptv/languages/ful.m3u -> records=1 epg=0
2026-09-24 08:13:02,556 | INFO | SOURCE 732/1280: https://iptv-org.github.io/iptv/languages/gla.m3u -> records=2 epg=0
2026-09-24 08:13:02,556 | INFO | SOURCE 733/1280: https://iptv-org.github.io/iptv/languages/gle.m3u -> records=4 epg=0
2026-09-24 08:13:02,556 | INFO | SOURCE 734/1280: https://iptv-org.github.io/iptv/languages/fil.m3u -> records=2 epg=0
2026-09-24 08:13:02,590 | INFO | SOURCE 735/1280: https://iptv-org.github.io/iptv/languages/guj.m3u -> records=19 epg=0
2026-09-24 08:13:02,672 | INFO | SOURCE 736/1280: https://iptv-org.github.io/iptv/languages/gux.m3u -> records=1 epg=0
2026-09-24 08:13:02,672 | INFO | SOURCE 737/1280: https://iptv-org.github.io/iptv/countries/tr.m3u -> records=174 epg=0
2026-09-24 08:13:02,672 | INFO | SOURCE 738/1280: https://iptv-org.github.io/iptv/languages/ces.m3u -> records=69 epg=0
2026-09-24 08:13:02,673 | INFO | SOURCE 739/1280: https://iptv-org.github.io/iptv/languages/hne.m3u -> records=1 epg=0
2026-09-24 08:13:02,673 | INFO | SOURCE 740/1280: https://iptv-org.github.io/iptv/languages/jav.m3u -> records=6 epg=0
2026-09-24 08:13:02,673 | INFO | SOURCE 741/1280: https://iptv-org.github.io/iptv/languages/icr.m3u -> records=1 epg=0
2026-09-24 08:13:02,673 | INFO | SOURCE 742/1280: https://iptv-org.github.io/iptv/languages/fin.m3u -> records=25 epg=0
2026-09-24 08:13:02,673 | INFO | SOURCE 743/1280: https://iptv-org.github.io/iptv/languages/hrv.m3u -> records=30 epg=0
2026-09-24 08:13:02,673 | INFO | SOURCE 744/1280: https://iptv-org.github.io/iptv/languages/gug.m3u -> records=1 epg=0
2026-09-24 08:13:02,673 | INFO | SOURCE 745/1280: https://iptv-org.github.io/iptv/languages/kab.m3u -> records=1 epg=0
2026-09-24 08:13:02,673 | INFO | SOURCE 746/1280: https://iptv-org.github.io/iptv/languages/kdi.m3u -> records=1 epg=0
2026-09-24 08:13:02,673 | INFO | SOURCE 747/1280: https://iptv-org.github.io/iptv/languages/hau.m3u -> records=4 epg=0
2026-09-24 08:13:02,673 | INFO | SOURCE 748/1280: https://iptv-org.github.io/iptv/languages/kmz.m3u -> records=1 epg=0
2026-09-24 08:13:02,673 | INFO | SOURCE 749/1280: https://iptv-org.github.io/iptv/languages/hmn.m3u -> records=2 epg=0
2026-09-24 08:13:02,673 | INFO | SOURCE 750/1280: https://iptv-org.github.io/iptv/languages/koo.m3u -> records=1 epg=0
2026-09-24 08:13:02,673 | INFO | SOURCE 751/1280: https://iptv-org.github.io/iptv/languages/hye.m3u -> records=13 epg=0
2026-09-24 08:13:02,673 | INFO | SOURCE 752/1280: https://iptv-org.github.io/iptv/languages/dan.m3u -> records=154 epg=0
2026-09-24 08:13:02,673 | INFO | SOURCE 753/1280: https://iptv-org.github.io/iptv/languages/jpn.m3u -> records=13 epg=0
2026-09-24 08:13:02,674 | INFO | SOURCE 754/1280: https://iptv-org.github.io/iptv/languages/lav.m3u -> records=15 epg=0
2026-09-24 08:13:02,674 | INFO | SOURCE 755/1280: https://iptv-org.github.io/iptv/languages/fas.m3u -> records=202 epg=0
2026-09-24 08:13:02,674 | INFO | SOURCE 756/1280: https://iptv-org.github.io/iptv/languages/heb.m3u -> records=46 epg=0
2026-09-24 08:13:02,674 | INFO | SOURCE 757/1280: https://iptv-org.github.io/iptv/languages/iku.m3u -> records=1 epg=0
2026-09-24 08:13:02,674 | INFO | SOURCE 758/1280: https://iptv-org.github.io/iptv/languages/lit.m3u -> records=19 epg=0
2026-09-24 08:13:02,674 | INFO | SOURCE 759/1280: https://iptv-org.github.io/iptv/languages/gcf.m3u -> records=1 epg=0
2026-09-24 08:13:02,674 | INFO | SOURCE 760/1280: https://iptv-org.github.io/iptv/languages/laj.m3u -> records=1 epg=0
2026-09-24 08:13:02,674 | INFO | SOURCE 761/1280: https://iptv-org.github.io/iptv/languages/lat.m3u -> records=2 epg=0
2026-09-24 08:13:02,674 | INFO | SOURCE 762/1280: https://iptv-org.github.io/iptv/languages/kbp.m3u -> records=1 epg=0
2026-09-24 08:13:02,674 | INFO | SOURCE 763/1280: https://iptv-org.github.io/iptv/languages/kaz.m3u -> records=48 epg=0
2026-09-24 08:13:02,674 | INFO | SOURCE 764/1280: https://iptv-org.github.io/iptv/languages/her.m3u -> records=1 epg=0
2026-09-24 08:13:02,708 | INFO | SOURCE 765/1280: https://iptv-org.github.io/iptv/languages/kur.m3u -> records=34 epg=0
2026-09-24 08:13:02,708 | INFO | SOURCE 766/1280: https://iptv-org.github.io/iptv/languages/kat.m3u -> records=20 epg=0
2026-09-24 08:13:02,708 | INFO | SOURCE 767/1280: https://iptv-org.github.io/iptv/languages/ell.m3u -> records=86 epg=0
2026-09-24 08:13:02,708 | INFO | SOURCE 768/1280: https://iptv-org.github.io/iptv/languages/its.m3u -> records=1 epg=0
2026-09-24 08:13:02,709 | INFO | SOURCE 769/1280: https://iptv-org.github.io/iptv/languages/mri.m3u -> records=2 epg=0
2026-09-24 08:13:02,709 | INFO | SOURCE 770/1280: https://iptv-org.github.io/iptv/languages/kan.m3u -> records=33 epg=0
2026-09-24 08:13:02,709 | INFO | SOURCE 771/1280: https://iptv-org.github.io/iptv/languages/khm.m3u -> records=24 epg=0
2026-09-24 08:13:02,709 | INFO | SOURCE 772/1280: https://iptv-org.github.io/iptv/languages/kin.m3u -> records=7 epg=0
2026-09-24 08:13:02,709 | INFO | SOURCE 773/1280: https://iptv-org.github.io/iptv/languages/kir.m3u -> records=11 epg=0
2026-09-24 08:13:02,709 | INFO | SOURCE 774/1280: https://iptv-org.github.io/iptv/languages/lua.m3u -> records=1 epg=0
2026-09-24 08:13:02,709 | INFO | SOURCE 775/1280: https://iptv-org.github.io/iptv/languages/lus.m3u -> records=1 epg=0
2026-09-24 08:13:02,709 | INFO | SOURCE 776/1280: https://iptv-org.github.io/iptv/languages/nyo.m3u -> records=1 epg=0
2026-09-24 08:13:02,709 | INFO | SOURCE 777/1280: https://iptv-org.github.io/iptv/languages/kon.m3u -> records=1 epg=0
2026-09-24 08:13:02,709 | INFO | SOURCE 778/1280: https://iptv-org.github.io/iptv/languages/kik.m3u -> records=3 epg=0
2026-09-24 08:13:02,709 | INFO | SOURCE 779/1280: https://iptv-org.github.io/iptv/languages/lao.m3u -> records=5 epg=0
2026-09-24 08:13:02,709 | INFO | SOURCE 780/1280: https://iptv-org.github.io/iptv/languages/nan.m3u -> records=1 epg=0
2026-09-24 08:13:02,709 | INFO | SOURCE 781/1280: https://iptv-org.github.io/iptv/countries/ua.m3u -> records=199 epg=0
2026-09-24 08:13:02,709 | INFO | SOURCE 782/1280: https://iptv-org.github.io/iptv/languages/hin.m3u -> records=323 epg=0
2026-09-24 08:13:02,709 | INFO | SOURCE 783/1280: https://iptv-org.github.io/iptv/languages/nep.m3u -> records=16 epg=0
2026-09-24 08:13:02,710 | INFO | SOURCE 784/1280: https://iptv-org.github.io/iptv/languages/mon.m3u -> records=39 epg=0
2026-09-24 08:13:02,710 | INFO | SOURCE 785/1280: https://iptv-org.github.io/iptv/languages/isl.m3u -> records=6 epg=0
2026-09-24 08:13:02,710 | INFO | SOURCE 786/1280: https://iptv-org.github.io/iptv/languages/lob.m3u -> records=1 epg=0
2026-09-24 08:13:02,710 | INFO | SOURCE 787/1280: https://iptv-org.github.io/iptv/languages/lee.m3u -> records=1 epg=0
2026-09-24 08:13:02,881 | INFO | SOURCE 788/1280: https://iptv-org.github.io/iptv/languages/msa.m3u -> records=18 epg=0
2026-09-24 08:13:02,968 | INFO | SOURCE 789/1280: https://iptv-org.github.io/iptv/countries/us.m3u -> records=1453 epg=0
2026-09-24 08:13:03,071 | INFO | SOURCE 790/1280: https://iptv-org.github.io/iptv/languages/luo.m3u -> records=1 epg=0
2026-09-24 08:13:03,122 | INFO | SOURCE 791/1280: https://iptv-org.github.io/iptv/languages/lug.m3u -> records=8 epg=0
2026-09-24 08:13:03,122 | INFO | SOURCE 792/1280: https://iptv-org.github.io/iptv/languages/kok.m3u -> records=2 epg=0
2026-09-24 08:13:03,122 | INFO | SOURCE 793/1280: https://iptv-org.github.io/iptv/languages/ltz.m3u -> records=8 epg=0
2026-09-24 08:13:03,122 | INFO | SOURCE 794/1280: https://iptv-org.github.io/iptv/languages/mar.m3u -> records=28 epg=0
2026-09-24 08:13:03,122 | INFO | SOURCE 795/1280: https://iptv-org.github.io/iptv/languages/hun.m3u -> records=146 epg=0
2026-09-24 08:13:03,122 | INFO | SOURCE 796/1280: https://iptv-org.github.io/iptv/languages/mkw.m3u -> records=1 epg=0
2026-09-24 08:13:03,122 | INFO | SOURCE 797/1280: https://iptv-org.github.io/iptv/languages/man.m3u -> records=1 epg=0
2026-09-24 08:13:03,122 | INFO | SOURCE 798/1280: https://iptv-org.github.io/iptv/languages/pap.m3u -> records=20 epg=0
2026-09-24 08:13:03,122 | INFO | SOURCE 799/1280: https://iptv-org.github.io/iptv/languages/kor.m3u -> records=82 epg=0
2026-09-24 08:13:03,122 | INFO | SOURCE 800/1280: https://iptv-org.github.io/iptv/languages/prd.m3u -> records=13 epg=0
2026-09-24 08:13:03,122 | INFO | SOURCE 801/1280: https://iptv-org.github.io/iptv/languages/lah.m3u -> records=2 epg=0
2026-09-24 08:13:03,122 | INFO | SOURCE 802/1280: https://iptv-org.github.io/iptv/languages/ind.m3u -> records=177 epg=0
2026-09-24 08:13:03,123 | INFO | SOURCE 803/1280: https://iptv-org.github.io/iptv/languages/mal.m3u -> records=68 epg=0
2026-09-24 08:13:03,123 | INFO | SOURCE 804/1280: https://iptv-org.github.io/iptv/languages/ori.m3u -> records=15 epg=0
2026-09-24 08:13:03,123 | INFO | SOURCE 805/1280: https://iptv-org.github.io/iptv/languages/nyn.m3u -> records=1 epg=0
2026-09-24 08:13:03,123 | INFO | SOURCE 806/1280: https://iptv-org.github.io/iptv/languages/mos.m3u -> records=2 epg=0
2026-09-24 08:13:03,123 | INFO | SOURCE 807/1280: https://iptv-org.github.io/iptv/languages/lin.m3u -> records=4 epg=0
2026-09-24 08:13:03,123 | INFO | SOURCE 808/1280: https://iptv-org.github.io/iptv/languages/mkd.m3u -> records=25 epg=0
2026-09-24 08:13:03,123 | INFO | SOURCE 809/1280: https://iptv-org.github.io/iptv/languages/sah.m3u -> records=1 epg=0
2026-09-24 08:13:03,123 | INFO | SOURCE 810/1280: https://iptv-org.github.io/iptv/languages/mnk.m3u -> records=1 epg=0
2026-09-24 08:13:03,123 | INFO | SOURCE 811/1280: https://iptv-org.github.io/iptv/languages/sfs.m3u -> records=1 epg=0
2026-09-24 08:13:03,123 | INFO | SOURCE 812/1280: https://iptv-org.github.io/iptv/languages/pam.m3u -> records=1 epg=0
2026-09-24 08:13:03,123 | INFO | SOURCE 813/1280: https://iptv-org.github.io/iptv/languages/svc.m3u -> records=1 epg=0
2026-09-24 08:13:03,123 | INFO | SOURCE 814/1280: https://iptv-org.github.io/iptv/languages/mai.m3u -> records=9 epg=0
2026-09-24 08:13:03,123 | INFO | SOURCE 815/1280: https://iptv-org.github.io/iptv/languages/nbl.m3u -> records=1 epg=0
2026-09-24 08:13:03,123 | INFO | SOURCE 816/1280: https://iptv-org.github.io/iptv/languages/mlt.m3u -> records=9 epg=0
2026-09-24 08:13:03,123 | INFO | SOURCE 817/1280: https://iptv-org.github.io/iptv/languages/sin.m3u -> records=8 epg=0
2026-09-24 08:13:03,189 | INFO | SOURCE 818/1280: https://iptv-org.github.io/iptv/languages/ita.m3u -> records=319 epg=0
2026-09-24 08:13:03,244 | INFO | SOURCE 819/1280: https://iptv-org.github.io/iptv/languages/pus.m3u -> records=22 epg=0
2026-09-24 08:13:03,305 | INFO | SOURCE 820/1280: https://iptv-org.github.io/iptv/languages/fra.m3u -> records=449 epg=0
2026-09-24 08:13:03,343 | INFO | SOURCE 821/1280: https://iptv-org.github.io/iptv/languages/ssw.m3u -> records=1 epg=0
2026-09-24 08:13:03,343 | INFO | SOURCE 822/1280: https://iptv-org.github.io/iptv/languages/smo.m3u -> records=1 epg=0
2026-09-24 08:13:03,343 | INFO | SOURCE 823/1280: https://iptv-org.github.io/iptv/languages/shi.m3u -> records=1 epg=0
2026-09-24 08:13:03,515 | INFO | SOURCE 824/1280: https://iptv-org.github.io/iptv/languages/snd.m3u -> records=1 epg=0
2026-09-24 08:13:03,560 | INFO | SOURCE 825/1280: https://iptv-org.github.io/iptv/languages/slk.m3u -> records=55 epg=0
2026-09-24 08:13:03,565 | INFO | SOURCE 826/1280: https://iptv-org.github.io/iptv/languages/rif.m3u -> records=1 epg=0
2026-09-24 08:13:03,565 | INFO | SOURCE 827/1280: https://iptv-org.github.io/iptv/languages/stj.m3u -> records=1 epg=0
2026-09-24 08:13:03,593 | INFO | SOURCE 828/1280: https://iptv-org.github.io/iptv/languages/ory.m3u -> records=2 epg=0
2026-09-24 08:13:03,594 | INFO | SOURCE 829/1280: https://iptv-org.github.io/iptv/languages/sat.m3u -> records=1 epg=0
2026-09-24 08:13:03,594 | INFO | SOURCE 830/1280: https://iptv-org.github.io/iptv/languages/mya.m3u -> records=17 epg=0
2026-09-24 08:13:03,594 | INFO | SOURCE 831/1280: https://iptv-org.github.io/iptv/languages/sqi.m3u -> records=56 epg=0
2026-09-24 08:13:03,594 | INFO | SOURCE 832/1280: https://iptv-org.github.io/iptv/languages/sbd.m3u -> records=1 epg=0
2026-09-24 08:13:03,684 | INFO | SOURCE 833/1280: https://iptv-org.github.io/iptv/languages/tgk.m3u -> records=15 epg=0
2026-09-24 08:13:03,685 | INFO | SOURCE 834/1280: https://iptv-org.github.io/iptv/languages/rkm.m3u -> records=1 epg=0
2026-09-24 08:13:03,685 | INFO | SOURCE 835/1280: https://iptv-org.github.io/iptv/languages/pol.m3u -> records=72 epg=0
2026-09-24 08:13:03,685 | INFO | SOURCE 836/1280: https://iptv-org.github.io/iptv/languages/xho.m3u -> records=1 epg=0
2026-09-24 08:13:03,685 | INFO | SOURCE 837/1280: https://iptv-org.github.io/iptv/languages/srp.m3u -> records=55 epg=0
2026-09-24 08:13:03,685 | INFO | SOURCE 838/1280: https://iptv-org.github.io/iptv/languages/tat.m3u -> records=1 epg=0
2026-09-24 08:13:03,685 | INFO | SOURCE 839/1280: https://iptv-org.github.io/iptv/languages/tir.m3u -> records=1 epg=0
2026-09-24 08:13:03,685 | INFO | SOURCE 840/1280: https://iptv-org.github.io/iptv/languages/que.m3u -> records=1 epg=0
2026-09-24 08:13:03,685 | INFO | SOURCE 841/1280: https://iptv-org.github.io/iptv/languages/tah.m3u -> records=1 epg=0
2026-09-24 08:13:03,685 | INFO | SOURCE 842/1280: https://iptv-org.github.io/iptv/languages/taq.m3u -> records=1 epg=0
2026-09-24 08:13:03,685 | INFO | SOURCE 843/1280: https://iptv-org.github.io/iptv/languages/sun.m3u -> records=4 epg=0
2026-09-24 08:13:03,685 | INFO | SOURCE 844/1280: https://iptv-org.github.io/iptv/languages/ttj.m3u -> records=1 epg=0
2026-09-24 08:13:03,685 | INFO | SOURCE 845/1280: https://iptv-org.github.io/iptv/languages/tso.m3u -> records=1 epg=0
2026-09-24 08:13:03,685 | INFO | SOURCE 846/1280: https://iptv-org.github.io/iptv/languages/pan.m3u -> records=47 epg=0
2026-09-24 08:13:03,686 | INFO | SOURCE 847/1280: https://iptv-org.github.io/iptv/languages/tzm.m3u -> records=1 epg=0
2026-09-24 08:13:03,686 | INFO | SOURCE 848/1280: https://iptv-org.github.io/iptv/languages/zza.m3u -> records=4 epg=0
2026-09-24 08:13:03,692 | INFO | SOURCE 849/1280: https://iptv-org.github.io/iptv/languages/swa.m3u -> records=22 epg=0
2026-09-24 08:13:03,743 | INFO | SOURCE 850/1280: https://iptv-org.github.io/iptv/languages/yor.m3u -> records=2 epg=0
2026-09-24 08:13:03,829 | INFO | SOURCE 851/1280: https://iptv-org.github.io/iptv/languages/shy.m3u -> records=1 epg=0
2026-09-24 08:13:04,028 | INFO | SOURCE 852/1280: https://iptv-org.github.io/iptv/languages/tpi.m3u -> records=1 epg=0
2026-09-24 08:13:04,028 | INFO | SOURCE 853/1280: https://iptv-org.github.io/iptv/languages/som.m3u -> records=10 epg=0
2026-09-24 08:13:04,028 | INFO | SOURCE 854/1280: https://iptv-org.github.io/iptv/languages/wol.m3u -> records=5 epg=0
2026-09-24 08:13:04,028 | INFO | SOURCE 855/1280: https://iptv-org.github.io/iptv/languages/tgl.m3u -> records=11 epg=0
2026-09-24 08:13:04,028 | INFO | SOURCE 856/1280: https://iptv-org.github.io/iptv/languages/undefined.m3u -> records=18 epg=0
2026-09-24 08:13:04,028 | INFO | SOURCE 857/1280: https://iptv-org.github.io/iptv/languages/tig.m3u -> records=1 epg=0
2026-09-24 08:13:04,028 | INFO | SOURCE 858/1280: https://iptv-org.github.io/iptv/languages/tmh.m3u -> records=2 epg=0
2026-09-24 08:13:04,028 | INFO | SOURCE 859/1280: https://iptv-org.github.io/iptv/languages/sym.m3u -> records=1 epg=0
2026-09-24 08:13:04,028 | INFO | SOURCE 860/1280: https://iptv-org.github.io/iptv/languages/rom.m3u -> records=2 epg=0
2026-09-24 08:13:04,125 | INFO | SOURCE 861/1280: https://iptv-org.github.io/iptv/languages/nld.m3u -> records=191 epg=0
2026-09-24 08:13:04,194 | INFO | SOURCE 862/1280: https://iptv-org.github.io/iptv/languages/uig.m3u -> records=1 epg=0
2026-09-24 08:13:04,239 | INFO | SOURCE 863/1280: https://iptv-org.github.io/iptv/languages/xms.m3u -> records=1 epg=0
2026-09-24 08:13:04,240 | INFO | SOURCE 864/1280: https://iptv-org.github.io/iptv/languages/tam.m3u -> records=118 epg=0
2026-09-24 08:13:04,240 | INFO | SOURCE 865/1280: https://iptv-org.github.io/iptv/languages/slv.m3u -> records=21 epg=0
2026-09-24 08:13:04,240 | INFO | SOURCE 866/1280: https://iptv-org.github.io/iptv/languages/rus.m3u -> records=671 epg=0
2026-09-24 08:13:04,240 | INFO | SOURCE 867/1280: https://iptv-org.github.io/iptv/languages/tuk.m3u -> records=9 epg=0
2026-09-24 08:13:04,240 | INFO | SOURCE 868/1280: https://iptv-org.github.io/iptv/languages/ven.m3u -> records=1 epg=0
2026-09-24 08:13:04,328 | INFO | SOURCE 869/1280: https://iptv-org.github.io/iptv/languages/nor.m3u -> records=115 epg=0
2026-09-24 08:13:04,378 | INFO | SOURCE 870/1280: https://iptv-org.github.io/iptv/languages/uzb.m3u -> records=33 epg=0
2026-09-24 08:13:04,403 | INFO | SOURCE 871/1280: https://iptv-org.github.io/iptv/languages/tel.m3u -> records=82 epg=0
2026-09-24 08:13:04,457 | INFO | SOURCE 872/1280: https://iptv-org.github.io/iptv/languages/zul.m3u -> records=1 epg=0
2026-09-24 08:13:04,462 | INFO | SOURCE 873/1280: https://iptv-org.github.io/iptv/languages/urd.m3u -> records=84 epg=0
2026-09-24 08:13:04,463 | INFO | SOURCE 874/1280: https://iptv-org.github.io/iptv/languages/yue.m3u -> records=9 epg=0
2026-09-24 08:13:04,463 | INFO | SOURCE 875/1280: https://iptv-org.github.io/iptv/languages/yua.m3u -> records=1 epg=0
2026-09-24 08:13:04,463 | INFO | SOURCE 876/1280: https://iptv-org.github.io/iptv/languages/tha.m3u -> records=81 epg=0
2026-09-24 08:13:04,463 | WARNING | SOURCE FAIL [877/1280] https://iptv-org.github.io/iptv/raw/<FILENAME>.m3u :: <HTTPError 404: 'Not Found'>
2026-09-24 08:13:04,624 | INFO | SOURCE 878/1280: https://iptv-org.github.io/iptv/regions/afr.m3u -> records=502 epg=0
2026-09-24 08:13:04,772 | INFO | SOURCE 879/1280: https://iptv-org.github.io/iptv/regions/benelux.m3u -> records=369 epg=0
2026-09-24 08:13:04,772 | INFO | SOURCE 880/1280: https://iptv-org.github.io/iptv/subdivisions/al-04.m3u -> records=1 epg=0
2026-09-24 08:13:04,773 | INFO | SOURCE 881/1280: https://iptv-org.github.io/iptv/subdivisions/ar-b.m3u -> records=18 epg=0
2026-09-24 08:13:04,773 | INFO | SOURCE 882/1280: https://iptv-org.github.io/iptv/languages/tur.m3u -> records=176 epg=0
2026-09-24 08:13:04,833 | INFO | SOURCE 883/1280: https://iptv-org.github.io/iptv/languages/ukr.m3u -> records=176 epg=0
2026-09-24 08:13:04,833 | INFO | SOURCE 884/1280: https://iptv-org.github.io/iptv/subdivisions/ar-d.m3u -> records=1 epg=0
2026-09-24 08:13:04,833 | INFO | SOURCE 885/1280: https://iptv-org.github.io/iptv/regions/cenamer.m3u -> records=557 epg=0
2026-09-24 08:13:04,833 | INFO | SOURCE 886/1280: https://iptv-org.github.io/iptv/languages/swe.m3u -> records=132 epg=0
2026-09-24 08:13:04,833 | INFO | SOURCE 887/1280: https://iptv-org.github.io/iptv/subdivisions/ar-f.m3u -> records=1 epg=0
2026-09-24 08:13:04,834 | INFO | SOURCE 888/1280: https://iptv-org.github.io/iptv/languages/por.m3u -> records=463 epg=0
2026-09-24 08:13:04,873 | INFO | SOURCE 889/1280: https://iptv-org.github.io/iptv/subdivisions/ar-a.m3u -> records=3 epg=0
2026-09-24 08:13:04,874 | INFO | SOURCE 890/1280: https://iptv-org.github.io/iptv/subdivisions/ar-j.m3u -> records=5 epg=0
2026-09-24 08:13:04,874 | INFO | SOURCE 891/1280: https://iptv-org.github.io/iptv/languages/zho.m3u -> records=212 epg=0
2026-09-24 08:13:04,874 | INFO | SOURCE 892/1280: https://iptv-org.github.io/iptv/subdivisions/ar-g.m3u -> records=1 epg=0
2026-09-24 08:13:04,874 | INFO | SOURCE 893/1280: https://iptv-org.github.io/iptv/languages/vie.m3u -> records=85 epg=0
2026-09-24 08:13:04,874 | WARNING | SOURCE FAIL [894/1280] https://iptv-org.github.io/iptv/sources/<FILENAME>.m3u :: <HTTPError 404: 'Not Found'>
2026-09-24 08:13:04,874 | INFO | SOURCE 895/1280: https://iptv-org.github.io/iptv/subdivisions/ar-k.m3u -> records=1 epg=0
2026-09-24 08:13:04,874 | INFO | SOURCE 896/1280: https://iptv-org.github.io/iptv/subdivisions/ar-w.m3u -> records=1 epg=0
2026-09-24 08:13:04,874 | INFO | SOURCE 897/1280: https://iptv-org.github.io/iptv/regions/ssa.m3u -> records=456 epg=0
2026-09-24 08:13:04,957 | INFO | SOURCE 898/1280: https://iptv-org.github.io/iptv/subdivisions/ar-p.m3u -> records=1 epg=0
2026-09-24 08:13:04,981 | INFO | SOURCE 899/1280: https://iptv-org.github.io/iptv/subdivisions/ar-h.m3u -> records=5 epg=0
2026-09-24 08:13:04,981 | INFO | SOURCE 900/1280: https://iptv-org.github.io/iptv/subdivisions/ar-n.m3u -> records=4 epg=0
2026-09-24 08:13:04,981 | INFO | SOURCE 901/1280: https://iptv-org.github.io/iptv/subdivisions/ar-e.m3u -> records=3 epg=0
2026-09-24 08:13:04,982 | INFO | SOURCE 902/1280: https://iptv-org.github.io/iptv/subdivisions/ar-l.m3u -> records=1 epg=0
2026-09-24 08:13:04,982 | INFO | SOURCE 903/1280: https://iptv-org.github.io/iptv/languages/ron.m3u -> records=150 epg=0
2026-09-24 08:13:04,982 | INFO | SOURCE 904/1280: https://iptv-org.github.io/iptv/subdivisions/ar-v.m3u -> records=2 epg=0
2026-09-24 08:13:05,022 | INFO | SOURCE 905/1280: https://iptv-org.github.io/iptv/regions/nord.m3u -> records=593 epg=0
2026-09-24 08:13:05,035 | INFO | SOURCE 906/1280: https://iptv-org.github.io/iptv/regions/neu.m3u -> records=647 epg=0
2026-09-24 08:13:05,036 | INFO | SOURCE 907/1280: https://iptv-org.github.io/iptv/subdivisions/ar-t.m3u -> records=2 epg=0
2026-09-24 08:13:05,036 | INFO | SOURCE 908/1280: https://iptv-org.github.io/iptv/subdivisions/au-act.m3u -> records=1 epg=0
2026-09-24 08:13:05,036 | INFO | SOURCE 909/1280: https://iptv-org.github.io/iptv/subdivisions/ar-q.m3u -> records=3 epg=0
2026-09-24 08:13:05,056 | INFO | SOURCE 910/1280: https://iptv-org.github.io/iptv/subdivisions/ar-z.m3u -> records=1 epg=0
2026-09-24 08:13:05,083 | INFO | SOURCE 911/1280: https://iptv-org.github.io/iptv/regions/maghreb.m3u -> records=183 epg=0
2026-09-24 08:13:05,083 | INFO | SOURCE 912/1280: https://iptv-org.github.io/iptv/subdivisions/ar-s.m3u -> records=9 epg=0
2026-09-24 08:13:05,083 | INFO | SOURCE 913/1280: https://iptv-org.github.io/iptv/regions/sea.m3u -> records=539 epg=0
2026-09-24 08:13:05,083 | INFO | SOURCE 914/1280: https://iptv-org.github.io/iptv/languages/eng.m3u -> records=2927 epg=0
2026-09-24 08:13:05,084 | INFO | SOURCE 915/1280: https://iptv-org.github.io/iptv/subdivisions/au-sa.m3u -> records=2 epg=0
2026-09-24 08:13:05,084 | INFO | SOURCE 916/1280: https://iptv-org.github.io/iptv/subdivisions/at-2.m3u -> records=1 epg=0
2026-09-24 08:13:05,084 | INFO | SOURCE 917/1280: https://iptv-org.github.io/iptv/regions/was.m3u -> records=979 epg=0
2026-09-24 08:13:05,084 | INFO | SOURCE 918/1280: https://iptv-org.github.io/iptv/subdivisions/ar-x.m3u -> records=2 epg=0
2026-09-24 08:13:05,123 | INFO | SOURCE 919/1280: https://iptv-org.github.io/iptv/regions/asean.m3u -> records=539 epg=0
2026-09-24 08:13:05,123 | INFO | SOURCE 920/1280: https://iptv-org.github.io/iptv/subdivisions/be-van.m3u -> records=1 epg=0
2026-09-24 08:13:05,123 | INFO | SOURCE 921/1280: https://iptv-org.github.io/iptv/subdivisions/au-nt.m3u -> records=1 epg=0
2026-09-24 08:13:05,123 | INFO | SOURCE 922/1280: https://iptv-org.github.io/iptv/subdivisions/au-wa.m3u -> records=2 epg=0
2026-09-24 08:13:05,283 | INFO | SOURCE 923/1280: https://iptv-org.github.io/iptv/subdivisions/ar-u.m3u -> records=3 epg=0
2026-09-24 08:13:05,283 | INFO | SOURCE 924/1280: https://iptv-org.github.io/iptv/subdivisions/au-tas.m3u -> records=1 epg=0
2026-09-24 08:13:05,283 | INFO | SOURCE 925/1280: https://iptv-org.github.io/iptv/regions/eas.m3u -> records=400 epg=0
2026-09-24 08:13:05,283 | INFO | SOURCE 926/1280: https://iptv-org.github.io/iptv/regions/sas.m3u -> records=1033 epg=0
2026-09-24 08:13:05,283 | INFO | SOURCE 927/1280: https://iptv-org.github.io/iptv/subdivisions/bo-l.m3u -> records=5 epg=0
2026-09-24 08:13:05,283 | INFO | SOURCE 928/1280: https://iptv-org.github.io/iptv/regions/wer.m3u -> records=1219 epg=0
2026-09-24 08:13:05,298 | INFO | SOURCE 929/1280: https://iptv-org.github.io/iptv/subdivisions/br-am.m3u -> records=1 epg=0
2026-09-24 08:13:05,298 | INFO | SOURCE 930/1280: https://iptv-org.github.io/iptv/subdivisions/au-nsw.m3u -> records=11 epg=0
2026-09-24 08:13:05,321 | INFO | SOURCE 931/1280: https://iptv-org.github.io/iptv/subdivisions/ar-y.m3u -> records=3 epg=0
2026-09-24 08:13:05,322 | INFO | SOURCE 932/1280: https://iptv-org.github.io/iptv/subdivisions/br-df.m3u -> records=1 epg=0
2026-09-24 08:13:05,322 | INFO | SOURCE 933/1280: https://iptv-org.github.io/iptv/regions/saf.m3u -> records=128 epg=0
2026-09-24 08:13:05,322 | INFO | SOURCE 934/1280: https://iptv-org.github.io/iptv/regions/oce.m3u -> records=171 epg=0
2026-09-24 08:13:05,322 | INFO | SOURCE 935/1280: https://iptv-org.github.io/iptv/subdivisions/be-vlg.m3u -> records=1 epg=0
2026-09-24 08:13:05,322 | INFO | SOURCE 936/1280: https://iptv-org.github.io/iptv/subdivisions/bo-o.m3u -> records=1 epg=0
2026-09-24 08:13:05,322 | INFO | SOURCE 937/1280: https://iptv-org.github.io/iptv/subdivisions/au-vic.m3u -> records=1 epg=0
2026-09-24 08:13:05,322 | INFO | SOURCE 938/1280: https://iptv-org.github.io/iptv/regions/carib.m3u -> records=638 epg=0
2026-09-24 08:13:05,322 | INFO | SOURCE 939/1280: https://iptv-org.github.io/iptv/subdivisions/br-rn.m3u -> records=3 epg=0
2026-09-24 08:13:05,322 | INFO | SOURCE 940/1280: https://iptv-org.github.io/iptv/subdivisions/bo-c.m3u -> records=1 epg=0
2026-09-24 08:13:05,322 | INFO | SOURCE 941/1280: https://iptv-org.github.io/iptv/subdivisions/br-rj.m3u -> records=7 epg=0
2026-09-24 08:13:05,322 | INFO | SOURCE 942/1280: https://iptv-org.github.io/iptv/subdivisions/br-ce.m3u -> records=2 epg=0
2026-09-24 08:13:05,323 | INFO | SOURCE 943/1280: https://iptv-org.github.io/iptv/subdivisions/bo-s.m3u -> records=1 epg=0
2026-09-24 08:13:05,323 | INFO | SOURCE 944/1280: https://iptv-org.github.io/iptv/subdivisions/br-sc.m3u -> records=4 epg=0
2026-09-24 08:13:05,323 | INFO | SOURCE 945/1280: https://iptv-org.github.io/iptv/subdivisions/br-ba.m3u -> records=2 epg=0
2026-09-24 08:13:05,323 | INFO | SOURCE 946/1280: https://iptv-org.github.io/iptv/subdivisions/at-6.m3u -> records=1 epg=0
2026-09-24 08:13:05,323 | INFO | SOURCE 947/1280: https://iptv-org.github.io/iptv/subdivisions/ca-mb.m3u -> records=3 epg=0
2026-09-24 08:13:05,323 | INFO | SOURCE 948/1280: https://iptv-org.github.io/iptv/subdivisions/ca-nl.m3u -> records=2 epg=0
2026-09-24 08:13:05,323 | INFO | SOURCE 949/1280: https://iptv-org.github.io/iptv/regions/balkan.m3u -> records=817 epg=0
2026-09-24 08:13:05,323 | INFO | SOURCE 950/1280: https://iptv-org.github.io/iptv/regions/cas.m3u -> records=264 epg=0
2026-09-24 08:13:05,323 | INFO | SOURCE 951/1280: https://iptv-org.github.io/iptv/subdivisions/ca-on.m3u -> records=6 epg=0
2026-09-24 08:13:05,323 | INFO | SOURCE 952/1280: https://iptv-org.github.io/iptv/subdivisions/br-mt.m3u -> records=2 epg=0
2026-09-24 08:13:05,363 | INFO | SOURCE 953/1280: https://iptv-org.github.io/iptv/subdivisions/ca-ns.m3u -> records=1 epg=0
2026-09-24 08:13:05,363 | INFO | SOURCE 954/1280: https://iptv-org.github.io/iptv/regions/eaf.m3u -> records=242 epg=0
2026-09-24 08:13:05,363 | INFO | SOURCE 955/1280: https://iptv-org.github.io/iptv/subdivisions/br-pa.m3u -> records=1 epg=0
2026-09-24 08:13:05,364 | INFO | SOURCE 956/1280: https://iptv-org.github.io/iptv/subdivisions/cl-bi.m3u -> records=2 epg=0
2026-09-24 08:13:05,364 | INFO | SOURCE 957/1280: https://iptv-org.github.io/iptv/subdivisions/au-qld.m3u -> records=2 epg=0
2026-09-24 08:13:05,364 | INFO | SOURCE 958/1280: https://iptv-org.github.io/iptv/subdivisions/ca-pe.m3u -> records=1 epg=0
2026-09-24 08:13:05,364 | INFO | SOURCE 959/1280: https://iptv-org.github.io/iptv/subdivisions/ca-nu.m3u -> records=1 epg=0
2026-09-24 08:13:05,364 | INFO | SOURCE 960/1280: https://iptv-org.github.io/iptv/subdivisions/ca-nb.m3u -> records=3 epg=0
2026-09-24 08:13:05,364 | INFO | SOURCE 961/1280: https://iptv-org.github.io/iptv/subdivisions/br-ma.m3u -> records=1 epg=0
2026-09-24 08:13:05,364 | INFO | SOURCE 962/1280: https://iptv-org.github.io/iptv/subdivisions/cl-at.m3u -> records=1 epg=0
2026-09-24 08:13:05,398 | INFO | SOURCE 963/1280: https://iptv-org.github.io/iptv/subdivisions/br-pb.m3u -> records=2 epg=0
2026-09-24 08:13:05,399 | INFO | SOURCE 964/1280: https://iptv-org.github.io/iptv/subdivisions/br-mg.m3u -> records=6 epg=0
2026-09-24 08:13:05,399 | INFO | SOURCE 965/1280: https://iptv-org.github.io/iptv/subdivisions/ca-sk.m3u -> records=2 epg=0
2026-09-24 08:13:05,399 | INFO | SOURCE 966/1280: https://iptv-org.github.io/iptv/subdivisions/co-cal.m3u -> records=1 epg=0
2026-09-24 08:13:05,399 | INFO | SOURCE 967/1280: https://iptv-org.github.io/iptv/regions/mideast.m3u -> records=916 epg=0
2026-09-24 08:13:05,399 | INFO | SOURCE 968/1280: https://iptv-org.github.io/iptv/subdivisions/br-pr.m3u -> records=3 epg=0
2026-09-24 08:13:05,399 | INFO | SOURCE 969/1280: https://iptv-org.github.io/iptv/subdivisions/ca-nt.m3u -> records=1 epg=0
2026-09-24 08:13:05,399 | INFO | SOURCE 970/1280: https://iptv-org.github.io/iptv/subdivisions/co-cau.m3u -> records=1 epg=0
2026-09-24 08:13:05,450 | INFO | SOURCE 971/1280: https://iptv-org.github.io/iptv/subdivisions/br-es.m3u -> records=2 epg=0
2026-09-24 08:13:05,470 | INFO | SOURCE 972/1280: https://iptv-org.github.io/iptv/subdivisions/br-rs.m3u -> records=4 epg=0
2026-09-24 08:13:05,557 | INFO | SOURCE 973/1280: https://iptv-org.github.io/iptv/subdivisions/br-sp.m3u -> records=16 epg=0
2026-09-24 08:13:05,558 | INFO | SOURCE 974/1280: https://iptv-org.github.io/iptv/subdivisions/co-hui.m3u -> records=2 epg=0
2026-09-24 08:13:05,558 | INFO | SOURCE 975/1280: https://iptv-org.github.io/iptv/languages/spa.m3u -> records=2263 epg=0
2026-09-24 08:13:05,558 | INFO | SOURCE 976/1280: https://iptv-org.github.io/iptv/subdivisions/cl-ar.m3u -> records=1 epg=0
2026-09-24 08:13:05,644 | INFO | SOURCE 977/1280: https://iptv-org.github.io/iptv/subdivisions/co-cho.m3u -> records=1 epg=0
2026-09-24 08:13:05,653 | INFO | SOURCE 978/1280: https://iptv-org.github.io/iptv/subdivisions/br-to.m3u -> records=1 epg=0
2026-09-24 08:13:05,653 | INFO | SOURCE 979/1280: https://iptv-org.github.io/iptv/regions/arab.m3u -> records=464 epg=0
2026-09-24 08:13:05,653 | INFO | SOURCE 980/1280: https://iptv-org.github.io/iptv/subdivisions/de-hh.m3u -> records=1 epg=0
2026-09-24 08:13:05,653 | INFO | SOURCE 981/1280: https://iptv-org.github.io/iptv/regions/ser.m3u -> records=1127 epg=0
2026-09-24 08:13:05,653 | INFO | SOURCE 982/1280: https://iptv-org.github.io/iptv/subdivisions/cl-ma.m3u -> records=1 epg=0
2026-09-24 08:13:05,653 | INFO | SOURCE 983/1280: https://iptv-org.github.io/iptv/subdivisions/co-sap.m3u -> records=1 epg=0
2026-09-24 08:13:05,653 | INFO | SOURCE 984/1280: https://iptv-org.github.io/iptv/subdivisions/cl-vs.m3u -> records=1 epg=0
2026-09-24 08:13:05,653 | INFO | SOURCE 985/1280: https://iptv-org.github.io/iptv/regions/apac.m3u -> records=1853 epg=0
2026-09-24 08:13:05,653 | INFO | SOURCE 986/1280: https://iptv-org.github.io/iptv/subdivisions/co-tol.m3u -> records=1 epg=0
2026-09-24 08:13:05,653 | INFO | SOURCE 987/1280: https://iptv-org.github.io/iptv/subdivisions/ca-bc.m3u -> records=5 epg=0
2026-09-24 08:13:05,654 | INFO | SOURCE 988/1280: https://iptv-org.github.io/iptv/subdivisions/co-vac.m3u -> records=2 epg=0
2026-09-24 08:13:05,654 | INFO | SOURCE 989/1280: https://iptv-org.github.io/iptv/subdivisions/ca-ab.m3u -> records=4 epg=0
2026-09-24 08:13:05,654 | INFO | SOURCE 990/1280: https://iptv-org.github.io/iptv/subdivisions/de-mv.m3u -> records=1 epg=0
2026-09-24 08:13:05,654 | INFO | SOURCE 991/1280: https://iptv-org.github.io/iptv/regions/cis.m3u -> records=853 epg=0
2026-09-24 08:13:05,654 | INFO | SOURCE 992/1280: https://iptv-org.github.io/iptv/subdivisions/de-ni.m3u -> records=2 epg=0
2026-09-24 08:13:05,654 | INFO | SOURCE 993/1280: https://iptv-org.github.io/iptv/regions/mena.m3u -> records=945 epg=0
2026-09-24 08:13:05,654 | INFO | SOURCE 994/1280: https://iptv-org.github.io/iptv/subdivisions/do-08.m3u -> records=1 epg=0
2026-09-24 08:13:05,654 | INFO | SOURCE 995/1280: https://iptv-org.github.io/iptv/subdivisions/cl-li.m3u -> records=1 epg=0
2026-09-24 08:13:05,654 | INFO | SOURCE 996/1280: https://iptv-org.github.io/iptv/regions/gcc.m3u -> records=237 epg=0
2026-09-24 08:13:05,655 | INFO | SOURCE 997/1280: https://iptv-org.github.io/iptv/subdivisions/de-st.m3u -> records=1 epg=0
2026-09-24 08:13:05,655 | INFO | SOURCE 998/1280: https://iptv-org.github.io/iptv/subdivisions/de-sh.m3u -> records=1 epg=0
2026-09-24 08:13:05,655 | INFO | SOURCE 999/1280: https://iptv-org.github.io/iptv/regions/waf.m3u -> records=285 epg=0
2026-09-24 08:13:05,655 | INFO | SOURCE 1000/1280: https://iptv-org.github.io/iptv/subdivisions/de-sn.m3u -> records=1 epg=0
2026-09-24 08:13:05,655 | INFO | SOURCE 1001/1280: https://iptv-org.github.io/iptv/subdivisions/do-01.m3u -> records=2 epg=0
2026-09-24 08:13:05,656 | INFO | SOURCE 1002/1280: https://iptv-org.github.io/iptv/subdivisions/de-nw.m3u -> records=10 epg=0
2026-09-24 08:13:05,656 | INFO | SOURCE 1003/1280: https://iptv-org.github.io/iptv/subdivisions/do-28.m3u -> records=1 epg=0
2026-09-24 08:13:05,656 | INFO | SOURCE 1004/1280: https://iptv-org.github.io/iptv/subdivisions/cr-sj.m3u -> records=1 epg=0
2026-09-24 08:13:05,656 | INFO | SOURCE 1005/1280: https://iptv-org.github.io/iptv/subdivisions/do-37.m3u -> records=1 epg=0
2026-09-24 08:13:05,656 | INFO | SOURCE 1006/1280: https://iptv-org.github.io/iptv/subdivisions/do-40.m3u -> records=2 epg=0
2026-09-24 08:13:05,656 | INFO | SOURCE 1007/1280: https://iptv-org.github.io/iptv/subdivisions/de-th.m3u -> records=2 epg=0
2026-09-24 08:13:05,694 | INFO | SOURCE 1008/1280: https://iptv-org.github.io/iptv/subdivisions/ca-qc.m3u -> records=11 epg=0
2026-09-24 08:13:05,719 | INFO | SOURCE 1009/1280: https://iptv-org.github.io/iptv/regions/nam.m3u -> records=1771 epg=0
2026-09-24 08:13:05,719 | INFO | SOURCE 1010/1280: https://iptv-org.github.io/iptv/subdivisions/do-22.m3u -> records=1 epg=0
2026-09-24 08:13:05,720 | INFO | SOURCE 1011/1280: https://iptv-org.github.io/iptv/subdivisions/de-by.m3u -> records=2 epg=0
2026-09-24 08:13:05,720 | INFO | SOURCE 1012/1280: https://iptv-org.github.io/iptv/subdivisions/do-25.m3u -> records=1 epg=0
2026-09-24 08:13:05,720 | INFO | SOURCE 1013/1280: https://iptv-org.github.io/iptv/subdivisions/es-an.m3u -> records=35 epg=0
2026-09-24 08:13:05,751 | INFO | SOURCE 1014/1280: https://iptv-org.github.io/iptv/subdivisions/ec-l.m3u -> records=2 epg=0
2026-09-24 08:13:05,765 | INFO | SOURCE 1015/1280: https://iptv-org.github.io/iptv/subdivisions/es-bi.m3u -> records=4 epg=0
2026-09-24 08:13:05,805 | INFO | SOURCE 1016/1280: https://iptv-org.github.io/iptv/subdivisions/cr-p.m3u -> records=1 epg=0
2026-09-24 08:13:05,868 | INFO | SOURCE 1017/1280: https://iptv-org.github.io/iptv/subdivisions/cr-c.m3u -> records=1 epg=0
2026-09-24 08:13:05,965 | INFO | SOURCE 1018/1280: https://iptv-org.github.io/iptv/subdivisions/do-18.m3u -> records=1 epg=0
2026-09-24 08:13:05,965 | INFO | SOURCE 1019/1280: https://iptv-org.github.io/iptv/subdivisions/do-36.m3u -> records=4 epg=0
2026-09-24 08:13:05,965 | INFO | SOURCE 1020/1280: https://iptv-org.github.io/iptv/subdivisions/cl-ml.m3u -> records=1 epg=0
2026-09-24 08:13:05,965 | INFO | SOURCE 1021/1280: https://iptv-org.github.io/iptv/subdivisions/co-nar.m3u -> records=1 epg=0
2026-09-24 08:13:05,965 | INFO | SOURCE 1022/1280: https://iptv-org.github.io/iptv/subdivisions/do-11.m3u -> records=2 epg=0
2026-09-24 08:13:05,965 | INFO | SOURCE 1023/1280: https://iptv-org.github.io/iptv/subdivisions/do-35.m3u -> records=2 epg=0
2026-09-24 08:13:05,965 | INFO | SOURCE 1024/1280: https://iptv-org.github.io/iptv/subdivisions/es-ca.m3u -> records=1 epg=0
2026-09-24 08:13:05,966 | INFO | SOURCE 1025/1280: https://iptv-org.github.io/iptv/subdivisions/es-cm.m3u -> records=3 epg=0
2026-09-24 08:13:05,966 | INFO | SOURCE 1026/1280: https://iptv-org.github.io/iptv/subdivisions/de-bb.m3u -> records=1 epg=0
2026-09-24 08:13:05,966 | INFO | SOURCE 1027/1280: https://iptv-org.github.io/iptv/subdivisions/ec-d.m3u -> records=1 epg=0
2026-09-24 08:13:05,966 | INFO | SOURCE 1028/1280: https://iptv-org.github.io/iptv/subdivisions/ec-a.m3u -> records=1 epg=0
2026-09-24 08:13:05,966 | INFO | SOURCE 1029/1280: https://iptv-org.github.io/iptv/subdivisions/do-34.m3u -> records=1 epg=0
2026-09-24 08:13:05,966 | INFO | SOURCE 1030/1280: https://iptv-org.github.io/iptv/subdivisions/es-gi.m3u -> records=2 epg=0
2026-09-24 08:13:05,966 | INFO | SOURCE 1031/1280: https://iptv-org.github.io/iptv/subdivisions/es-pv.m3u -> records=6 epg=0
2026-09-24 08:13:05,966 | INFO | SOURCE 1032/1280: https://iptv-org.github.io/iptv/subdivisions/es-ct.m3u -> records=43 epg=0
2026-09-24 08:13:05,966 | INFO | SOURCE 1033/1280: https://iptv-org.github.io/iptv/regions/ceu.m3u -> records=1180 epg=0
2026-09-24 08:13:05,966 | INFO | SOURCE 1034/1280: https://iptv-org.github.io/iptv/subdivisions/es-co.m3u -> records=1 epg=0
2026-09-24 08:13:05,966 | INFO | SOURCE 1035/1280: https://iptv-org.github.io/iptv/regions/cee.m3u -> records=1719 epg=0
2026-09-24 08:13:06,025 | INFO | SOURCE 1036/1280: https://iptv-org.github.io/iptv/subdivisions/de-be.m3u -> records=1 epg=0
2026-09-24 08:13:06,025 | INFO | SOURCE 1037/1280: https://iptv-org.github.io/iptv/subdivisions/es-md.m3u -> records=2 epg=0
2026-09-24 08:13:06,025 | INFO | SOURCE 1038/1280: https://iptv-org.github.io/iptv/subdivisions/es-ma.m3u -> records=2 epg=0
2026-09-24 08:13:06,025 | INFO | SOURCE 1039/1280: https://iptv-org.github.io/iptv/subdivisions/es-ib.m3u -> records=1 epg=0
2026-09-24 08:13:06,025 | INFO | SOURCE 1040/1280: https://iptv-org.github.io/iptv/subdivisions/es-v.m3u -> records=2 epg=0
2026-09-24 08:13:06,025 | INFO | SOURCE 1041/1280: https://iptv-org.github.io/iptv/regions/southam.m3u -> records=1614 epg=0
2026-09-24 08:13:06,025 | INFO | SOURCE 1042/1280: https://iptv-org.github.io/iptv/subdivisions/es-hu.m3u -> records=1 epg=0
2026-09-24 08:13:06,026 | INFO | SOURCE 1043/1280: https://iptv-org.github.io/iptv/subdivisions/es-j.m3u -> records=1 epg=0
2026-09-24 08:13:06,026 | INFO | SOURCE 1044/1280: https://iptv-org.github.io/iptv/subdivisions/gt-07.m3u -> records=3 epg=0
2026-09-24 08:13:06,026 | INFO | SOURCE 1045/1280: https://iptv-org.github.io/iptv/subdivisions/do-27.m3u -> records=1 epg=0
2026-09-24 08:13:06,026 | INFO | SOURCE 1046/1280: https://iptv-org.github.io/iptv/subdivisions/es-to.m3u -> records=1 epg=0
2026-09-24 08:13:06,026 | INFO | SOURCE 1047/1280: https://iptv-org.github.io/iptv/subdivisions/gr-d.m3u -> records=5 epg=0
2026-09-24 08:13:06,026 | INFO | SOURCE 1048/1280: https://iptv-org.github.io/iptv/subdivisions/es-h.m3u -> records=1 epg=0
2026-09-24 08:13:06,026 | INFO | SOURCE 1049/1280: https://iptv-org.github.io/iptv/subdivisions/es-b.m3u -> records=5 epg=0
2026-09-24 08:13:06,026 | INFO | SOURCE 1050/1280: https://iptv-org.github.io/iptv/subdivisions/es-cn.m3u -> records=7 epg=0
2026-09-24 08:13:06,090 | INFO | SOURCE 1051/1280: https://iptv-org.github.io/iptv/subdivisions/do-42.m3u -> records=3 epg=0
2026-09-24 08:13:06,135 | INFO | SOURCE 1052/1280: https://iptv-org.github.io/iptv/subdivisions/do-13.m3u -> records=3 epg=0
2026-09-24 08:13:06,158 | INFO | SOURCE 1053/1280: https://iptv-org.github.io/iptv/subdivisions/gr-l.m3u -> records=1 epg=0
2026-09-24 08:13:06,158 | INFO | SOURCE 1054/1280: https://iptv-org.github.io/iptv/subdivisions/es-gr.m3u -> records=3 epg=0
2026-09-24 08:13:06,158 | INFO | SOURCE 1055/1280: https://iptv-org.github.io/iptv/subdivisions/es-na.m3u -> records=1 epg=0
2026-09-24 08:13:06,159 | INFO | SOURCE 1056/1280: https://iptv-org.github.io/iptv/subdivisions/es-ga.m3u -> records=2 epg=0
2026-09-24 08:13:06,159 | INFO | SOURCE 1057/1280: https://iptv-org.github.io/iptv/subdivisions/fi-12.m3u -> records=1 epg=0
2026-09-24 08:13:06,194 | INFO | SOURCE 1058/1280: https://iptv-org.github.io/iptv/subdivisions/es-t.m3u -> records=1 epg=0
2026-09-24 08:13:06,253 | INFO | SOURCE 1059/1280: https://iptv-org.github.io/iptv/subdivisions/id-jb.m3u -> records=15 epg=0
2026-09-24 08:13:06,272 | INFO | SOURCE 1060/1280: https://iptv-org.github.io/iptv/subdivisions/es-ar.m3u -> records=1 epg=0
2026-09-24 08:13:06,272 | INFO | SOURCE 1061/1280: https://iptv-org.github.io/iptv/subdivisions/es-tf.m3u -> records=1 epg=0
2026-09-24 08:13:06,272 | INFO | SOURCE 1062/1280: https://iptv-org.github.io/iptv/subdivisions/gt-06.m3u -> records=1 epg=0
2026-09-24 08:13:06,272 | INFO | SOURCE 1063/1280: https://iptv-org.github.io/iptv/subdivisions/gr-h.m3u -> records=1 epg=0
2026-09-24 08:13:06,335 | INFO | SOURCE 1064/1280: https://iptv-org.github.io/iptv/subdivisions/gb-wls.m3u -> records=2 epg=0
2026-09-24 08:13:06,335 | INFO | SOURCE 1065/1280: https://iptv-org.github.io/iptv/subdivisions/gt-08.m3u -> records=1 epg=0
2026-09-24 08:13:06,335 | INFO | SOURCE 1066/1280: https://iptv-org.github.io/iptv/subdivisions/es-l.m3u -> records=2 epg=0
2026-09-24 08:13:06,335 | INFO | SOURCE 1067/1280: https://iptv-org.github.io/iptv/subdivisions/fi-08.m3u -> records=1 epg=0
2026-09-24 08:13:06,335 | INFO | SOURCE 1068/1280: https://iptv-org.github.io/iptv/subdivisions/es-vc.m3u -> records=16 epg=0
2026-09-24 08:13:06,335 | INFO | SOURCE 1069/1280: https://iptv-org.github.io/iptv/subdivisions/es-ri.m3u -> records=1 epg=0
2026-09-24 08:13:06,336 | INFO | SOURCE 1070/1280: https://iptv-org.github.io/iptv/subdivisions/gr-i.m3u -> records=7 epg=0
2026-09-24 08:13:06,336 | INFO | SOURCE 1071/1280: https://iptv-org.github.io/iptv/subdivisions/es-mc.m3u -> records=2 epg=0
2026-09-24 08:13:06,336 | INFO | SOURCE 1072/1280: https://iptv-org.github.io/iptv/subdivisions/gr-c.m3u -> records=1 epg=0
2026-09-24 08:13:06,336 | INFO | SOURCE 1073/1280: https://iptv-org.github.io/iptv/regions/latam.m3u -> records=2370 epg=0
2026-09-24 08:13:06,336 | INFO | SOURCE 1074/1280: https://iptv-org.github.io/iptv/subdivisions/gr-g.m3u -> records=3 epg=0
2026-09-24 08:13:06,336 | INFO | SOURCE 1075/1280: https://iptv-org.github.io/iptv/subdivisions/es-nc.m3u -> records=1 epg=0
2026-09-24 08:13:06,336 | INFO | SOURCE 1076/1280: https://iptv-org.github.io/iptv/subdivisions/id-be.m3u -> records=1 epg=0
2026-09-24 08:13:06,336 | INFO | SOURCE 1077/1280: https://iptv-org.github.io/iptv/subdivisions/gt-14.m3u -> records=1 epg=0
2026-09-24 08:13:06,336 | INFO | SOURCE 1078/1280: https://iptv-org.github.io/iptv/subdivisions/id-go.m3u -> records=1 epg=0
2026-09-24 08:13:06,336 | INFO | SOURCE 1079/1280: https://iptv-org.github.io/iptv/subdivisions/gr-e.m3u -> records=2 epg=0
2026-09-24 08:13:06,336 | INFO | SOURCE 1080/1280: https://iptv-org.github.io/iptv/subdivisions/id-bb.m3u -> records=1 epg=0
2026-09-24 08:13:06,336 | INFO | SOURCE 1081/1280: https://iptv-org.github.io/iptv/subdivisions/gr-b.m3u -> records=8 epg=0
2026-09-24 08:13:06,362 | INFO | SOURCE 1082/1280: https://iptv-org.github.io/iptv/subdivisions/id-ml.m3u -> records=1 epg=0
2026-09-24 08:13:06,362 | INFO | SOURCE 1083/1280: https://iptv-org.github.io/iptv/subdivisions/id-ka.m3u -> records=10 epg=0
2026-09-24 08:13:06,362 | INFO | SOURCE 1084/1280: https://iptv-org.github.io/iptv/subdivisions/id-ji.m3u -> records=14 epg=0
2026-09-24 08:13:06,362 | INFO | SOURCE 1085/1280: https://iptv-org.github.io/iptv/subdivisions/gt-05.m3u -> records=2 epg=0
2026-09-24 08:13:06,362 | INFO | SOURCE 1086/1280: https://iptv-org.github.io/iptv/subdivisions/id-bt.m3u -> records=1 epg=0
2026-09-24 08:13:06,362 | INFO | SOURCE 1087/1280: https://iptv-org.github.io/iptv/subdivisions/id-nt.m3u -> records=3 epg=0
2026-09-24 08:13:06,362 | INFO | SOURCE 1088/1280: https://iptv-org.github.io/iptv/subdivisions/id-st.m3u -> records=1 epg=0
2026-09-24 08:13:06,363 | INFO | SOURCE 1089/1280: https://iptv-org.github.io/iptv/subdivisions/id-mu.m3u -> records=1 epg=0
2026-09-24 08:13:06,363 | INFO | SOURCE 1090/1280: https://iptv-org.github.io/iptv/subdivisions/id-ss.m3u -> records=2 epg=0
2026-09-24 08:13:06,363 | INFO | SOURCE 1091/1280: https://iptv-org.github.io/iptv/subdivisions/id-ja.m3u -> records=4 epg=0
2026-09-24 08:13:06,363 | INFO | SOURCE 1092/1280: https://iptv-org.github.io/iptv/subdivisions/id-kt.m3u -> records=1 epg=0
2026-09-24 08:13:06,363 | INFO | SOURCE 1093/1280: https://iptv-org.github.io/iptv/subdivisions/ge-ab.m3u -> records=1 epg=0
2026-09-24 08:13:06,368 | INFO | SOURCE 1094/1280: https://iptv-org.github.io/iptv/subdivisions/id-ba.m3u -> records=1 epg=0
2026-09-24 08:13:06,368 | INFO | SOURCE 1095/1280: https://iptv-org.github.io/iptv/subdivisions/id-jk.m3u -> records=8 epg=0
2026-09-24 08:13:06,368 | INFO | SOURCE 1096/1280: https://iptv-org.github.io/iptv/regions/eu.m3u -> records=2716 epg=0
2026-09-24 08:13:06,368 | INFO | SOURCE 1097/1280: https://iptv-org.github.io/iptv/subdivisions/in-dl.m3u -> records=1 epg=0
2026-09-24 08:13:06,368 | INFO | SOURCE 1098/1280: https://iptv-org.github.io/iptv/subdivisions/gt-12.m3u -> records=1 epg=0
2026-09-24 08:13:06,369 | INFO | SOURCE 1099/1280: https://iptv-org.github.io/iptv/subdivisions/id-kb.m3u -> records=2 epg=0
2026-09-24 08:13:06,369 | INFO | SOURCE 1100/1280: https://iptv-org.github.io/iptv/subdivisions/id-sa.m3u -> records=2 epg=0
2026-09-24 08:13:06,369 | INFO | SOURCE 1101/1280: https://iptv-org.github.io/iptv/subdivisions/in-mh.m3u -> records=1 epg=0
2026-09-24 08:13:06,369 | INFO | SOURCE 1102/1280: https://iptv-org.github.io/iptv/subdivisions/gr-f.m3u -> records=3 epg=0
2026-09-24 08:13:06,447 | INFO | SOURCE 1103/1280: https://iptv-org.github.io/iptv/subdivisions/id-sr.m3u -> records=1 epg=0
2026-09-24 08:13:06,553 | INFO | SOURCE 1104/1280: https://iptv-org.github.io/iptv/subdivisions/id-sn.m3u -> records=3 epg=0
2026-09-24 08:13:06,589 | INFO | SOURCE 1105/1280: https://iptv-org.github.io/iptv/subdivisions/id-ks.m3u -> records=3 epg=0
2026-09-24 08:13:06,589 | INFO | SOURCE 1106/1280: https://iptv-org.github.io/iptv/subdivisions/id-jt.m3u -> records=5 epg=0
2026-09-24 08:13:06,620 | INFO | SOURCE 1107/1280: https://iptv-org.github.io/iptv/subdivisions/id-ri.m3u -> records=3 epg=0
2026-09-24 08:13:06,667 | INFO | SOURCE 1108/1280: https://iptv-org.github.io/iptv/subdivisions/id-pp.m3u -> records=2 epg=0
2026-09-24 08:13:06,667 | INFO | SOURCE 1109/1280: https://iptv-org.github.io/iptv/subdivisions/kr-30.m3u -> records=1 epg=0
2026-09-24 08:13:06,667 | INFO | SOURCE 1110/1280: https://iptv-org.github.io/iptv/subdivisions/id-yo.m3u -> records=3 epg=0
2026-09-24 08:13:06,667 | INFO | SOURCE 1111/1280: https://iptv-org.github.io/iptv/subdivisions/id-sb.m3u -> records=2 epg=0
2026-09-24 08:13:06,774 | INFO | SOURCE 1112/1280: https://iptv-org.github.io/iptv/subdivisions/id-sl.m3u -> records=10 epg=0
2026-09-24 08:13:06,779 | INFO | SOURCE 1113/1280: https://iptv-org.github.io/iptv/subdivisions/kr-27.m3u -> records=2 epg=0
2026-09-24 08:13:06,795 | INFO | SOURCE 1114/1280: https://iptv-org.github.io/iptv/subdivisions/id-nu.m3u -> records=6 epg=0
2026-09-24 08:13:07,036 | INFO | SOURCE 1115/1280: https://iptv-org.github.io/iptv/subdivisions/it-32.m3u -> records=4 epg=0
2026-09-24 08:13:07,036 | INFO | SOURCE 1116/1280: https://iptv-org.github.io/iptv/subdivisions/in-kl.m3u -> records=2 epg=0
2026-09-24 08:13:07,036 | INFO | SOURCE 1117/1280: https://iptv-org.github.io/iptv/subdivisions/kr-26.m3u -> records=2 epg=0
2026-09-24 08:13:07,036 | INFO | SOURCE 1118/1280: https://iptv-org.github.io/iptv/subdivisions/id-ki.m3u -> records=4 epg=0
2026-09-24 08:13:07,037 | INFO | SOURCE 1119/1280: https://iptv-org.github.io/iptv/subdivisions/id-la.m3u -> records=4 epg=0
2026-09-24 08:13:07,037 | INFO | SOURCE 1120/1280: https://iptv-org.github.io/iptv/subdivisions/kr-43.m3u -> records=2 epg=0
2026-09-24 08:13:07,037 | INFO | SOURCE 1121/1280: https://iptv-org.github.io/iptv/subdivisions/id-pb.m3u -> records=1 epg=0
2026-09-24 08:13:07,037 | INFO | SOURCE 1122/1280: https://iptv-org.github.io/iptv/subdivisions/id-sg.m3u -> records=2 epg=0
2026-09-24 08:13:07,037 | INFO | SOURCE 1123/1280: https://iptv-org.github.io/iptv/subdivisions/mx-que.m3u -> records=1 epg=0
2026-09-24 08:13:07,037 | INFO | SOURCE 1124/1280: https://iptv-org.github.io/iptv/subdivisions/mx-chh.m3u -> records=2 epg=0
2026-09-24 08:13:07,037 | INFO | SOURCE 1125/1280: https://iptv-org.github.io/iptv/subdivisions/in-ka.m3u -> records=1 epg=0
2026-09-24 08:13:07,053 | INFO | SOURCE 1126/1280: https://iptv-org.github.io/iptv/subdivisions/in-tn.m3u -> records=14 epg=0
2026-09-24 08:13:07,058 | INFO | SOURCE 1127/1280: https://iptv-org.github.io/iptv/subdivisions/kr-31.m3u -> records=1 epg=0
2026-09-24 08:13:07,058 | INFO | SOURCE 1128/1280: https://iptv-org.github.io/iptv/subdivisions/id-ac.m3u -> records=2 epg=0
2026-09-24 08:13:07,058 | INFO | SOURCE 1129/1280: https://iptv-org.github.io/iptv/subdivisions/it-78.m3u -> records=1 epg=0
2026-09-24 08:13:07,058 | INFO | SOURCE 1130/1280: https://iptv-org.github.io/iptv/subdivisions/kr-41.m3u -> records=1 epg=0
2026-09-24 08:13:07,079 | INFO | SOURCE 1131/1280: https://iptv-org.github.io/iptv/subdivisions/kr-48.m3u -> records=1 epg=0
2026-09-24 08:13:07,079 | INFO | SOURCE 1132/1280: https://iptv-org.github.io/iptv/subdivisions/me-20.m3u -> records=1 epg=0
2026-09-24 08:13:07,079 | INFO | SOURCE 1133/1280: https://iptv-org.github.io/iptv/subdivisions/kr-49.m3u -> records=2 epg=0
2026-09-24 08:13:07,197 | INFO | SOURCE 1134/1280: https://iptv-org.github.io/iptv/subdivisions/kr-42.m3u -> records=3 epg=0
2026-09-24 08:13:07,312 | INFO | SOURCE 1135/1280: https://iptv-org.github.io/iptv/subdivisions/mx-coa.m3u -> records=1 epg=0
2026-09-24 08:13:07,372 | INFO | SOURCE 1136/1280: https://iptv-org.github.io/iptv/subdivisions/id-su.m3u -> records=1 epg=0
2026-09-24 08:13:07,372 | INFO | SOURCE 1137/1280: https://iptv-org.github.io/iptv/subdivisions/id-jw.m3u -> records=45 epg=0
2026-09-24 08:13:07,372 | INFO | SOURCE 1138/1280: https://iptv-org.github.io/iptv/subdivisions/ru-ad.m3u -> records=1 epg=0
2026-09-24 08:13:07,372 | INFO | SOURCE 1139/1280: https://iptv-org.github.io/iptv/subdivisions/mx-bcn.m3u -> records=1 epg=0
2026-09-24 08:13:07,372 | INFO | SOURCE 1140/1280: https://iptv-org.github.io/iptv/subdivisions/in-ap.m3u -> records=1 epg=0
2026-09-24 08:13:07,372 | INFO | SOURCE 1141/1280: https://iptv-org.github.io/iptv/subdivisions/kr-47.m3u -> records=1 epg=0
2026-09-24 08:13:07,372 | INFO | SOURCE 1142/1280: https://iptv-org.github.io/iptv/subdivisions/id-sm.m3u -> records=20 epg=0
2026-09-24 08:13:07,404 | INFO | SOURCE 1143/1280: https://iptv-org.github.io/iptv/subdivisions/mx-slp.m3u -> records=1 epg=0
2026-09-24 08:13:07,409 | INFO | SOURCE 1144/1280: https://iptv-org.github.io/iptv/subdivisions/pe-sam.m3u -> records=1 epg=0
2026-09-24 08:13:07,409 | INFO | SOURCE 1145/1280: https://iptv-org.github.io/iptv/subdivisions/pe-uca.m3u -> records=2 epg=0
2026-09-24 08:13:07,409 | INFO | SOURCE 1146/1280: https://iptv-org.github.io/iptv/subdivisions/pe-lim.m3u -> records=6 epg=0
2026-09-24 08:13:07,435 | INFO | SOURCE 1147/1280: https://iptv-org.github.io/iptv/subdivisions/id-nb.m3u -> records=2 epg=0
2026-09-24 08:13:07,435 | INFO | SOURCE 1148/1280: https://iptv-org.github.io/iptv/subdivisions/kr-45.m3u -> records=2 epg=0
2026-09-24 08:13:07,435 | INFO | SOURCE 1149/1280: https://iptv-org.github.io/iptv/subdivisions/pe-ama.m3u -> records=1 epg=0
2026-09-24 08:13:07,435 | INFO | SOURCE 1150/1280: https://iptv-org.github.io/iptv/subdivisions/ru-in.m3u -> records=2 epg=0
2026-09-24 08:13:07,451 | INFO | SOURCE 1151/1280: https://iptv-org.github.io/iptv/subdivisions/mx-roo.m3u -> records=2 epg=0
2026-09-24 08:13:07,472 | INFO | SOURCE 1152/1280: https://iptv-org.github.io/iptv/subdivisions/mx-pue.m3u -> records=1 epg=0
2026-09-24 08:13:07,472 | INFO | SOURCE 1153/1280: https://iptv-org.github.io/iptv/subdivisions/pe-aya.m3u -> records=1 epg=0
2026-09-24 08:13:07,488 | INFO | SOURCE 1154/1280: https://iptv-org.github.io/iptv/subdivisions/mx-agu.m3u -> records=1 epg=0
2026-09-24 08:13:07,493 | INFO | SOURCE 1155/1280: https://iptv-org.github.io/iptv/subdivisions/ru-bel.m3u -> records=2 epg=0
2026-09-24 08:13:07,493 | INFO | SOURCE 1156/1280: https://iptv-org.github.io/iptv/subdivisions/mx-nle.m3u -> records=1 epg=0
2026-09-24 08:13:07,493 | INFO | SOURCE 1157/1280: https://iptv-org.github.io/iptv/subdivisions/ru-kgn.m3u -> records=2 epg=0
2026-09-24 08:13:07,493 | INFO | SOURCE 1158/1280: https://iptv-org.github.io/iptv/subdivisions/ru-mo.m3u -> records=1 epg=0
2026-09-24 08:13:07,529 | INFO | SOURCE 1159/1280: https://iptv-org.github.io/iptv/subdivisions/pk-is.m3u -> records=1 epg=0
2026-09-24 08:13:07,557 | INFO | SOURCE 1160/1280: https://iptv-org.github.io/iptv/subdivisions/ru-kb.m3u -> records=1 epg=0
2026-09-24 08:13:07,563 | INFO | SOURCE 1161/1280: https://iptv-org.github.io/iptv/subdivisions/ru-kc.m3u -> records=2 epg=0
2026-09-24 08:13:07,563 | INFO | SOURCE 1162/1280: https://iptv-org.github.io/iptv/subdivisions/ru-irk.m3u -> records=1 epg=0
2026-09-24 08:13:07,563 | INFO | SOURCE 1163/1280: https://iptv-org.github.io/iptv/subdivisions/ru-mos.m3u -> records=2 epg=0
2026-09-24 08:13:07,563 | INFO | SOURCE 1164/1280: https://iptv-org.github.io/iptv/subdivisions/ru-ark.m3u -> records=1 epg=0
2026-09-24 08:13:07,563 | INFO | SOURCE 1165/1280: https://iptv-org.github.io/iptv/subdivisions/ru-che.m3u -> records=2 epg=0
2026-09-24 08:13:07,563 | INFO | SOURCE 1166/1280: https://iptv-org.github.io/iptv/regions/lac.m3u -> records=2419 epg=0
2026-09-24 08:13:07,563 | INFO | SOURCE 1167/1280: https://iptv-org.github.io/iptv/subdivisions/pe-jun.m3u -> records=8 epg=0
2026-09-24 08:13:07,563 | INFO | SOURCE 1168/1280: https://iptv-org.github.io/iptv/subdivisions/mx-yuc.m3u -> records=1 epg=0
2026-09-24 08:13:07,563 | INFO | SOURCE 1169/1280: https://iptv-org.github.io/iptv/subdivisions/py-19.m3u -> records=1 epg=0
2026-09-24 08:13:07,564 | INFO | SOURCE 1170/1280: https://iptv-org.github.io/iptv/subdivisions/pe-apu.m3u -> records=3 epg=0
2026-09-24 08:13:07,564 | INFO | SOURCE 1171/1280: https://iptv-org.github.io/iptv/subdivisions/ru-ore.m3u -> records=2 epg=0
2026-09-24 08:13:07,564 | INFO | SOURCE 1172/1280: https://iptv-org.github.io/iptv/subdivisions/kr-46.m3u -> records=4 epg=0
2026-09-24 08:13:07,640 | INFO | SOURCE 1173/1280: https://iptv-org.github.io/iptv/subdivisions/ru-ngr.m3u -> records=1 epg=0
2026-09-24 08:13:07,646 | INFO | SOURCE 1174/1280: https://iptv-org.github.io/iptv/subdivisions/ru-alt.m3u -> records=2 epg=0
2026-09-24 08:13:07,646 | INFO | SOURCE 1175/1280: https://iptv-org.github.io/iptv/subdivisions/pe-lor.m3u -> records=2 epg=0
2026-09-24 08:13:07,646 | INFO | SOURCE 1176/1280: https://iptv-org.github.io/iptv/subdivisions/py-5.m3u -> records=1 epg=0
2026-09-24 08:13:07,646 | INFO | SOURCE 1177/1280: https://iptv-org.github.io/iptv/subdivisions/ru-kda.m3u -> records=5 epg=0
2026-09-24 08:13:07,651 | INFO | SOURCE 1178/1280: https://iptv-org.github.io/iptv/subdivisions/ru-ba.m3u -> records=7 epg=0
2026-09-24 08:13:07,651 | INFO | SOURCE 1179/1280: https://iptv-org.github.io/iptv/subdivisions/ru-niz.m3u -> records=3 epg=0
2026-09-24 08:13:07,651 | INFO | SOURCE 1180/1280: https://iptv-org.github.io/iptv/subdivisions/ru-kem.m3u -> records=2 epg=0
2026-09-24 08:13:07,651 | INFO | SOURCE 1181/1280: https://iptv-org.github.io/iptv/subdivisions/ro-gj.m3u -> records=1 epg=0
2026-09-24 08:13:07,652 | INFO | SOURCE 1182/1280: https://iptv-org.github.io/iptv/subdivisions/ru-khm.m3u -> records=6 epg=0
2026-09-24 08:13:07,652 | INFO | SOURCE 1183/1280: https://iptv-org.github.io/iptv/subdivisions/mx-dur.m3u -> records=1 epg=0
2026-09-24 08:13:07,652 | INFO | SOURCE 1184/1280: https://iptv-org.github.io/iptv/subdivisions/ru-per.m3u -> records=2 epg=0
2026-09-24 08:13:07,652 | INFO | SOURCE 1185/1280: https://iptv-org.github.io/iptv/subdivisions/ru-nvs.m3u -> records=3 epg=0
2026-09-24 08:13:07,652 | INFO | SOURCE 1186/1280: https://iptv-org.github.io/iptv/subdivisions/ru-sve.m3u -> records=3 epg=0
2026-09-24 08:13:07,652 | INFO | SOURCE 1187/1280: https://iptv-org.github.io/iptv/subdivisions/ru-ast.m3u -> records=4 epg=0
2026-09-24 08:13:07,657 | INFO | SOURCE 1188/1280: https://iptv-org.github.io/iptv/subdivisions/ru-len.m3u -> records=1 epg=0
2026-09-24 08:13:07,657 | INFO | SOURCE 1189/1280: https://iptv-org.github.io/iptv/subdivisions/ru-oms.m3u -> records=1 epg=0
2026-09-24 08:13:07,657 | INFO | SOURCE 1190/1280: https://iptv-org.github.io/iptv/subdivisions/ua-23.m3u -> records=1 epg=0
2026-09-24 08:13:07,657 | INFO | SOURCE 1191/1280: https://iptv-org.github.io/iptv/subdivisions/ru-kk.m3u -> records=2 epg=0
2026-09-24 08:13:07,673 | INFO | SOURCE 1192/1280: https://iptv-org.github.io/iptv/subdivisions/ru-ros.m3u -> records=1 epg=0
2026-09-24 08:13:07,689 | INFO | SOURCE 1193/1280: https://iptv-org.github.io/iptv/subdivisions/ru-mow.m3u -> records=2 epg=0
2026-09-24 08:13:07,689 | INFO | SOURCE 1194/1280: https://iptv-org.github.io/iptv/subdivisions/ru-da.m3u -> records=2 epg=0
2026-09-24 08:13:07,689 | INFO | SOURCE 1195/1280: https://iptv-org.github.io/iptv/subdivisions/py-7.m3u -> records=1 epg=0
2026-09-24 08:13:07,689 | INFO | SOURCE 1196/1280: https://iptv-org.github.io/iptv/subdivisions/ru-se.m3u -> records=2 epg=0
2026-09-24 08:13:07,690 | INFO | SOURCE 1197/1280: https://iptv-org.github.io/iptv/subdivisions/ru-kgd.m3u -> records=1 epg=0
2026-09-24 08:13:07,690 | INFO | SOURCE 1198/1280: https://iptv-org.github.io/iptv/subdivisions/pe-are.m3u -> records=2 epg=0
2026-09-24 08:13:07,744 | INFO | SOURCE 1199/1280: https://iptv-org.github.io/iptv/subdivisions/ru-ce.m3u -> records=3 epg=0
2026-09-24 08:13:07,749 | INFO | SOURCE 1200/1280: https://iptv-org.github.io/iptv/subdivisions/ru-yev.m3u -> records=2 epg=0
2026-09-24 08:13:07,749 | INFO | SOURCE 1201/1280: https://iptv-org.github.io/iptv/subdivisions/ru-sa.m3u -> records=2 epg=0
2026-09-24 08:13:07,749 | INFO | SOURCE 1202/1280: https://iptv-org.github.io/iptv/subdivisions/ru-kya.m3u -> records=8 epg=0
2026-09-24 08:13:07,749 | INFO | SOURCE 1203/1280: https://iptv-org.github.io/iptv/subdivisions/ru-al.m3u -> records=1 epg=0
2026-09-24 08:13:07,749 | INFO | SOURCE 1204/1280: https://iptv-org.github.io/iptv/subdivisions/ru-ta.m3u -> records=3 epg=0
2026-09-24 08:13:07,749 | INFO | SOURCE 1205/1280: https://iptv-org.github.io/iptv/subdivisions/ru-kha.m3u -> records=1 epg=0
2026-09-24 08:13:07,749 | INFO | SOURCE 1206/1280: https://iptv-org.github.io/iptv/subdivisions/ru-spe.m3u -> records=1 epg=0
2026-09-24 08:13:07,749 | INFO | SOURCE 1207/1280: https://iptv-org.github.io/iptv/subdivisions/us-az.m3u -> records=11 epg=0
2026-09-24 08:13:07,750 | INFO | SOURCE 1208/1280: https://iptv-org.github.io/iptv/subdivisions/ru-sam.m3u -> records=3 epg=0
2026-09-24 08:13:07,750 | INFO | SOURCE 1209/1280: https://iptv-org.github.io/iptv/subdivisions/ru-klu.m3u -> records=1 epg=0
2026-09-24 08:13:07,750 | INFO | SOURCE 1210/1280: https://iptv-org.github.io/iptv/subdivisions/ru-pri.m3u -> records=3 epg=0
2026-09-24 08:13:07,750 | INFO | SOURCE 1211/1280: https://iptv-org.github.io/iptv/subdivisions/us-mn.m3u -> records=7 epg=0
2026-09-24 08:13:07,750 | INFO | SOURCE 1212/1280: https://iptv-org.github.io/iptv/regions/hispam.m3u -> records=1947 epg=0
2026-09-24 08:13:07,750 | INFO | SOURCE 1213/1280: https://iptv-org.github.io/iptv/subdivisions/ru-yan.m3u -> records=2 epg=0
2026-09-24 08:13:07,750 | INFO | SOURCE 1214/1280: https://iptv-org.github.io/iptv/subdivisions/ua-65.m3u -> records=1 epg=0
2026-09-24 08:13:07,750 | INFO | SOURCE 1215/1280: https://iptv-org.github.io/iptv/subdivisions/us-al.m3u -> records=1 epg=0
2026-09-24 08:13:07,750 | INFO | SOURCE 1216/1280: https://iptv-org.github.io/iptv/subdivisions/ru-nen.m3u -> records=1 epg=0
2026-09-24 08:13:07,750 | INFO | SOURCE 1217/1280: https://iptv-org.github.io/iptv/subdivisions/ru-tyu.m3u -> records=2 epg=0
2026-09-24 08:13:07,750 | INFO | SOURCE 1218/1280: https://iptv-org.github.io/iptv/subdivisions/us-ms.m3u -> records=2 epg=0
2026-09-24 08:13:07,750 | INFO | SOURCE 1219/1280: https://iptv-org.github.io/iptv/subdivisions/us-il.m3u -> records=12 epg=0
2026-09-24 08:13:07,761 | INFO | SOURCE 1220/1280: https://iptv-org.github.io/iptv/subdivisions/ru-ty.m3u -> records=2 epg=0
2026-09-24 08:13:07,761 | INFO | SOURCE 1221/1280: https://iptv-org.github.io/iptv/subdivisions/ru-rya.m3u -> records=1 epg=0
2026-09-24 08:13:07,782 | INFO | SOURCE 1222/1280: https://iptv-org.github.io/iptv/subdivisions/us-hi.m3u -> records=6 epg=0
2026-09-24 08:13:07,782 | INFO | SOURCE 1223/1280: https://iptv-org.github.io/iptv/subdivisions/ru-sta.m3u -> records=2 epg=0
2026-09-24 08:13:07,782 | INFO | SOURCE 1224/1280: https://iptv-org.github.io/iptv/subdivisions/ru-yar.m3u -> records=1 epg=0
2026-09-24 08:13:07,782 | INFO | SOURCE 1225/1280: https://iptv-org.github.io/iptv/subdivisions/us-in.m3u -> records=1 epg=0
2026-09-24 08:13:07,782 | INFO | SOURCE 1226/1280: https://iptv-org.github.io/iptv/subdivisions/us-ak.m3u -> records=2 epg=0
2026-09-24 08:13:07,782 | INFO | SOURCE 1227/1280: https://iptv-org.github.io/iptv/subdivisions/us-la.m3u -> records=4 epg=0
2026-09-24 08:13:07,782 | INFO | SOURCE 1228/1280: https://iptv-org.github.io/iptv/subdivisions/us-nc.m3u -> records=5 epg=0
2026-09-24 08:13:07,782 | INFO | SOURCE 1229/1280: https://iptv-org.github.io/iptv/subdivisions/us-ne.m3u -> records=2 epg=0
2026-09-24 08:13:07,843 | INFO | SOURCE 1230/1280: https://iptv-org.github.io/iptv/subdivisions/ua-14.m3u -> records=4 epg=0
2026-09-24 08:13:07,864 | INFO | SOURCE 1231/1280: https://iptv-org.github.io/iptv/subdivisions/us-ia.m3u -> records=1 epg=0
2026-09-24 08:13:07,864 | INFO | SOURCE 1232/1280: https://iptv-org.github.io/iptv/regions/noram.m3u -> records=2729 epg=0
2026-09-24 08:13:07,874 | INFO | SOURCE 1233/1280: https://iptv-org.github.io/iptv/subdivisions/us-ga.m3u -> records=12 epg=0
2026-09-24 08:13:07,874 | INFO | SOURCE 1234/1280: https://iptv-org.github.io/iptv/subdivisions/ru-tom.m3u -> records=1 epg=0
2026-09-24 08:13:07,874 | INFO | SOURCE 1235/1280: https://iptv-org.github.io/iptv/subdivisions/us-de.m3u -> records=3 epg=0
2026-09-24 08:13:07,875 | INFO | SOURCE 1236/1280: https://iptv-org.github.io/iptv/subdivisions/us-oh.m3u -> records=7 epg=0
2026-09-24 08:13:07,875 | INFO | SOURCE 1237/1280: https://iptv-org.github.io/iptv/subdivisions/us-ct.m3u -> records=14 epg=0
2026-09-24 08:13:07,875 | INFO | SOURCE 1238/1280: https://iptv-org.github.io/iptv/subdivisions/us-ks.m3u -> records=2 epg=0
2026-09-24 08:13:07,890 | INFO | SOURCE 1239/1280: https://iptv-org.github.io/iptv/subdivisions/us-fl.m3u -> records=41 epg=0
2026-09-24 08:13:07,896 | INFO | SOURCE 1240/1280: https://iptv-org.github.io/iptv/subdivisions/us-ar.m3u -> records=3 epg=0
2026-09-24 08:13:07,896 | INFO | SOURCE 1241/1280: https://iptv-org.github.io/iptv/subdivisions/us-dc.m3u -> records=5 epg=0
2026-09-24 08:13:07,896 | INFO | SOURCE 1242/1280: https://iptv-org.github.io/iptv/subdivisions/us-ok.m3u -> records=3 epg=0
2026-09-24 08:13:07,896 | INFO | SOURCE 1243/1280: https://iptv-org.github.io/iptv/subdivisions/us-md.m3u -> records=7 epg=0
2026-09-24 08:13:07,896 | INFO | SOURCE 1244/1280: https://iptv-org.github.io/iptv/subdivisions/us-co.m3u -> records=13 epg=0
2026-09-24 08:13:07,896 | INFO | SOURCE 1245/1280: https://iptv-org.github.io/iptv/subdivisions/us-ma.m3u -> records=20 epg=0
2026-09-24 08:13:07,896 | INFO | SOURCE 1246/1280: https://iptv-org.github.io/iptv/subdivisions/us-or.m3u -> records=4 epg=0
2026-09-24 08:13:07,896 | INFO | SOURCE 1247/1280: https://iptv-org.github.io/iptv/subdivisions/us-va.m3u -> records=1 epg=0
2026-09-24 08:13:07,896 | INFO | SOURCE 1248/1280: https://iptv-org.github.io/iptv/regions/asia.m3u -> records=3248 epg=0
2026-09-24 08:13:07,902 | INFO | SOURCE 1249/1280: https://iptv-org.github.io/iptv/subdivisions/us-mo.m3u -> records=4 epg=0
2026-09-24 08:13:07,902 | INFO | SOURCE 1250/1280: https://iptv-org.github.io/iptv/subdivisions/us-mi.m3u -> records=13 epg=0
2026-09-24 08:13:07,902 | INFO | SOURCE 1251/1280: https://iptv-org.github.io/iptv/subdivisions/us-tn.m3u -> records=3 epg=0
2026-09-24 08:13:07,902 | INFO | SOURCE 1252/1280: https://iptv-org.github.io/iptv/subdivisions/us-ri.m3u -> records=1 epg=0
2026-09-24 08:13:07,903 | INFO | SOURCE 1253/1280: https://iptv-org.github.io/iptv/subdivisions/us-ky.m3u -> records=4 epg=0
2026-09-24 08:13:07,903 | INFO | SOURCE 1254/1280: https://iptv-org.github.io/iptv/subdivisions/us-pa.m3u -> records=11 epg=0
2026-09-24 08:13:07,954 | INFO | SOURCE 1255/1280: https://iptv-org.github.io/iptv/subdivisions/us-nv.m3u -> records=9 epg=0
2026-09-24 08:13:07,959 | INFO | SOURCE 1256/1280: https://iptv-org.github.io/iptv/subdivisions/us-wi.m3u -> records=4 epg=0
2026-09-24 08:13:07,965 | INFO | SOURCE 1257/1280: https://iptv-org.github.io/iptv/subdivisions/us-nj.m3u -> records=8 epg=0
2026-09-24 08:13:08,001 | INFO | SOURCE 1258/1280: https://iptv-org.github.io/iptv/subdivisions/us-vt.m3u -> records=4 epg=0
2026-09-24 08:13:08,001 | INFO | SOURCE 1259/1280: https://iptv-org.github.io/iptv/subdivisions/us-wa.m3u -> records=2 epg=0
2026-09-24 08:13:08,001 | INFO | SOURCE 1260/1280: https://iptv-org.github.io/iptv/subdivisions/us-sc.m3u -> records=4 epg=0
2026-09-24 08:13:08,001 | INFO | SOURCE 1261/1280: https://iptv-org.github.io/iptv/subdivisions/ua-43.m3u -> records=7 epg=0
2026-09-24 08:13:08,001 | INFO | SOURCE 1262/1280: https://iptv-org.github.io/iptv/subdivisions/us-nm.m3u -> records=1 epg=0
2026-09-24 08:13:08,001 | INFO | SOURCE 1263/1280: https://iptv-org.github.io/iptv/subdivisions/us-tx.m3u -> records=27 epg=0
2026-09-24 08:13:08,102 | INFO | SOURCE 1264/1280: https://iptv-org.github.io/iptv/subdivisions/ve-d.m3u -> records=2 epg=0
2026-09-24 08:13:08,107 | INFO | SOURCE 1265/1280: https://iptv-org.github.io/iptv/subdivisions/us-wy.m3u -> records=3 epg=0
2026-09-24 08:13:08,107 | INFO | SOURCE 1266/1280: https://iptv-org.github.io/iptv/subdivisions/ve-k.m3u -> records=4 epg=0
2026-09-24 08:13:08,112 | INFO | SOURCE 1267/1280: https://iptv-org.github.io/iptv/subdivisions/us-ca.m3u -> records=103 epg=0
2026-09-24 08:13:08,112 | INFO | SOURCE 1268/1280: https://iptv-org.github.io/iptv/subdivisions/ru-vgg.m3u -> records=2 epg=0
2026-09-24 08:13:08,118 | INFO | SOURCE 1269/1280: https://iptv-org.github.io/iptv/subdivisions/us-ny.m3u -> records=15 epg=0
2026-09-24 08:13:08,118 | INFO | SOURCE 1270/1280: https://iptv-org.github.io/iptv/subdivisions/us-nh.m3u -> records=10 epg=0
2026-09-24 08:13:08,118 | INFO | SOURCE 1271/1280: https://iptv-org.github.io/iptv/subdivisions/us-ut.m3u -> records=1 epg=0
2026-09-24 08:13:08,118 | INFO | SOURCE 1272/1280: https://iptv-org.github.io/iptv/subdivisions/us-nd.m3u -> records=2 epg=0
2026-09-24 08:13:08,118 | INFO | SOURCE 1273/1280: https://iptv-org.github.io/iptv/regions/eur.m3u -> records=4241 epg=0
2026-09-24 08:13:08,118 | INFO | SOURCE 1274/1280: https://iptv-org.github.io/iptv/regions/emea.m3u -> records=5055 epg=0
2026-09-24 08:13:08,118 | INFO | SOURCE 1275/1280: https://iptv-org.github.io/iptv/regions/amer.m3u -> records=4079 epg=0
2026-09-24 08:13:09,327 | INFO | SOURCE 1276/1280: https://iptv-org.github.io/iptv/index.language.m3u -> records=12243 epg=0
2026-09-24 08:13:09,476 | INFO | SOURCE 1277/1280: https://iptv-org.github.io/iptv/index.category.m3u -> records=11548 epg=0
2026-09-24 08:13:09,904 | INFO | SOURCE 1278/1280: https://iptv-org.github.io/iptv/index.country.m3u -> records=12206 epg=0
2026-09-24 08:13:10,182 | INFO | SOURCE 1279/1280: https://iptv-org.github.io/iptv/regions/ww.m3u -> records=10873 epg=0
2026-09-24 08:13:10,330 | INFO | SOURCE 1280/1280: https://iptv-org.github.io/iptv/regions/un.m3u -> records=10593 epg=0
2026-09-24 08:40:44,355 | INFO | CHANNELS AFTER MERGE: 12570
2026-09-24 08:40:44,355 | INFO | EPG FETCH: https://epg.one/epg2.xml.gz
2026-09-24 08:40:51,309 | INFO | EPG FETCH: https://www.teleguide.info/download/new3/xmltv.xml.gz
2026-09-24 08:41:09,887 | WARNING | EPG failed https://www.teleguide.info/download/new3/xmltv.xml.gz: The read operation timed out
2026-09-24 08:41:09,887 | INFO | EPG FETCH: https://epgshare01.online/epgshare01/epg_ripper_AL1.xml.gz
2026-09-24 08:41:10,038 | INFO | EPG FETCH: https://epgshare01.online/epgshare01/epg_ripper_ALJAZEERA1.xml.gz
2026-09-24 08:41:10,064 | INFO | EPG FETCH: https://epgshare01.online/epgshare01/epg_ripper_ALL_SOURCES1.xml.gz
2026-09-24 08:41:10,599 | WARNING | EPG failed https://epgshare01.online/epgshare01/epg_ripper_ALL_SOURCES1.xml.gz: response exceeds 157286400 bytes: https://epgshare01.online/epgshare01/epg_ripper_ALL_SOURCES1.xml.gz
2026-09-24 08:41:10,599 | INFO | EPG FETCH: https://epgshare01.online/epgshare01/epg_ripper_AR1.xml.gz
2026-09-24 08:41:10,779 | INFO | EPG FETCH: https://epgshare01.online/epgshare01/epg_ripper_ASIANTELEVISION1.xml.gz
2026-09-24 08:41:10,865 | INFO | EPG FETCH: https://epgshare01.online/epgshare01/epg_ripper_AT1.xml.gz
2026-09-24 08:41:11,395 | INFO | EPG FETCH: https://epgshare01.online/epgshare01/epg_ripper_AU1.xml.gz
2026-09-24 08:41:12,512 | INFO | EPG FETCH: https://epgshare01.online/epgshare01/epg_ripper_BA1.xml.gz
2026-09-24 08:41:12,940 | INFO | EPG FETCH: https://epgshare01.online/epgshare01/epg_ripper_BE2.xml.gz
2026-09-24 08:41:14,762 | INFO | EPG FETCH: https://epgshare01.online/epgshare01/epg_ripper_BEIN1.xml.gz
2026-09-24 08:41:14,847 | INFO | EPG FETCH: https://epgshare01.online/epgshare01/epg_ripper_BG1.xml.gz
2026-09-24 08:41:14,975 | INFO | EPG FETCH: https://epgshare01.online/epgshare01/epg_ripper_BR1.xml.gz
2026-09-24 08:41:15,408 | INFO | EPG FETCH: https://epgshare01.online/epgshare01/epg_ripper_CA1.xml.gz
2026-09-24 08:41:15,467 | WARNING | EPG failed https://epgshare01.online/epgshare01/epg_ripper_CA1.xml.gz: HTTP Error 404: Not Found
2026-09-24 08:41:15,468 | INFO | EPG FETCH: https://epgshare01.online/epgshare01/epg_ripper_CH1.xml.gz
2026-09-24 08:41:17,008 | INFO | EPG FETCH: https://epgshare01.online/epgshare01/epg_ripper_CL1.xml.gz
2026-09-24 08:41:17,097 | INFO | EPG FETCH: https://epgshare01.online/epgshare01/epg_ripper_CO1.xml.gz
2026-09-24 08:41:17,343 | INFO | EPG FETCH: https://epgshare01.online/epgshare01/epg_ripper_CR1.xml.gz
2026-09-24 08:41:17,528 | INFO | EPG FETCH: https://epgshare01.online/epgshare01/epg_ripper_CY1.xml.gz
2026-09-24 08:41:17,697 | INFO | EPG FETCH: https://epgshare01.online/epgshare01/epg_ripper_CZ1.xml.gz
2026-09-24 08:41:18,642 | INFO | EPG FETCH: https://epgshare01.online/epgshare01/epg_ripper_DE1.xml.gz
2026-09-24 08:41:19,270 | INFO | EPG FETCH: https://epgshare01.online/epgshare01/epg_ripper_DELUXEMUSIC1.xml.gz
2026-09-24 08:41:19,295 | INFO | EPG FETCH: https://epgshare01.online/epgshare01/epg_ripper_DIRECTVSPORTS1.xml.gz
2026-09-24 08:41:19,356 | INFO | EPG FETCH: https://epgshare01.online/epgshare01/epg_ripper_DISTROTV1.xml.gz
2026-09-24 08:41:19,389 | INFO | EPG FETCH: https://epgshare01.online/epgshare01/epg_ripper_DK1.xml.gz
2026-09-24 08:41:19,672 | INFO | EPG FETCH: https://epgshare01.online/epgshare01/epg_ripper_DO1.xml.gz
2026-09-24 08:41:19,837 | INFO | EPG FETCH: https://epgshare01.online/epgshare01/epg_ripper_DRAFTKINGS1.xml.gz
2026-09-24 08:41:19,900 | INFO | EPG FETCH: https://epgshare01.online/epgshare01/epg_ripper_DUMMY_CHANNELS.xml.gz
2026-09-24 08:41:20,028 | INFO | EPG FETCH: https://epgshare01.online/epgshare01/epg_ripper_EC1.xml.gz
2026-09-24 08:41:20,187 | INFO | EPG FETCH: https://epgshare01.online/epgshare01/epg_ripper_EG1.xml.gz
2026-09-24 08:41:20,296 | INFO | EPG FETCH: https://epgshare01.online/epgshare01/epg_ripper_ES1.xml.gz
2026-09-24 09:09:19,868 | INFO | EPG: loaded_sets=29
2026-09-24 09:09:19,873 | INFO | STREAM CHECK: 13542 unique URLs, workers=256
2026-09-24 09:09:20,106 | INFO | STREAM CHECK: cache hit=0 network=13542
2026-09-24 09:09:34,533 | INFO | STREAM CHECK: 1000/13542
2026-09-24 09:10:00,734 | INFO | STREAM CHECK: 2000/13542
2026-09-24 09:10:00,737 | INFO | STREAM CHECK: 3000/13542
2026-09-24 09:10:03,923 | INFO | STREAM CHECK: 4000/13542
2026-09-24 09:10:17,379 | INFO | STREAM CHECK: 5000/13542
2026-09-24 09:10:20,617 | INFO | STREAM CHECK: 6000/13542
2026-09-24 09:10:20,620 | INFO | STREAM CHECK: 7000/13542
2026-09-24 09:10:42,935 | INFO | STREAM CHECK: 8000/13542
2026-09-24 09:10:42,938 | INFO | STREAM CHECK: 9000/13542
2026-09-24 09:10:42,940 | INFO | STREAM CHECK: 10000/13542
2026-09-24 09:10:42,942 | INFO | STREAM CHECK: 11000/13542
2026-09-24 09:11:27,178 | INFO | STREAM CHECK: 12000/13542
2026-09-24 09:11:27,180 | INFO | STREAM CHECK: 13000/13542
2026-09-24 09:11:27,854 | INFO | GENERATING STRICTLY STABLE PLAYLIST...
2026-09-24 09:11:27,854 | INFO | STABLE STATE: 0 saved channel mappings loaded.
2026-09-24 09:11:27,858 | INFO | STRICTLY STABLE PLAYLIST: 0 verified entries written.
2026-09-24 09:11:27,858 | INFO | STRICTLY STABLE STATE: 0 active mappings saved.
2026-09-24 09:11:28,375 | INFO | ========================================================================
2026-09-24 09:11:28,375 | INFO | FINISHED
2026-09-24 09:11:28,375 | INFO | CHANNELS: 12570 | RU: 807 | STREAMS: 13542 | ALIVE: 10031
2026-09-24 09:11:28,375 | INFO | >=12 pool: 0 | >=12 alive: 0
2026-09-24 09:11:28,376 | INFO | STABLE: 0 verified entries
2026-09-24 09:11:28,376 | INFO | STABLE STATE: 0 active mappings
2026-09-24 09:11:28,376 | INFO | OUTPUT: /home/runner/work/IPTVru/IPTVru/mega_iptv_output
2026-09-24 09:11:28,376 | INFO | ========================================================================
